coefficient_case,n,method,mode,setup_seconds_q25,setup_seconds_median,setup_seconds_q75,solve_seconds_q25,solve_seconds_median,solve_seconds_q75,total_seconds_q25,total_seconds_median,total_seconds_q75,iterations_q25,iterations_median,iterations_q75
constant,64,cg,monitored,2.500019036233425e-07,3.00002284348011e-07,4.00003045797348e-07,0.005586850020335987,0.005635100009385496,0.005777849990408868,0.0055871000222396106,0.005635400011669844,0.00577819999307394,116.0,116.0,116.0
constant,64,cg,count-only,2.999731805175543e-07,3.00002284348011e-07,3.500026650726795e-07,0.0034448500373400748,0.0035531999892555177,0.005237949953880161,0.0034451500105205923,0.0035533999907784164,0.005238249956164509,116.0,116.0,116.0
constant,64,jacobi-pcg,monitored,9.114999556913972e-05,0.00010229996405541897,0.00012584999785758555,0.005751050019171089,0.00580800004536286,0.005824349995236844,0.005842200014740229,0.005910300009418279,0.005950199993094429,116.0,116.0,116.0
constant,64,jacobi-pcg,count-only,0.00011419999646022916,0.00012149999383836985,0.00012680000509135425,0.0036003499990329146,0.0036155999987386167,0.003881899989210069,0.003697299980558455,0.003738400002475828,0.003996099985670298,116.0,116.0,116.0
constant,64,amg-pcg,monitored,0.008249100006651133,0.008522299991454929,0.009702199982712045,0.004307500028517097,0.0045597999705933034,0.005039599986048415,0.012785150029230863,0.012840699986554682,0.014391699980478734,8.0,8.0,8.0
constant,64,amg-pcg,count-only,0.007858599972678348,0.008474400034174323,0.009397300018463284,0.0039422000118065625,0.004060300008859485,0.004100699967239052,0.011800499982200563,0.012567600002512336,0.013384300022153184,8.0,8.0,8.0
constant,128,cg,monitored,3.00002284348011e-07,3.9994483813643456e-07,4.00003045797348e-07,0.03071725001791492,0.031224399979691952,0.03648450004402548,0.030717600020579994,0.0312246999819763,0.03648484998848289,235.0,235.0,235.0
constant,128,cg,count-only,2.00001522898674e-07,3.00002284348011e-07,4.00003045797348e-07,0.017893799988087267,0.01910649996716529,0.020140300010098144,0.01789404998999089,0.01910689997021109,0.020140600012382492,235.0,235.0,235.0
constant,128,jacobi-pcg,monitored,0.00017954999930225313,0.00021319999359548092,0.0002734500158112496,0.033493149996502325,0.035648199962452054,0.04719864999060519,0.03369065001606941,0.03580189996864647,0.04740794998360798,235.0,235.0,235.0
constant,128,jacobi-pcg,count-only,0.0001317000132985413,0.0001501000369898975,0.0002365499676670879,0.019483249983750284,0.020908000005874783,0.02147814998170361,0.01967399998102337,0.021040600026026368,0.021651299961376935,235.0,235.0,235.0
constant,128,amg-pcg,monitored,0.021623099979478866,0.022064399963710457,0.024971799983177334,0.015839100000448525,0.016040400019846857,0.01654124999186024,0.03746219997992739,0.038403799990192056,0.041363549971720204,9.5,10.0,10.0
constant,128,amg-pcg,count-only,0.021326650021364912,0.021824800001922995,0.0264778999844566,0.014412849996006116,0.015280599996913224,0.016602499992586672,0.03573950001737103,0.03710539999883622,0.04308039997704327,9.5,10.0,10.0
constant,256,cg,monitored,2.500019036233425e-07,3.00002284348011e-07,3.00002284348011e-07,0.25324125002953224,0.2649268999812193,0.2853703500004485,0.2532415500318166,0.26492719998350367,0.2853705500019714,466.0,466.0,466.0
constant,256,cg,count-only,2.999731805175543e-07,4.00003045797348e-07,5.00003807246685e-07,0.13613515000906773,0.15169920003972948,0.1575297999952454,0.13613549998262897,0.1516993999830447,0.15753024999867193,466.0,466.0,466.0
constant,256,jacobi-pcg,monitored,0.0004736000264529139,0.0005183999892324209,0.0005571999936364591,0.26353055000072345,0.2881167999585159,0.3079022000019904,0.2640877499943599,0.28863519994774833,0.30837580002844334,466.0,466.0,466.0
constant,256,jacobi-pcg,count-only,0.0005238500016275793,0.0005658000009134412,0.0006191499996930361,0.15136864999658428,0.15855609998106956,0.18522574999951757,0.1518330000108108,0.1590995999868028,0.18581120000453666,466.0,466.0,466.0
constant,256,amg-pcg,monitored,0.07716045001870953,0.08145519997924566,0.0996101499767974,0.056340849987464026,0.05771979998098686,0.06833940002252348,0.1341394999762997,0.1411818999913521,0.1662775999866426,9.0,9.0,9.0
constant,256,amg-pcg,count-only,0.08397675002925098,0.086843199969735,0.09721445001196116,0.056503949977923185,0.05741459998534992,0.06126990000484511,0.14176455000415444,0.14769929996691644,0.15454240000690334,9.0,9.0,9.0
inclusion_c100,64,cg,monitored,2.500019036233425e-07,3.00002284348011e-07,4.00003045797348e-07,0.037205949978670105,0.03745329997036606,0.03896639999584295,0.03720619998057373,0.03745349997188896,0.0389666999981273,796.0,796.0,796.0
inclusion_c100,64,cg,count-only,2.00001522898674e-07,3.00002284348011e-07,4.500034265220165e-07,0.02271750001818873,0.02291290002176538,0.023411949980072677,0.022717800020473078,0.02291320002404973,0.023412149952491745,796.0,796.0,796.0
inclusion_c100,64,jacobi-pcg,monitored,0.00011459997040219605,0.00011900003300979733,0.00013464997755363584,0.006376300036208704,0.006586400035303086,0.006703249993734062,0.0064985500066541135,0.006666800007224083,0.006830249971244484,129.0,129.0,129.0
inclusion_c100,64,jacobi-pcg,count-only,0.00011339999036863446,0.00011690001701936126,0.00012429998605512083,0.003960850008297712,0.003992700017988682,0.004047399997944012,0.004074249998666346,0.004120600002352148,0.0041662000003270805,129.0,129.0,129.0
inclusion_c100,64,amg-pcg,monitored,0.007797900005243719,0.008698799996636808,0.010357599996495992,0.005136199994012713,0.0054021000396460295,0.006194899993715808,0.013141300005372614,0.013737900007981807,0.016491200018208474,10.0,10.0,10.0
inclusion_c100,64,amg-pcg,count-only,0.007523099979152903,0.008142200007569045,0.008607399999164045,0.004983550024917349,0.00519890000578016,0.005482899985508993,0.012538999988464639,0.01312550000147894,0.014090299984673038,10.0,10.0,10.0
inclusion_c100,128,cg,monitored,3.00002284348011e-07,3.00002284348011e-07,4.00003045797348e-07,0.25730850000400096,0.26792770001338795,0.2776069999963511,0.2573088000062853,0.26792810001643375,0.2776072999986354,1957.0,1957.0,1957.0
inclusion_c100,128,cg,count-only,2.00001522898674e-07,2.9994407668709755e-07,3.00002284348011e-07,0.14972660000785254,0.15200160001404583,0.1622683000168763,0.14972685000975616,0.15200180001556873,0.16226859999005683,1957.0,1957.0,1957.0
inclusion_c100,128,jacobi-pcg,monitored,0.00022284997976385057,0.0002280999906361103,0.00023979999241419137,0.03677370000514202,0.03805749997263774,0.0405828999937512,0.03702044999226928,0.03827899997122586,0.04075609997380525,264.0,264.0,264.0
inclusion_c100,128,jacobi-pcg,count-only,0.00013634999049827456,0.00019160000374540687,0.00028830001247115433,0.02208115000394173,0.022119600034784526,0.025201499985996634,0.022234750009374693,0.02233840001281351,0.02545260000624694,264.0,264.0,264.0
inclusion_c100,128,amg-pcg,monitored,0.02064190001692623,0.021080799982883036,0.023333299992373213,0.01874810000299476,0.01932630001101643,0.02133529999991879,0.03939000001992099,0.04235070000868291,0.04369679998490028,12.0,12.0,12.0
inclusion_c100,128,amg-pcg,count-only,0.02100500001688488,0.021497600013390183,0.023545850010123104,0.018091600009938702,0.018270200002007186,0.018422649998683482,0.039181150030344725,0.03976780001539737,0.04160799999954179,12.0,12.0,12.0
inclusion_c100,256,cg,monitored,3.00002284348011e-07,3.00002284348011e-07,4.00003045797348e-07,2.2716321499901824,2.333737700013444,2.4591604999732226,2.271632549993228,2.333738000015728,2.459160799975507,4368.0,4368.0,4368.0
inclusion_c100,256,cg,count-only,3.00002284348011e-07,4.00003045797348e-07,5.00003807246685e-07,1.2650811499916017,1.3310854000155814,1.5736228000023402,1.2650815999950282,1.3310857000178657,1.573623200005386,4368.0,4368.0,4368.0
inclusion_c100,256,jacobi-pcg,monitored,0.0004930499999318272,0.0005033999914303422,0.0006426500040106475,0.3001407499832567,0.30911319999722764,0.3651945499877911,0.3005488000053447,0.309616599988658,0.36575359996641055,535.0,535.0,535.0
inclusion_c100,256,jacobi-pcg,count-only,0.000572400022065267,0.000659500015899539,0.0007539000071119517,0.17211075001978315,0.1882746999617666,0.20251344999996945,0.17253840001649223,0.1890259999781847,0.20319660002132878,535.0,535.0,535.0
inclusion_c100,256,amg-pcg,monitored,0.08033640001667663,0.08224059996427968,0.09193615001277067,0.07330315001308918,0.07471929996972904,0.0763563999789767,0.15222125002765097,0.156225299986545,0.16829254999174736,12.0,12.0,12.0
inclusion_c100,256,amg-pcg,count-only,0.07838094999897294,0.08389720000559464,0.09266244998434559,0.06987924998975359,0.07191769999917597,0.084587699995609,0.15123794999090023,0.15233700000680983,0.1747266999736894,12.0,12.0,12.0
checkerboard_c100,64,cg,monitored,2.500019036233425e-07,3.00002284348011e-07,5.00003807246685e-07,0.02111935001448728,0.021555199986323714,0.024001849989872426,0.021119700017152354,0.021555499988608062,0.024002249992918223,443.0,443.0,443.0
checkerboard_c100,64,cg,count-only,3.500026650726795e-07,4.00003045797348e-07,4.00003045797348e-07,0.013265049987239763,0.01406780001707375,0.02206314998329617,0.01326544999028556,0.014068200020119548,0.022063499985961244,443.0,443.0,443.0
checkerboard_c100,64,jacobi-pcg,monitored,0.00010210002074018121,0.00011639995500445366,0.00013589998707175255,0.008381599996937439,0.008571699960157275,0.009069450024981052,0.008504649973474443,0.008686999964993447,0.009175000013783574,171.0,171.0,171.0
checkerboard_c100,64,jacobi-pcg,count-only,0.00012115002027712762,0.00012640003114938736,0.0001278999843634665,0.0053880499908700585,0.005512300005648285,0.005662549985572696,0.005500550003489479,0.00562860001809895,0.005789749993709847,171.0,171.0,171.0
checkerboard_c100,64,amg-pcg,monitored,0.007852849987102672,0.008108299982268363,0.008685150009114295,0.006461950019001961,0.006521500006783754,0.006615949998376891,0.014302099996712059,0.014629799989052117,0.015301100007491186,13.0,13.0,13.0
checkerboard_c100,64,amg-pcg,count-only,0.007595950009999797,0.007858299999497831,0.009219650033628568,0.0062404999625869095,0.006360700004734099,0.00705765001475811,0.013892499991925433,0.014410100062377751,0.01608270002179779,13.0,13.0,13.0
checkerboard_c100,128,cg,monitored,3.00002284348011e-07,3.00002284348011e-07,4.00003045797348e-07,0.1427055999811273,0.1460351999849081,0.15547289999085478,0.1427059999841731,0.14603549998719245,0.1554731499927584,1050.0,1050.0,1050.0
checkerboard_c100,128,cg,count-only,3.00002284348011e-07,3.00002284348011e-07,4.500034265220165e-07,0.08138315001269802,0.0834801000310108,0.08756310000899248,0.08138345001498237,0.08348040003329515,0.087563550012419,1050.0,1050.0,1050.0
checkerboard_c100,128,jacobi-pcg,monitored,0.00015295002958737314,0.00019649998284876347,0.00022839999292045832,0.04808584999409504,0.049945899983868,0.0529188999789767,0.04831785001442768,0.0501819999772124,0.053068999986862764,350.0,350.0,350.0
checkerboard_c100,128,jacobi-pcg,count-only,0.00015694997273385525,0.00024719996144995093,0.00026220001745969057,0.028548849979415536,0.02940410003066063,0.033923700015293434,0.02874310000333935,0.02965129999211058,0.03414040000643581,350.0,350.0,350.0
checkerboard_c100,128,amg-pcg,monitored,0.02180479996604845,0.02338979998603463,0.025881400011712685,0.026725700008682907,0.027437500015366822,0.033114599995315075,0.04856804996961728,0.050707099959254265,0.05899600000702776,17.0,17.0,17.0
checkerboard_c100,128,amg-pcg,count-only,0.021945749991573393,0.02339759998722002,0.0307040500047151,0.02595265000127256,0.026648900005966425,0.028312250011367723,0.048176699987379834,0.050046499993186444,0.05828245001612231,17.0,17.0,17.0
checkerboard_c100,256,cg,monitored,3.00002284348011e-07,4.00003045797348e-07,4.500034265220165e-07,1.2112824500072747,1.278470799967181,1.330115399992792,1.2112828000099398,1.2784710999694653,1.3301157999958377,2268.0,2268.0,2268.0
checkerboard_c100,256,cg,count-only,2.00001522898674e-07,3.00002284348011e-07,3.00002284348011e-07,0.6426847999973688,0.717982700036373,0.7234010999964084,0.6426850499992725,0.7179830000386573,0.7234012999979313,2268.0,2268.0,2268.0
checkerboard_c100,256,jacobi-pcg,monitored,0.00040725001599639654,0.00045870000030845404,0.0006773999775759876,0.3789678999746684,0.40817920002155006,0.4858517999819014,0.3796452999522444,0.4086379000218585,0.4861732999852393,718.0,718.0,718.0
checkerboard_c100,256,jacobi-pcg,count-only,0.000577000027988106,0.0006812000065110624,0.0009176500025205314,0.22322429998894222,0.2533151999814436,0.30098759999964386,0.22380385000724345,0.2540716999792494,0.3017593999975361,718.0,718.0,718.0
checkerboard_c100,256,amg-pcg,monitored,0.08495104999747127,0.08590280002681538,0.09364039998035878,0.10433714999817312,0.1063655000180006,0.12286330002825707,0.18903969999519177,0.19230790005531162,0.21648390000336803,17.0,17.0,17.0
checkerboard_c100,256,amg-pcg,count-only,0.07768404998932965,0.08275120001053438,0.09458044997882098,0.09871455002576113,0.10030709998682141,0.10427380001056008,0.17780015000607818,0.18023779999930412,0.19885424998938106,17.0,17.0,17.0
