coefficient_case,n,method,repeat,solve_ratio,total_ratio
constant,64,cg,0,1.6762553562730433,1.676254504140584
constant,64,cg,1,1.5756501292987555,1.575645871365197
constant,64,cg,2,1.5744977469169956,1.574448733120068
constant,64,cg,3,1.665949511406997,1.6656608605892782
constant,64,cg,4,1.1475968124854856,1.147568738595365
constant,64,cg,5,1.0558751450297181,1.055872004305875
constant,64,cg,6,3.3461372663884212,3.346064613821203
constant,64,jacobi-pcg,0,1.4294433460269609,1.4256797314219318
constant,64,jacobi-pcg,1,1.578573061398676,1.5358596125810082
constant,64,jacobi-pcg,2,1.6219155113004577,1.5986515539192805
constant,64,jacobi-pcg,3,1.5783852674287067,1.550476142371666
constant,64,jacobi-pcg,4,1.5765044518172147,1.5541560298668406
constant,64,jacobi-pcg,5,1.6034683111076802,1.5992015121123284
constant,64,jacobi-pcg,6,2.2369190760338453,2.2283388967774047
constant,64,amg-pcg,0,1.1650867394836766,0.9191164333162639
constant,64,amg-pcg,1,1.2795992969800947,1.062587581724474
constant,64,amg-pcg,2,1.052232985934144,1.057966518451017
constant,64,amg-pcg,3,1.0492860139321643,1.0665122209093072
constant,64,amg-pcg,4,1.2491687707205217,1.2101438461805196
constant,64,amg-pcg,5,1.0486344549513196,1.1279781346834887
constant,64,amg-pcg,6,0.6372800183502455,0.6652361578906892
constant,128,cg,0,1.7089807360703426,1.7089840979930717
constant,128,cg,1,1.769952701903324,1.7699393943279864
constant,128,cg,2,2.0912464409061013,2.091218358858777
constant,128,cg,3,1.5820254682735793,1.58202947150038
constant,128,cg,4,1.6664351662816892,1.6664387860139116
constant,128,cg,5,1.6084024831586654,1.6083847964937255
constant,128,cg,6,1.4020779817038636,1.4020744178416478
constant,128,jacobi-pcg,0,2.735849678694982,2.732084255497126
constant,128,jacobi-pcg,1,1.6983364604540283,1.701477291442989
constant,128,jacobi-pcg,2,1.8888270907114075,1.8772213615561892
constant,128,jacobi-pcg,3,1.607718470242283,1.6020675298740454
constant,128,jacobi-pcg,4,1.6195932298512992,1.6139495463261593
constant,128,jacobi-pcg,5,1.7050028674400006,1.7015626894841862
constant,128,jacobi-pcg,6,0.8071200284390951,0.8068891411212841
constant,128,amg-pcg,0,1.1541504944432301,1.0840068665172347
constant,128,amg-pcg,1,1.0659888857848836,1.040968746343515
constant,128,amg-pcg,2,1.0368177489345576,1.0211635565316146
constant,128,amg-pcg,3,0.9213497102168188,0.8091449616515449
constant,128,amg-pcg,4,1.1898420212801273,1.2129867715809384
constant,128,amg-pcg,5,1.0438464444833149,1.0132972552110622
constant,128,amg-pcg,6,1.0148114502824304,1.0476815545220248
constant,256,cg,0,1.9653768252415222,1.965373218685077
constant,256,cg,1,1.8365311944682388,1.8365280207211179
constant,256,cg,2,1.8233958815825881,1.8233940570475449
constant,256,cg,3,1.6808724103706765,1.6808721725522153
constant,256,cg,4,1.8568886644947,1.8568863757707381
constant,256,cg,5,1.7670419214657258,1.767036512839637
constant,256,cg,6,1.8980645804646579,1.898063829649779
constant,256,jacobi-pcg,0,1.762143426181503,1.7582301192931307
constant,256,jacobi-pcg,1,1.7136541162835697,1.712277449427747
constant,256,jacobi-pcg,2,1.760561474865636,1.7585699681179388
constant,256,jacobi-pcg,3,1.9303251538197579,1.9265983030577087
constant,256,jacobi-pcg,4,1.8171284484981338,1.8141792937989187
constant,256,jacobi-pcg,5,1.4405754424788506,1.4386599330891965
constant,256,jacobi-pcg,6,2.098194703347602,2.0943881841236407
constant,256,amg-pcg,0,0.948463670587832,0.9093320009409177
constant,256,amg-pcg,1,1.041299521804461,0.9677629765682751
constant,256,amg-pcg,2,0.8847231925158285,0.9101417009360736
constant,256,amg-pcg,3,1.0110496253308598,1.0213667391579144
constant,256,amg-pcg,4,1.0402702453269115,0.8996592072428392
constant,256,amg-pcg,5,1.3443457787793895,1.2501961794260392
constant,256,amg-pcg,6,1.283425321672797,1.510616787984252
inclusion_c100,64,cg,0,1.6293677988470825,1.629362326977521
inclusion_c100,64,cg,1,1.634122958544155,1.634108755272536
inclusion_c100,64,cg,2,1.6255396893611866,1.6255385888080625
inclusion_c100,64,cg,3,1.629082305719843,1.6290697048221112
inclusion_c100,64,cg,4,1.5939968553480544,1.59399606670174
inclusion_c100,64,cg,5,1.7654269683652037,1.7654090131509224
inclusion_c100,64,cg,6,1.473106507039462,1.4731046369363863
inclusion_c100,64,jacobi-pcg,0,1.6934179950275965,1.7111363361439067
inclusion_c100,64,jacobi-pcg,1,1.5810888204115965,1.5636469067285756
inclusion_c100,64,jacobi-pcg,2,1.6058666669820352,1.5903278490320771
inclusion_c100,64,jacobi-pcg,3,1.6017231461894428,1.5825607921214238
inclusion_c100,64,jacobi-pcg,4,1.6982330172078717,1.678185316475835
inclusion_c100,64,jacobi-pcg,5,1.616730906936339,1.5908179790280192
inclusion_c100,64,jacobi-pcg,6,1.64283725279323,1.648462957011085
inclusion_c100,64,amg-pcg,0,1.0253822212119306,0.9917697443528074
inclusion_c100,64,amg-pcg,1,0.9556419538919819,0.9762786315191401
inclusion_c100,64,amg-pcg,2,1.1086428652508242,0.9759704380738583
inclusion_c100,64,amg-pcg,3,1.1177760817087223,1.2540711424183524
inclusion_c100,64,amg-pcg,4,1.205926788958446,1.2351352694735525
inclusion_c100,64,amg-pcg,5,0.9929215816549392,1.0630365507790607
inclusion_c100,64,amg-pcg,6,1.0059828684670598,1.1514002792590075
inclusion_c100,128,cg,0,1.7233973920536467,1.7233970898977773
inclusion_c100,128,cg,1,1.7561755188774073,1.7561751725114336
inclusion_c100,128,cg,2,1.6489576425027903,1.6489581043986763
inclusion_c100,128,cg,3,1.722366398408859,1.7223656481378469
inclusion_c100,128,cg,4,1.8309137965947437,1.8309121515417148
inclusion_c100,128,cg,5,1.6438456441782179,1.6438445016724648
inclusion_c100,128,cg,6,0.832468641392521,0.8324688294461291
inclusion_c100,128,jacobi-pcg,0,1.6129898727339003,1.6143775542242813
inclusion_c100,128,jacobi-pcg,1,1.6906730513980714,1.6879385554608382
inclusion_c100,128,jacobi-pcg,2,1.5935331391271186,1.5958569093815766
inclusion_c100,128,jacobi-pcg,3,1.7205329170866481,1.7186742296552937
inclusion_c100,128,jacobi-pcg,4,1.7593852865547008,1.7498970361970487
inclusion_c100,128,jacobi-pcg,5,1.581294871591437,1.5625156505446074
inclusion_c100,128,jacobi-pcg,6,0.5762943510754873,0.5768138844534161
inclusion_c100,128,amg-pcg,0,1.171630649167605,1.0938019758505286
inclusion_c100,128,amg-pcg,1,0.9954078772152889,1.0148348591475294
inclusion_c100,128,amg-pcg,2,1.0362531818080898,0.9869259780678332
inclusion_c100,128,amg-pcg,3,1.0301364695727822,0.9935732493293032
inclusion_c100,128,amg-pcg,4,1.1870087807459746,1.023507841181373
inclusion_c100,128,amg-pcg,5,1.0578045127526363,1.0830596599821205
inclusion_c100,128,amg-pcg,6,0.5409431519108187,0.6486310276189251
inclusion_c100,256,cg,0,1.8061901859372318,1.8061895793794092
inclusion_c100,256,cg,1,1.8517920048334384,1.8517917095788838
inclusion_c100,256,cg,2,1.8431432160928003,1.8431430117894847
inclusion_c100,256,cg,3,1.6988366786693432,1.698836671418813
inclusion_c100,256,cg,4,1.7862138502424885,1.7862135434196231
inclusion_c100,256,cg,5,1.3946774567275346,1.3946773131729642
inclusion_c100,256,cg,6,1.7689677632765997,1.7689676490182449
inclusion_c100,256,jacobi-pcg,0,1.933922849578562,1.9291126497632527
inclusion_c100,256,jacobi-pcg,1,1.7658096010027737,1.7644341966056833
inclusion_c100,256,jacobi-pcg,2,1.6534322783319262,1.6522032135079654
inclusion_c100,256,jacobi-pcg,3,1.5984872106718178,1.5946949098845662
inclusion_c100,256,jacobi-pcg,4,1.4469430618476986,1.445710162512754
inclusion_c100,256,jacobi-pcg,5,2.2078771399375015,2.2017426819012096
inclusion_c100,256,jacobi-pcg,6,3.006495135900825,3.0011762466164003
inclusion_c100,256,amg-pcg,0,0.7833927974221411,0.7658194060642967
inclusion_c100,256,amg-pcg,1,1.0097875766987146,1.007707193833253
inclusion_c100,256,amg-pcg,2,1.0810186473506889,1.0255243307900337
inclusion_c100,256,amg-pcg,3,1.034890486998565,0.9762625291879897
inclusion_c100,256,amg-pcg,4,1.080788236543151,1.1748538428944422
inclusion_c100,256,amg-pcg,5,1.0294147538325868,1.1131628327587544
inclusion_c100,256,amg-pcg,6,1.1762004254004805,1.0786278275443504
checkerboard_c100,64,cg,0,1.121553193470693,1.1215457228677919
checkerboard_c100,64,cg,1,0.9289001302159897,0.9289050970342155
checkerboard_c100,64,cg,2,1.6932068083338698,1.6931904727336542
checkerboard_c100,64,cg,3,1.6447295006712062,1.6447172631803015
checkerboard_c100,64,cg,4,1.704808138648945,1.7047809904591933
checkerboard_c100,64,cg,5,1.542283961222655,1.5422533696858474
checkerboard_c100,64,cg,6,0.7765809376673282,0.7765821535011166
checkerboard_c100,64,jacobi-pcg,0,1.5494692206022644,1.5376454646727808
checkerboard_c100,64,jacobi-pcg,1,1.5045080974308154,1.4892157914324562
checkerboard_c100,64,jacobi-pcg,2,1.5499580451003192,1.5277937895746858
checkerboard_c100,64,jacobi-pcg,3,1.5918945671536102,1.5757333816776093
checkerboard_c100,64,jacobi-pcg,4,1.6522164442121903,1.6403628711772595
checkerboard_c100,64,jacobi-pcg,5,1.5993171036742886,1.591433693310312
checkerboard_c100,64,jacobi-pcg,6,2.9627192165905147,2.9231120743236745
checkerboard_c100,64,amg-pcg,0,0.8956309280567938,0.8678918329384385
checkerboard_c100,64,amg-pcg,1,1.0354277730752226,1.0581524444762427
checkerboard_c100,64,amg-pcg,2,0.9651854875705793,0.9531807936127557
checkerboard_c100,64,amg-pcg,3,1.0700353789158528,1.063469370464969
checkerboard_c100,64,amg-pcg,4,1.0436737896824158,1.0686486484349076
checkerboard_c100,64,amg-pcg,5,1.013300423512963,1.0016319696130354
checkerboard_c100,64,amg-pcg,6,1.2492235219072083,1.1269049473203188
checkerboard_c100,128,cg,0,2.01279701077036,2.0127919121585274
checkerboard_c100,128,cg,1,1.7311849949677751,1.731184757824356
checkerboard_c100,128,cg,2,1.7092546081379902,1.709251986004519
checkerboard_c100,128,cg,3,1.6257709420661657,1.6257652322372802
checkerboard_c100,128,cg,4,1.7263084251043852,1.7263058149804928
checkerboard_c100,128,cg,5,1.7763003943617643,1.776295581741064
checkerboard_c100,128,cg,6,1.9816880558127377,1.9816858605091807
checkerboard_c100,128,jacobi-pcg,0,1.7005279495543923,1.7030076107573155
checkerboard_c100,128,jacobi-pcg,1,1.686433526207605,1.6842394583752005
checkerboard_c100,128,jacobi-pcg,2,1.6520833557733046,1.6447433010558823
checkerboard_c100,128,jacobi-pcg,3,1.787686067903206,1.7762796238607221
checkerboard_c100,128,jacobi-pcg,4,1.5064455212588221,1.5016862604553762
checkerboard_c100,128,jacobi-pcg,5,1.5355580141839877,1.533658217598267
checkerboard_c100,128,jacobi-pcg,6,0.7734530146331515,0.7712895194781476
checkerboard_c100,128,amg-pcg,0,0.8893778069784625,0.7076580667145692
checkerboard_c100,128,amg-pcg,1,1.0646202672809437,0.9805104168577132
checkerboard_c100,128,amg-pcg,2,1.0376371665611637,1.000305544193199
checkerboard_c100,128,amg-pcg,3,1.277002767924944,1.2923249613752181
checkerboard_c100,128,amg-pcg,4,1.0250817094553082,1.0131997235802255
checkerboard_c100,128,amg-pcg,5,1.2032165975929385,1.155504042819995
checkerboard_c100,128,amg-pcg,6,1.1478045902426541,0.9729374321673261
checkerboard_c100,256,cg,0,1.5866624640782192,1.5866623582270807
checkerboard_c100,256,cg,1,1.807106011617609,1.8071060712965101
checkerboard_c100,256,cg,2,1.963252204454177,1.9632517521670616
checkerboard_c100,256,cg,3,2.1751376675597665,2.175137101748503
checkerboard_c100,256,cg,4,1.7781504614442645,1.7781503840710464
checkerboard_c100,256,cg,5,1.7929784446416346,1.792978638929631
checkerboard_c100,256,cg,6,1.6376149535360283,1.6376150073118327
checkerboard_c100,256,jacobi-pcg,0,1.7638118451904474,1.761826383319766
checkerboard_c100,256,jacobi-pcg,1,1.8319296204415085,1.8300630968743
checkerboard_c100,256,jacobi-pcg,2,1.670327694827516,1.667203855127666
checkerboard_c100,256,jacobi-pcg,3,1.4486136927878415,1.4443596916636412
checkerboard_c100,256,jacobi-pcg,4,1.7525608412800417,1.7483879550926853
checkerboard_c100,256,jacobi-pcg,5,1.5466925310283508,1.546140129310883
checkerboard_c100,256,jacobi-pcg,6,1.5406852785284886,1.5405189757952622
checkerboard_c100,256,amg-pcg,0,1.0414020096195635,1.0469089041962594
checkerboard_c100,256,amg-pcg,1,1.3889495364368256,1.3389694966763048
checkerboard_c100,256,amg-pcg,2,1.0914843685260731,1.066967639729591
checkerboard_c100,256,amg-pcg,3,1.06216360348284,1.0990222389190767
checkerboard_c100,256,amg-pcg,4,1.0007835054685879,0.917520332506685
checkerboard_c100,256,amg-pcg,5,1.0225741078863322,1.0216403862820285
checkerboard_c100,256,amg-pcg,6,1.4037692284045173,1.412169400856805
