descriptor,response,n_group,spearman_rho,fisher_z_diagnostic_low,fisher_z_diagnostic_high,case_resampling_low,case_resampling_high,permutation_p,n_permutations,n_case_resamples,n_samples,description
contrast_observed,cg_iterations,all,0.6326129568576299,0.3961718826471339,0.7903716822100227,,,0.0002,4999,0,39,Observed coefficient contrast vs Unpreconditioned CG iterations
contrast_observed,selected_speedup_vs_cg,all,0.6802600364253222,0.46442399897573683,0.8198168190166968,,,0.0002,4999,0,39,Observed coefficient contrast vs Selected-solver speedup over CG
grad_logk_inf,cg_iterations,all,0.8182510508636158,0.6776963220882911,0.9011231843068248,,,0.0002,4999,0,39,Discrete maximum log-conductivity gradient vs Unpreconditioned CG iterations
grad_logk_inf,selected_speedup_vs_cg,all,0.8032614289391431,0.6533247521343474,0.8925645347081034,,,0.0002,4999,0,39,Discrete maximum log-conductivity gradient vs Selected-solver speedup over CG
total_variation_proxy,cg_iterations,all,0.4322737484837543,0.13519605137038176,0.6580407886406292,,,0.0066,4999,0,39,Discrete total-variation proxy vs Unpreconditioned CG iterations
total_variation_proxy,selected_speedup_vs_cg,all,0.4158736671595463,0.11551378406952119,0.6465531023047811,,,0.0114,4999,0,39,Discrete total-variation proxy vs Selected-solver speedup over CG
condition_estimate,cg_iterations,all,0.866663478430494,0.7585771539803585,0.9283310825381251,,,0.0002,4999,0,39,Matched spectral condition estimate vs Unpreconditioned CG iterations
condition_estimate,selected_speedup_vs_cg,all,0.9403962133022247,0.8885098413365866,0.9685374964701898,,,0.0002,4999,0,39,Matched spectral condition estimate vs Selected-solver speedup over CG
contrast_observed,cg_iterations,64,0.8939803125353484,0.6759454879646727,0.9681057521286648,0.6292366771530848,0.9844293390566464,0.0002,4999,1999,13,Observed coefficient contrast vs Unpreconditioned CG iterations
contrast_observed,selected_speedup_vs_cg,64,0.8157570351885054,0.4809398193740588,0.9429254890342524,0.4608663040735055,0.96046384442624,0.002,4999,1999,13,Observed coefficient contrast vs Selected-solver speedup over CG
grad_logk_inf,cg_iterations,64,0.8303519364560459,0.5149726562889795,0.9477366299304442,0.4280178349315643,0.9823343928927556,0.001,4999,1999,13,Discrete maximum log-conductivity gradient vs Unpreconditioned CG iterations
grad_logk_inf,selected_speedup_vs_cg,64,0.7420753186268316,0.32326367295375164,0.9177981221073626,0.32490485781668743,0.9551945569314076,0.0048,4999,1999,13,Discrete maximum log-conductivity gradient vs Selected-solver speedup over CG
total_variation_proxy,cg_iterations,64,0.6538461538461539,0.16078530465149604,0.8857363974286148,0.061790733992712135,0.9605744269538802,0.0184,4999,1999,13,Discrete total-variation proxy vs Unpreconditioned CG iterations
total_variation_proxy,selected_speedup_vs_cg,64,0.46703296703296704,-0.11304097766688864,0.8096678240257275,-0.174335585289556,0.9831956246185625,0.1078,4999,1999,13,Discrete total-variation proxy vs Selected-solver speedup over CG
condition_estimate,cg_iterations,64,0.9505494505494505,0.8389600674391877,0.9854279330069599,0.7288135593220338,1.0,0.0002,4999,1999,13,Matched spectral condition estimate vs Unpreconditioned CG iterations
condition_estimate,selected_speedup_vs_cg,64,0.9615384615384616,0.8731338498810959,0.9887110283826468,0.811058348851645,1.0,0.0002,4999,1999,13,Matched spectral condition estimate vs Selected-solver speedup over CG
contrast_observed,cg_iterations,128,0.8939803125353484,0.6759454879646727,0.9681057521286648,0.6553525053761191,0.9872117062055817,0.0002,4999,1999,13,Observed coefficient contrast vs Unpreconditioned CG iterations
contrast_observed,selected_speedup_vs_cg,128,0.8604560508152728,0.5884577804462204,0.9574945104619731,0.5537145545666461,0.9813094434321963,0.0004,4999,1999,13,Observed coefficient contrast vs Selected-solver speedup over CG
grad_logk_inf,cg_iterations,128,0.8303519364560459,0.5149726562889795,0.9477366299304442,0.440961841659398,0.9856610142310382,0.001,4999,1999,13,Discrete maximum log-conductivity gradient vs Unpreconditioned CG iterations
grad_logk_inf,selected_speedup_vs_cg,128,0.7696617616984611,0.3796943029181267,0.9273735939005401,0.36568799662193274,0.9508144215369014,0.0038,4999,1999,13,Discrete maximum log-conductivity gradient vs Selected-solver speedup over CG
total_variation_proxy,cg_iterations,128,0.6538461538461539,0.16078530465149604,0.8857363974286148,0.03388878308893544,0.9608938547486033,0.016,4999,1999,13,Discrete total-variation proxy vs Unpreconditioned CG iterations
total_variation_proxy,selected_speedup_vs_cg,128,0.5659340659340659,0.02172221405323008,0.8514264278866197,-0.028537932138284244,0.9329608938547486,0.0458,4999,1999,13,Discrete total-variation proxy vs Selected-solver speedup over CG
condition_estimate,cg_iterations,128,0.9560439560439561,0.8559376496667069,0.9870727356843779,0.7604456824512534,1.0,0.0002,4999,1999,13,Matched spectral condition estimate vs Unpreconditioned CG iterations
condition_estimate,selected_speedup_vs_cg,128,0.9395604395604396,0.8056442903390352,0.9821186418857363,0.7412421630094045,0.9886685552407932,0.0002,4999,1999,13,Matched spectral condition estimate vs Selected-solver speedup over CG
contrast_observed,cg_iterations,256,0.8939803125353484,0.6759454879646727,0.9681057521286648,0.6142504602142531,0.9859346018403783,0.0002,4999,1999,13,Observed coefficient contrast vs Unpreconditioned CG iterations
contrast_observed,selected_speedup_vs_cg,256,0.849281296908581,0.5606451199191382,0.9538980862677348,0.5547688441684467,0.9743643420781403,0.001,4999,1999,13,Observed coefficient contrast vs Selected-solver speedup over CG
grad_logk_inf,cg_iterations,256,0.8303519364560459,0.5149726562889795,0.9477366299304442,0.4226621853080915,0.9829533589469418,0.0008,4999,1999,13,Discrete maximum log-conductivity gradient vs Unpreconditioned CG iterations
grad_logk_inf,selected_speedup_vs_cg,256,0.7696617616984611,0.3796943029181267,0.9273735939005401,0.36432989038735264,0.9448739624394891,0.0034,4999,1999,13,Discrete maximum log-conductivity gradient vs Selected-solver speedup over CG
total_variation_proxy,cg_iterations,256,0.6538461538461539,0.16078530465149604,0.8857363974286148,0.06351776878092669,0.9602329062580479,0.0164,4999,1999,13,Discrete total-variation proxy vs Unpreconditioned CG iterations
total_variation_proxy,selected_speedup_vs_cg,256,0.532967032967033,-0.025509234345909043,0.8378977840618651,-0.11114294810569882,0.9323943661971831,0.068,4999,1999,13,Discrete total-variation proxy vs Selected-solver speedup over CG
condition_estimate,cg_iterations,256,0.9560439560439561,0.8559376496667069,0.9870727356843779,0.7613296425796425,1.0,0.0002,4999,1999,13,Matched spectral condition estimate vs Unpreconditioned CG iterations
condition_estimate,selected_speedup_vs_cg,256,0.9505494505494505,0.8389600674391877,0.9854279330069599,0.7774853801169591,0.9943661971830986,0.0002,4999,1999,13,Matched spectral condition estimate vs Selected-solver speedup over CG
