coefficient_case,family,contrast_target,contrast_observed,grad_logk_inf,total_variation_proxy,n,n_unknowns,method,tolerance,converged,iterations,setup_seconds,solve_seconds,total_seconds,residual_norm,memory_estimate_mb,best_method,is_best,speedup_vs_cg
constant,constant,1.0,1.0,0.0,0.0,64,3844,cg,1e-08,True,116,5.00003807246685e-07,0.009842899977229536,0.009843399981036782,7.1195348044133394e-09,0.3197669982910156,jacobi-pcg,False,1.0
constant,constant,1.0,1.0,0.0,0.0,64,3844,jacobi-pcg,1e-08,True,116,0.00013770000077784061,0.007163099944591522,0.007300799945369363,7.1195407181813896e-09,0.3197669982910156,jacobi-pcg,True,1.3482632115238413
constant,constant,1.0,1.0,0.0,0.0,64,3844,amg-pcg,1e-08,True,8,0.12623519997578114,0.005385300028137863,0.131620500003919,3.318146298809925e-09,0.3197669982910156,jacobi-pcg,False,0.07478622236462933
constant,constant,1.0,1.0,0.0,0.0,128,15876,cg,1e-08,True,235,7.00005330145359e-07,0.1865931999636814,0.18659389996901155,9.50404988287223e-09,1.3266029357910156,amg-pcg,False,1.0
constant,constant,1.0,1.0,0.0,0.0,128,15876,jacobi-pcg,1e-08,True,235,0.00013860000763088465,0.20309790002647787,0.20323650003410876,9.504086634597289e-09,1.3266029357910156,amg-pcg,False,0.9181121498239533
constant,constant,1.0,1.0,0.0,0.0,128,15876,amg-pcg,1e-08,True,10,0.06589770002756268,0.029059700085781515,0.09495740011334419,9.207025983840692e-10,1.3266029357910156,amg-pcg,True,1.9650274728066175
constant,constant,1.0,1.0,0.0,0.0,256,64516,cg,1e-08,True,466,8.00006091594696e-07,0.6715439000399783,0.6715447000460699,9.709796185319237e-09,5.402774810791016,amg-pcg,False,1.0
constant,constant,1.0,1.0,0.0,0.0,256,64516,jacobi-pcg,1e-08,True,466,0.000969699933193624,0.8662092000013217,0.8671788999345154,9.709851023876624e-09,5.402774810791016,amg-pcg,False,0.7744015682309399
constant,constant,1.0,1.0,0.0,0.0,256,64516,amg-pcg,1e-08,True,9,0.2504771000239998,0.10912219993770123,0.35959929996170104,4.772598553180436e-09,5.402774810791016,amg-pcg,True,1.8674805543770316
smooth_c3,smooth,3.0,2.997515386722866,3.617291225628967,2.5451600517251203,64,3844,cg,1e-08,True,177,5.00003807246685e-07,0.01604849996510893,0.016048999968916178,9.584532107532514e-09,0.3197669982910156,jacobi-pcg,False,1.0
smooth_c3,smooth,3.0,2.997515386722866,3.617291225628967,2.5451600517251203,64,3844,jacobi-pcg,1e-08,True,146,0.00010569998994469643,0.01305730000603944,0.013162999995984137,8.36328337424542e-09,0.3197669982910156,jacobi-pcg,True,1.2192509286494357
smooth_c3,smooth,3.0,2.997515386722866,3.617291225628967,2.5451600517251203,64,3844,amg-pcg,1e-08,True,8,0.01705470005981624,0.008231799933128059,0.0252864999929443,3.810624805609883e-09,0.3197669982910156,jacobi-pcg,False,0.6346864917404281
smooth_c3,smooth,3.0,2.9993882080928143,3.625320120861166,2.5461544686712956,128,15876,cg,1e-08,True,372,4.00003045797348e-07,0.3508187000406906,0.3508191000437364,8.769206177474398e-09,1.3266029357910156,amg-pcg,False,1.0
smooth_c3,smooth,3.0,2.9993882080928143,3.625320120861166,2.5461544686712956,128,15876,jacobi-pcg,1e-08,True,298,0.00015540001913905144,0.2734466000692919,0.27360200008843094,9.648233096408127e-09,1.3266029357910156,amg-pcg,False,1.2822241793932359
smooth_c3,smooth,3.0,2.9993882080928143,3.625320120861166,2.5461544686712956,128,15876,amg-pcg,1e-08,True,9,0.06929110002238303,0.02968529995996505,0.09897639998234808,8.863182498838213e-09,1.3266029357910156,amg-pcg,True,3.5444722186935786
smooth_c3,smooth,3.0,2.9998482259887167,3.626953919346322,2.546398567465192,256,64516,cg,1e-08,True,770,5.00003807246685e-07,1.2285448000766337,1.228545300080441,9.710644507811612e-09,5.402774810791016,amg-pcg,False,1.0
smooth_c3,smooth,3.0,2.9998482259887167,3.626953919346322,2.546398567465192,256,64516,jacobi-pcg,1e-08,True,605,0.00032750004902482033,0.8947274999227375,0.8950549999717623,9.880300887892084e-09,5.402774810791016,amg-pcg,False,1.372591963755523
smooth_c3,smooth,3.0,2.9998482259887167,3.626953919346322,2.546398567465192,256,64516,amg-pcg,1e-08,True,9,0.2367043000413105,0.08486210007686168,0.32156640011817217,4.8772630645167525e-09,5.402774810791016,amg-pcg,True,3.820502700620972
smooth_c10,smooth,10.0,9.969319610984629,8.89354303258903,4.164807357368378,64,3844,cg,1e-08,True,209,5.00003807246685e-07,0.01184710010420531,0.011847600108012557,8.897428865242803e-09,0.3197669982910156,jacobi-pcg,False,1.0
smooth_c10,smooth,10.0,9.969319610984629,8.89354303258903,4.164807357368378,64,3844,jacobi-pcg,1e-08,True,146,8.290004916489124e-05,0.007671399973332882,0.007754300022497773,9.13310867730358e-09,0.3197669982910156,jacobi-pcg,True,1.5278748660277233
smooth_c10,smooth,10.0,9.969319610984629,8.89354303258903,4.164807357368378,64,3844,amg-pcg,1e-08,True,8,0.010300299967639148,0.004939000005833805,0.015239299973472953,4.780365922785352e-09,0.3197669982910156,jacobi-pcg,False,0.7774372923057931
smooth_c10,smooth,10.0,9.992433125831916,8.928526094469417,4.166434585098483,128,15876,cg,1e-08,True,447,5.00003807246685e-07,0.31250290002208203,0.3125034000258893,9.372009866155976e-09,1.3266029357910156,amg-pcg,False,1.0
smooth_c10,smooth,10.0,9.992433125831916,8.928526094469417,4.166434585098483,128,15876,jacobi-pcg,1e-08,True,298,0.0001330999657511711,0.20969149994198233,0.2098245999077335,9.944942003713102e-09,1.3266029357910156,amg-pcg,False,1.4893553957129282
smooth_c10,smooth,10.0,9.992433125831916,8.928526094469417,4.166434585098483,128,15876,amg-pcg,1e-08,True,9,0.06370010005775839,0.025075299898162484,0.08877539995592088,7.498447787937438e-09,1.3266029357910156,amg-pcg,True,3.5201576132696077
smooth_c10,smooth,10.0,9.998122046006907,8.938091736066426,4.166834019488497,256,64516,cg,1e-08,True,931,4.00003045797348e-07,1.1753884999779984,1.1753888999810442,9.761968811621103e-09,5.402774810791016,amg-pcg,False,1.0
smooth_c10,smooth,10.0,9.998122046006907,8.938091736066426,4.166834019488497,256,64516,jacobi-pcg,1e-08,True,605,0.0003483999753370881,0.8487785999896005,0.8491269999649376,9.472925740295916e-09,5.402774810791016,amg-pcg,False,1.384232158475209
smooth_c10,smooth,10.0,9.998122046006907,8.938091736066426,4.166834019488497,256,64516,amg-pcg,1e-08,True,9,0.18145729997195303,0.08571760007180274,0.26717490004375577,4.600193241793183e-09,5.402774810791016,amg-pcg,True,4.399323812935079
smooth_c30,smooth,30.0,29.723113434605743,16.411269260375754,4.761912354840547,64,3844,cg,1e-08,True,242,7.00005330145359e-07,0.01837940001860261,0.018380100023932755,8.529053092533215e-09,0.3197669982910156,jacobi-pcg,False,1.0
smooth_c30,smooth,30.0,29.723113434605743,16.411269260375754,4.761912354840547,64,3844,jacobi-pcg,1e-08,True,147,0.00013499998021870852,0.009080999996513128,0.009215999976731837,8.232383469084395e-09,0.3197669982910156,jacobi-pcg,True,1.9943684972154998
smooth_c30,smooth,30.0,29.723113434605743,16.411269260375754,4.761912354840547,64,3844,amg-pcg,1e-08,True,8,0.012791099958121777,0.005706600029952824,0.0184976999880746,5.183273357048391e-09,0.3197669982910156,jacobi-pcg,False,0.9936424547799099
smooth_c30,smooth,30.0,29.931391547005088,16.576202833556504,4.763772876868876,128,15876,cg,1e-08,True,511,5.00003807246685e-07,0.4382630999898538,0.43826359999366105,9.408092132259827e-09,1.3266029357910156,amg-pcg,False,1.0
smooth_c30,smooth,30.0,29.931391547005088,16.576202833556504,4.763772876868876,128,15876,jacobi-pcg,1e-08,True,299,0.00022390007507055998,0.2631809999002144,0.26340489997528493,9.925975237190156e-09,1.3266029357910156,amg-pcg,False,1.6638399666626664
smooth_c30,smooth,30.0,29.931391547005088,16.576202833556504,4.763772876868876,128,15876,amg-pcg,1e-08,True,9,0.07245019997935742,0.03265029995236546,0.10510049993172288,7.112062213810203e-09,1.3266029357910156,amg-pcg,True,4.169947814504908
smooth_c30,smooth,30.0,29.982953127525782,16.61970449903312,4.7642295778381,256,64516,cg,1e-08,True,1065,3.00002284348011e-07,1.54360530001577,1.5436056000180542,9.456326092977594e-09,5.402774810791016,amg-pcg,False,1.0
smooth_c30,smooth,30.0,29.982953127525782,16.61970449903312,4.7642295778381,256,64516,jacobi-pcg,1e-08,True,606,0.0003063000040128827,0.8571925000287592,0.8574988000327721,9.388444949444086e-09,5.402774810791016,amg-pcg,False,1.8001256677666024
smooth_c30,smooth,30.0,29.982953127525782,16.61970449903312,4.7642295778381,256,64516,amg-pcg,1e-08,True,9,0.2717939999420196,0.10630680003669113,0.3781007999787107,4.447316827221163e-09,5.402774810791016,amg-pcg,True,4.082524025616895
inclusion_c10,inclusion,10.0,10.0,102.57493261145427,10.285714285714286,64,3844,cg,1e-08,True,301,6.998889148235321e-07,0.02612489997409284,0.026125599863007665,9.00162388527172e-09,0.3197669982910156,jacobi-pcg,False,1.0
inclusion_c10,inclusion,10.0,10.0,102.57493261145427,10.285714285714286,64,3844,jacobi-pcg,1e-08,True,120,0.0001218999968841672,0.007507900008931756,0.007629800005815923,9.999179030270707e-09,0.3197669982910156,jacobi-pcg,True,3.424152643987137
inclusion_c10,inclusion,10.0,10.0,102.57493261145427,10.285714285714286,64,3844,amg-pcg,1e-08,True,9,0.019339999998919666,0.006862999987788498,0.026202999986708164,9.622140106006076e-10,0.3197669982910156,jacobi-pcg,False,0.997046135032639
inclusion_c10,inclusion,10.0,10.0,206.77803875642368,10.771653543307087,128,15876,cg,1e-08,True,676,8.00006091594696e-07,0.5949314000317827,0.5949322000378743,9.440935330276664e-09,1.3266029357910156,amg-pcg,False,1.0
inclusion_c10,inclusion,10.0,10.0,206.77803875642368,10.771653543307087,128,15876,jacobi-pcg,1e-08,True,247,0.00021039997227489948,0.24155370006337762,0.24176410003565252,9.141466885396861e-09,1.3266029357910156,amg-pcg,False,2.4607962884073387
inclusion_c10,inclusion,10.0,10.0,206.77803875642368,10.771653543307087,128,15876,amg-pcg,1e-08,True,10,0.07993969996459782,0.04059710004366934,0.12053680000826716,5.109112111877651e-09,1.3266029357910156,amg-pcg,True,4.935689349618292
inclusion_c10,inclusion,10.0,10.0,415.1842510463625,10.729411764705882,256,64516,cg,1e-08,True,1420,3.00002284348011e-07,2.096003800048493,2.096004100050777,9.564693882381566e-09,5.402774810791016,amg-pcg,False,1.0
inclusion_c10,inclusion,10.0,10.0,415.1842510463625,10.729411764705882,256,64516,jacobi-pcg,1e-08,True,500,0.00028190005104988813,0.6944693999830633,0.6947513000341132,9.664294493396845e-09,5.402774810791016,amg-pcg,False,3.016912814625695
inclusion_c10,inclusion,10.0,10.0,415.1842510463625,10.729411764705882,256,64516,amg-pcg,1e-08,True,10,0.18733610003255308,0.08134989999234676,0.26868600002489984,9.68130605350546e-09,5.402774810791016,amg-pcg,True,7.8009427355967
inclusion_c30,inclusion,30.0,30.0,151.51561316181613,33.142857142857146,64,3844,cg,1e-08,True,489,7.00005330145359e-07,0.02698760002385825,0.026988300029188395,9.519163267005871e-09,0.3197669982910156,jacobi-pcg,False,1.0
inclusion_c30,inclusion,30.0,30.0,151.51561316181613,33.142857142857146,64,3844,jacobi-pcg,1e-08,True,125,9.61000332608819e-05,0.006827799952588975,0.006923899985849857,8.791408910377236e-09,0.3197669982910156,jacobi-pcg,True,3.8978466015314317
inclusion_c30,inclusion,30.0,30.0,151.51561316181613,33.142857142857146,64,3844,amg-pcg,1e-08,True,9,0.008847900084219873,0.005161800072528422,0.014009700156748295,5.443496157781434e-09,0.3197669982910156,jacobi-pcg,False,1.9264009741270924
inclusion_c30,inclusion,30.0,30.0,305.4362360563595,34.70866141732284,128,15876,cg,1e-08,True,1137,5.00003807246685e-07,0.7678742000134662,0.7678747000172734,9.374761299755832e-09,1.3266029357910156,amg-pcg,False,1.0
inclusion_c30,inclusion,30.0,30.0,305.4362360563595,34.70866141732284,128,15876,jacobi-pcg,1e-08,True,256,0.00015119998715817928,0.1816377000650391,0.18178890005219728,9.9170198232653e-09,1.3266029357910156,amg-pcg,False,4.223991122652662
inclusion_c30,inclusion,30.0,30.0,305.4362360563595,34.70866141732284,128,15876,amg-pcg,1e-08,True,11,0.05751399998553097,0.03264410002157092,0.0901581000071019,1.4191659651536967e-09,1.3266029357910156,amg-pcg,True,8.516979616438087
inclusion_c30,inclusion,30.0,30.0,613.2774818454462,34.57254901960784,256,64516,cg,1e-08,True,2454,4.00003045797348e-07,3.340801900019869,3.340802300022915,9.889264581092603e-09,5.402774810791016,amg-pcg,False,1.0
inclusion_c30,inclusion,30.0,30.0,613.2774818454462,34.57254901960784,256,64516,jacobi-pcg,1e-08,True,520,0.00042639998719096184,0.8955570999532938,0.8959834999404848,9.843234132611248e-09,5.402774810791016,amg-pcg,False,3.7286426594293602
inclusion_c30,inclusion,30.0,30.0,613.2774818454462,34.57254901960784,256,64516,amg-pcg,1e-08,True,11,0.20649970008525997,0.1032389000756666,0.3097386001609266,4.422094285788416e-09,5.402774810791016,amg-pcg,True,10.78587653681905
inclusion_c100,inclusion,100.0,100.0,205.14986522290855,113.14285714285714,64,3844,cg,1e-08,True,796,6.00004568696022e-07,0.043753899983130395,0.04375449998769909,6.111489849440583e-09,0.3197669982910156,jacobi-pcg,False,1.0
inclusion_c100,inclusion,100.0,100.0,205.14986522290855,113.14285714285714,64,3844,jacobi-pcg,1e-08,True,129,8.020002860575914e-05,0.006392100010998547,0.006472300039604306,8.751716809779867e-09,0.3197669982910156,jacobi-pcg,True,6.76027064875906
inclusion_c100,inclusion,100.0,100.0,205.14986522290855,113.14285714285714,64,3844,amg-pcg,1e-08,True,10,0.007972799940034747,0.005784700042568147,0.013757499982602894,2.150940327720132e-09,0.3197669982910156,jacobi-pcg,False,3.1804106882085432
inclusion_c100,inclusion,100.0,100.0,413.55607751284737,118.48818897637796,128,15876,cg,1e-08,True,1963,5.00003807246685e-07,1.305089300032705,1.3050898000365123,8.770480871182208e-09,1.3266029357910156,amg-pcg,False,1.0
inclusion_c100,inclusion,100.0,100.0,413.55607751284737,118.48818897637796,128,15876,jacobi-pcg,1e-08,True,264,0.0001569000305607915,0.18510570004582405,0.18526260007638484,8.903279413536068e-09,1.3266029357910156,amg-pcg,False,7.044540017782414
inclusion_c100,inclusion,100.0,100.0,413.55607751284737,118.48818897637796,128,15876,amg-pcg,1e-08,True,12,0.05213369999546558,0.0317980000982061,0.08393170009367168,1.6524412732556938e-09,1.3266029357910156,amg-pcg,True,15.54942648105509
inclusion_c100,inclusion,100.0,100.0,830.368502092725,118.02352941176471,256,64516,cg,1e-08,True,4370,3.998866304755211e-07,5.339423099998385,5.339423499885015,9.952871014461878e-09,5.402774810791016,amg-pcg,False,1.0
inclusion_c100,inclusion,100.0,100.0,830.368502092725,118.02352941176471,256,64516,jacobi-pcg,1e-08,True,535,0.0006155999144539237,0.8633745000697672,0.8639900999842212,9.140165530045868e-09,5.402774810791016,amg-pcg,False,6.179959122196571
inclusion_c100,inclusion,100.0,100.0,830.368502092725,118.02352941176471,256,64516,amg-pcg,1e-08,True,12,0.17039949994068593,0.09819150005932897,0.2685910000000149,4.4451779794650055e-09,5.402774810791016,amg-pcg,True,19.879383523218273
layered_c10,layered,10.0,10.0,72.53143042931245,9.142857142857142,64,3844,cg,1e-08,True,424,4.00003045797348e-07,0.024553800001740456,0.024554200004786253,9.437341942103761e-09,0.3197669982910156,jacobi-pcg,False,1.0
layered_c10,layered,10.0,10.0,72.53143042931245,9.142857142857142,64,3844,jacobi-pcg,1e-08,True,169,8.809997234493494e-05,0.008712699986062944,0.008800799958407879,8.93303857862281e-09,0.3197669982910156,jacobi-pcg,True,2.789996377696132
layered_c10,layered,10.0,10.0,72.53143042931245,9.142857142857142,64,3844,amg-pcg,1e-08,True,8,0.010869699995964766,0.006355099962092936,0.0172247999580577,5.6645196075565105e-09,0.3197669982910156,jacobi-pcg,False,1.425514378371627
layered_c10,layered,10.0,10.0,146.21415340512192,9.070866141732283,128,15876,cg,1e-08,True,867,6.00004568696022e-07,0.5776021999772638,0.5776027999818325,9.646270651243804e-09,1.3266029357910156,amg-pcg,False,1.0
layered_c10,layered,10.0,10.0,146.21415340512192,9.070866141732283,128,15876,jacobi-pcg,1e-08,True,338,0.0001346999779343605,0.23494629992637783,0.2350809999043122,9.810119920940135e-09,1.3266029357910156,amg-pcg,False,2.4570373625130957
layered_c10,layered,10.0,10.0,146.21415340512192,9.070866141732283,128,15876,amg-pcg,1e-08,True,10,0.05978399992454797,0.02868109999690205,0.08846509992145002,1.08641379774017e-09,1.3266029357910156,amg-pcg,True,6.529160092451124
layered_c10,layered,10.0,10.0,293.57959935674086,9.035294117647059,256,64516,cg,1e-08,True,1760,5.00003807246685e-07,2.0880573999602348,2.088057899964042,9.776773333079855e-09,5.402774810791016,amg-pcg,False,1.0
layered_c10,layered,10.0,10.0,293.57959935674086,9.035294117647059,256,64516,jacobi-pcg,1e-08,True,661,0.000287200091406703,0.8960408999118954,0.8963281000033021,9.81231471091207e-09,5.402774810791016,amg-pcg,False,2.3295687148002497
layered_c10,layered,10.0,10.0,293.57959935674086,9.035294117647059,256,64516,amg-pcg,1e-08,True,10,0.1821934999898076,0.07426389993634075,0.25645739992614836,8.364533440263221e-10,5.402774810791016,amg-pcg,True,8.141928837168813
layered_c30,layered,30.0,30.0,107.1377175223579,29.46031746031746,64,3844,cg,1e-08,True,680,3.00002284348011e-07,0.03197130002081394,0.03197160002309829,8.642480133871502e-09,0.3197669982910156,jacobi-pcg,False,1.0
layered_c30,layered,30.0,30.0,107.1377175223579,29.46031746031746,64,3844,jacobi-pcg,1e-08,True,169,8.110003545880318e-05,0.008494699955917895,0.008575799991376698,9.470403569994605e-09,0.3197669982910156,jacobi-pcg,True,3.728118665925859
layered_c30,layered,30.0,30.0,107.1377175223579,29.46031746031746,64,3844,amg-pcg,1e-08,True,8,0.009286899934522808,0.004468200029805303,0.01375509996432811,7.979376757048841e-09,0.3197669982910156,jacobi-pcg,False,2.324345159687103
layered_c30,layered,30.0,30.0,215.97603373554688,29.228346456692915,128,15876,cg,1e-08,True,1402,4.00003045797348e-07,0.9603222999721766,0.9603226999752223,9.825167818127518e-09,1.3266029357910156,amg-pcg,False,1.0
layered_c30,layered,30.0,30.0,215.97603373554688,29.228346456692915,128,15876,jacobi-pcg,1e-08,True,329,0.00018169998656958342,0.23376279999502003,0.23394449998158962,9.738969390959482e-09,1.3266029357910156,amg-pcg,False,4.104916764663394
layered_c30,layered,30.0,30.0,215.97603373554688,29.228346456692915,128,15876,amg-pcg,1e-08,True,10,0.05972640006802976,0.026770199998281896,0.08649660006631166,1.8906460573724836e-09,1.3266029357910156,amg-pcg,True,11.102432919201467
layered_c30,layered,30.0,30.0,433.65266616192486,29.113725490196078,256,64516,cg,1e-08,True,2849,4.00003045797348e-07,3.444478699937463,3.4444790999405086,9.966518868291389e-09,5.402774810791016,amg-pcg,False,1.0
layered_c30,layered,30.0,30.0,433.65266616192486,29.113725490196078,256,64516,jacobi-pcg,1e-08,True,659,0.0002967000473290682,0.8527028999524191,0.8529995999997482,9.780507751615237e-09,5.402774810791016,amg-pcg,False,4.038078212394854
layered_c30,layered,30.0,30.0,433.65266616192486,29.113725490196078,256,64516,amg-pcg,1e-08,True,10,0.17607339995447546,0.07812159997411072,0.2541949999285862,1.925974602275177e-09,5.402774810791016,amg-pcg,True,13.550538369787779
layered_c100,layered,100.0,100.0,145.0628608586249,100.57142857142857,64,3844,cg,1e-08,True,1136,4.00003045797348e-07,0.05497009993996471,0.05497049994301051,9.28175956662757e-09,0.3197669982910156,jacobi-pcg,False,1.0
layered_c100,layered,100.0,100.0,145.0628608586249,100.57142857142857,64,3844,jacobi-pcg,1e-08,True,164,0.00010599999222904444,0.008223399985581636,0.00832939997781068,9.526385765497279e-09,0.3197669982910156,jacobi-pcg,True,6.599575010138856
layered_c100,layered,100.0,100.0,145.0628608586249,100.57142857142857,64,3844,amg-pcg,1e-08,True,9,0.009370999992825091,0.004900200059637427,0.014271200052462518,1.7914249945993096e-09,0.3197669982910156,jacobi-pcg,False,3.8518484599005576
layered_c100,layered,100.0,100.0,292.42830681024384,99.77952755905511,128,15876,cg,1e-08,True,2447,5.00003807246685e-07,1.5254669000860304,1.5254674000898376,9.125319690900396e-09,1.3266029357910156,amg-pcg,False,1.0
layered_c100,layered,100.0,100.0,292.42830681024384,99.77952755905511,128,15876,jacobi-pcg,1e-08,True,325,0.00013770000077784061,0.20205259998328984,0.20219029998406768,9.672378983313863e-09,1.3266029357910156,amg-pcg,False,7.544711097466309
layered_c100,layered,100.0,100.0,292.42830681024384,99.77952755905511,128,15876,amg-pcg,1e-08,True,10,0.05313440004829317,0.025485999998636544,0.07862040004692972,7.424726977513212e-09,1.3266029357910156,amg-pcg,True,19.4029462986612
layered_c100,layered,100.0,100.0,587.1591987134817,99.38823529411765,256,64516,cg,1e-08,True,5055,3.998866304755211e-07,6.3362142000114545,6.336214599898085,9.736554715984458e-09,5.402774810791016,amg-pcg,False,1.0
layered_c100,layered,100.0,100.0,587.1591987134817,99.38823529411765,256,64516,jacobi-pcg,1e-08,True,657,0.0003130999393761158,0.8794954000040889,0.879808499943465,9.665856518359263e-09,5.402774810791016,amg-pcg,False,7.20181107627994
layered_c100,layered,100.0,100.0,587.1591987134817,99.38823529411765,256,64516,amg-pcg,1e-08,True,10,0.1700503999600187,0.07634539995342493,0.24639579991344362,3.5450468402221864e-09,5.402774810791016,amg-pcg,True,25.715594998469673
checkerboard_c10,checkerboard,10.0,10.0,102.57493261145427,128.0,64,3844,cg,1e-08,True,248,5.00003807246685e-07,0.012121499981731176,0.012121999985538423,9.962771501087436e-09,0.3197669982910156,jacobi-pcg,False,1.0
checkerboard_c10,checkerboard,10.0,10.0,102.57493261145427,128.0,64,3844,jacobi-pcg,1e-08,True,163,0.0002250999677926302,0.008367900038138032,0.008593000005930662,7.605505255523076e-09,0.3197669982910156,jacobi-pcg,True,1.4106831115061258
checkerboard_c10,checkerboard,10.0,10.0,102.57493261145427,128.0,64,3844,amg-pcg,1e-08,True,11,0.009663200005888939,0.005806699977256358,0.015469899983145297,2.745693884941867e-09,0.3197669982910156,jacobi-pcg,False,0.7835861898748884
checkerboard_c10,checkerboard,10.0,10.0,206.77803875642368,126.99212598425197,128,15876,cg,1e-08,True,536,5.00003807246685e-07,0.34198509994894266,0.3419855999527499,9.261295256658902e-09,1.3266029357910156,amg-pcg,False,1.0
checkerboard_c10,checkerboard,10.0,10.0,206.77803875642368,126.99212598425197,128,15876,jacobi-pcg,1e-08,True,334,0.00013209995813667774,0.21791560004930943,0.2180477000074461,8.931150873822651e-09,1.3266029357910156,amg-pcg,False,1.5683981071163393
checkerboard_c10,checkerboard,10.0,10.0,206.77803875642368,126.99212598425197,128,15876,amg-pcg,1e-08,True,13,0.056565599981695414,0.03452709992416203,0.09109269990585744,2.854893325584751e-09,1.3266029357910156,amg-pcg,True,3.7542591262108322
checkerboard_c10,checkerboard,10.0,10.0,415.1842510463625,126.49411764705883,256,64516,cg,1e-08,True,1119,3.00002284348011e-07,1.2686736999312416,1.268673999933526,9.725310838061835e-09,5.402774810791016,amg-pcg,False,1.0
checkerboard_c10,checkerboard,10.0,10.0,415.1842510463625,126.49411764705883,256,64516,jacobi-pcg,1e-08,True,678,0.0005310999695211649,1.1090169999515638,1.109548099921085,9.534350470380704e-09,5.402774810791016,amg-pcg,False,1.1434150534111667
checkerboard_c10,checkerboard,10.0,10.0,415.1842510463625,126.49411764705883,256,64516,amg-pcg,1e-08,True,12,0.20563590002711862,0.12028589996043593,0.32592179998755455,8.141707216691254e-09,5.402774810791016,amg-pcg,True,3.89257177636467
checkerboard_c30,checkerboard,30.0,30.0,151.51561316181613,412.44444444444446,64,3844,cg,1e-08,True,320,4.00003045797348e-07,0.019999900017865002,0.0200003000209108,8.811898592245976e-09,0.3197669982910156,jacobi-pcg,False,1.0
checkerboard_c30,checkerboard,30.0,30.0,151.51561316181613,412.44444444444446,64,3844,jacobi-pcg,1e-08,True,168,0.00018660002388060093,0.010203400044701993,0.010390000068582594,8.051957345722193e-09,0.3197669982910156,jacobi-pcg,True,1.9249566784304404
checkerboard_c30,checkerboard,30.0,30.0,151.51561316181613,412.44444444444446,64,3844,amg-pcg,1e-08,True,12,0.01251649996265769,0.00754869997035712,0.02006519993301481,9.558121810847792e-09,0.3197669982910156,jacobi-pcg,False,0.99676554869522
checkerboard_c30,checkerboard,30.0,30.0,305.4362360563595,409.1968503937008,128,15876,cg,1e-08,True,721,4.00003045797348e-07,0.5263541999738663,0.5263545999769121,9.275131098433776e-09,1.3266029357910156,amg-pcg,False,1.0
checkerboard_c30,checkerboard,30.0,30.0,305.4362360563595,409.1968503937008,128,15876,jacobi-pcg,1e-08,True,344,0.00013130006846040487,0.2374283999670297,0.2375597000354901,9.477687513235375e-09,1.3266029357910156,amg-pcg,False,2.2156729440990106
checkerboard_c30,checkerboard,30.0,30.0,305.4362360563595,409.1968503937008,128,15876,amg-pcg,1e-08,True,15,0.05682659999001771,0.03998969995882362,0.09681629994884133,4.827061303046409e-09,1.3266029357910156,amg-pcg,True,5.43663205736062
checkerboard_c30,checkerboard,30.0,30.0,613.2774818454462,407.59215686274507,256,64516,cg,1e-08,True,1526,2.00001522898674e-07,1.9313780000666156,1.9313782000681385,9.726212384773844e-09,5.402774810791016,amg-pcg,False,1.0
checkerboard_c30,checkerboard,30.0,30.0,613.2774818454462,407.59215686274507,256,64516,jacobi-pcg,1e-08,True,700,0.0003336999798193574,0.8973979000002146,0.8977315999800339,9.931061824326342e-09,5.402774810791016,amg-pcg,False,2.151398257687591
checkerboard_c30,checkerboard,30.0,30.0,613.2774818454462,407.59215686274507,256,64516,amg-pcg,1e-08,True,15,0.1687362000811845,0.11498149996623397,0.2837177000474185,4.205379999427393e-09,5.402774810791016,amg-pcg,True,6.807394109515699
checkerboard_c100,checkerboard,100.0,100.0,205.14986522290855,1408.0,64,3844,cg,1e-08,True,443,7.00005330145359e-07,0.024480200023390353,0.024480900028720498,8.53720063550755e-09,0.3197669982910156,jacobi-pcg,False,1.0
checkerboard_c100,checkerboard,100.0,100.0,205.14986522290855,1408.0,64,3844,jacobi-pcg,1e-08,True,171,8.389994036406279e-05,0.008353700046427548,0.00843759998679161,8.56726025116485e-09,0.3197669982910156,jacobi-pcg,True,2.9014056209163024
checkerboard_c100,checkerboard,100.0,100.0,205.14986522290855,1408.0,64,3844,amg-pcg,1e-08,True,13,0.008241800009272993,0.00694130000192672,0.015183100011199713,6.701334993061797e-09,0.3197669982910156,jacobi-pcg,False,1.612378237030799
checkerboard_c100,checkerboard,100.0,100.0,413.55607751284737,1396.9133858267717,128,15876,cg,1e-08,True,1050,5.00003807246685e-07,0.6554559000069275,0.6554564000107348,9.307491102354429e-09,1.3266029357910156,amg-pcg,False,1.0
checkerboard_c100,checkerboard,100.0,100.0,413.55607751284737,1396.9133858267717,128,15876,jacobi-pcg,1e-08,True,350,0.0001677999971434474,0.21349220001138747,0.21366000000853091,9.663696652581425e-09,1.3266029357910156,amg-pcg,False,3.0677543760393338
checkerboard_c100,checkerboard,100.0,100.0,413.55607751284737,1396.9133858267717,128,15876,amg-pcg,1e-08,True,17,0.05562360002659261,0.045125799952074885,0.1007493999786675,2.275067259660086e-09,1.3266029357910156,amg-pcg,True,6.505809465361779
checkerboard_c100,checkerboard,100.0,100.0,830.368502092725,1391.4352941176471,256,64516,cg,1e-08,True,2268,2.00001522898674e-07,3.1686467999825254,3.1686469999840483,9.554368262969479e-09,5.402774810791016,amg-pcg,False,1.0
checkerboard_c100,checkerboard,100.0,100.0,830.368502092725,1391.4352941176471,256,64516,jacobi-pcg,1e-08,True,718,0.0002935999073088169,0.8962124000536278,0.8965059999609366,9.718334064724532e-09,5.402774810791016,amg-pcg,False,3.5344403719797923
checkerboard_c100,checkerboard,100.0,100.0,830.368502092725,1391.4352941176471,256,64516,amg-pcg,1e-08,True,17,0.1683150000171736,0.13091870001517236,0.29923370003234595,3.6720464068128246e-09,5.402774810791016,amg-pcg,True,10.589205024840219
