repeat_index,coefficient_case,family,contrast_target,contrast_observed,grad_logk_inf,total_variation_proxy,n,n_unknowns,method,tolerance,converged,iterations,setup_seconds,solve_seconds,total_seconds,residual_norm,memory_estimate_mb,best_method,is_best,speedup_vs_cg
1,constant,constant,1.0,1.0,0.0,0.0,64,3844,cg,1e-08,True,116,4.00003045797348e-07,0.006216999958269298,0.006217399961315095,7.1195348044133394e-09,0.3197669982910156,cg,True,1.0
1,constant,constant,1.0,1.0,0.0,0.0,64,3844,jacobi-pcg,1e-08,True,116,0.00036810000892728567,0.008587699965573847,0.008955799974501133,7.1195407181813896e-09,0.3197669982910156,cg,False,0.6942316687528994
1,constant,constant,1.0,1.0,0.0,0.0,64,3844,amg-pcg,1e-08,True,8,0.18269340007100254,0.005845999927259982,0.18853939999826252,3.2936995443521594e-09,0.3197669982910156,cg,False,0.0329766614371977
1,constant,constant,1.0,1.0,0.0,0.0,128,15876,cg,1e-08,True,235,4.00003045797348e-07,0.1586708000395447,0.1586712000425905,9.50404988287223e-09,1.3266029357910156,amg-pcg,False,1.0
1,constant,constant,1.0,1.0,0.0,0.0,128,15876,jacobi-pcg,1e-08,True,235,0.0001615999499335885,0.15769070002716035,0.15785229997709394,9.504086634597289e-09,1.3266029357910156,amg-pcg,False,1.0051877613795643
1,constant,constant,1.0,1.0,0.0,0.0,128,15876,amg-pcg,1e-08,True,10,0.05507599993143231,0.027149599976837635,0.08222559990826994,9.216909890747511e-10,1.3266029357910156,amg-pcg,True,1.9297055931437717
1,constant,constant,1.0,1.0,0.0,0.0,256,64516,cg,1e-08,True,466,3.00002284348011e-07,0.5492719999747351,0.5492722999770194,9.709796185319237e-09,5.402774810791016,amg-pcg,False,1.0
1,constant,constant,1.0,1.0,0.0,0.0,256,64516,jacobi-pcg,1e-08,True,466,0.0003018999705091119,0.5646744999103248,0.5649763998808339,9.709851023876624e-09,5.402774810791016,amg-pcg,False,0.972203971870105
1,constant,constant,1.0,1.0,0.0,0.0,256,64516,amg-pcg,1e-08,True,9,0.15744999994058162,0.06618810002692044,0.22363809996750206,4.750412241271986e-09,5.402774810791016,amg-pcg,True,2.45607658112297
1,smooth_c30,smooth,30.0,29.723113434605743,16.411269260375754,4.761912354840547,64,3844,cg,1e-08,True,242,2.00001522898674e-07,0.011536099947988987,0.011536299949511886,8.529053092533215e-09,0.3197669982910156,jacobi-pcg,False,1.0
1,smooth_c30,smooth,30.0,29.723113434605743,16.411269260375754,4.761912354840547,64,3844,jacobi-pcg,1e-08,True,147,7.910002022981644e-05,0.00768230005633086,0.007761400076560676,8.232383469084395e-09,0.3197669982910156,jacobi-pcg,True,1.4863684175167515
1,smooth_c30,smooth,30.0,29.723113434605743,16.411269260375754,4.761912354840547,64,3844,amg-pcg,1e-08,True,8,0.011130099999718368,0.006190599990077317,0.017320699989795685,5.218358152329555e-09,0.3197669982910156,jacobi-pcg,False,0.666041208283059
1,smooth_c30,smooth,30.0,29.931391547005088,16.576202833556504,4.763772876868876,128,15876,cg,1e-08,True,511,5.00003807246685e-07,0.3382110999664292,0.3382115999702364,9.408092132259827e-09,1.3266029357910156,amg-pcg,False,1.0
1,smooth_c30,smooth,30.0,29.931391547005088,16.576202833556504,4.763772876868876,128,15876,jacobi-pcg,1e-08,True,299,0.00015239999629557133,0.19907159998547286,0.19922399998176843,9.925975237190156e-09,1.3266029357910156,amg-pcg,False,1.6976448620707703
1,smooth_c30,smooth,30.0,29.931391547005088,16.576202833556504,4.763772876868876,128,15876,amg-pcg,1e-08,True,9,0.0562015000032261,0.023755699978210032,0.07995719998143613,7.097643577363777e-09,1.3266029357910156,amg-pcg,True,4.229908001390242
1,smooth_c30,smooth,30.0,29.982953127525782,16.61970449903312,4.7642295778381,256,64516,cg,1e-08,True,1065,5.00003807246685e-07,1.3276633000932634,1.3276638000970706,9.456326092977594e-09,5.402774810791016,amg-pcg,False,1.0
1,smooth_c30,smooth,30.0,29.982953127525782,16.61970449903312,4.7642295778381,256,64516,jacobi-pcg,1e-08,True,606,0.000295399921014905,0.780282000079751,0.7805774000007659,9.388444949444086e-09,5.402774810791016,amg-pcg,False,1.7008739941686346
1,smooth_c30,smooth,30.0,29.982953127525782,16.61970449903312,4.7642295778381,256,64516,amg-pcg,1e-08,True,9,0.17247769993264228,0.07173470000270754,0.24421239993534982,4.447541749897359e-09,5.402774810791016,amg-pcg,True,5.4365126441103815
1,inclusion_c100,inclusion,100.0,100.0,205.14986522290855,113.14285714285714,64,3844,cg,1e-08,True,796,3.00002284348011e-07,0.03964360000099987,0.039643900003284216,6.111489849440583e-09,0.3197669982910156,jacobi-pcg,False,1.0
1,inclusion_c100,inclusion,100.0,100.0,205.14986522290855,113.14285714285714,64,3844,jacobi-pcg,1e-08,True,129,8.159992285072803e-05,0.00688210001681,0.006963699939660728,8.751716809779867e-09,0.3197669982910156,jacobi-pcg,True,5.692936276231292
1,inclusion_c100,inclusion,100.0,100.0,205.14986522290855,113.14285714285714,64,3844,amg-pcg,1e-08,True,10,0.009401699993759394,0.005288699991069734,0.014690399984829128,2.169509202003183e-09,0.3197669982910156,jacobi-pcg,False,2.698626316793602
1,inclusion_c100,inclusion,100.0,100.0,413.55607751284737,118.48818897637796,128,15876,cg,1e-08,True,1963,3.00002284348011e-07,1.1939686000114307,1.193968900013715,8.770480871182208e-09,1.3266029357910156,amg-pcg,False,1.0
1,inclusion_c100,inclusion,100.0,100.0,413.55607751284737,118.48818897637796,128,15876,jacobi-pcg,1e-08,True,264,0.00011819996871054173,0.1675429999595508,0.16766119992826134,8.903279413536068e-09,1.3266029357910156,amg-pcg,False,7.121319068004935
1,inclusion_c100,inclusion,100.0,100.0,413.55607751284737,118.48818897637796,128,15876,amg-pcg,1e-08,True,12,0.050138099933974445,0.030022699967958033,0.08016079990193248,1.6518355536405337e-09,1.3266029357910156,amg-pcg,True,14.894672975748728
1,inclusion_c100,inclusion,100.0,100.0,830.368502092725,118.02352941176471,256,64516,cg,1e-08,True,4370,3.00002284348011e-07,4.70679750002455,4.706797800026834,9.952871014461878e-09,5.402774810791016,amg-pcg,False,1.0
1,inclusion_c100,inclusion,100.0,100.0,830.368502092725,118.02352941176471,256,64516,jacobi-pcg,1e-08,True,535,0.0003538999008014798,0.6361496000317857,0.6365034999325871,9.140165530045868e-09,5.402774810791016,amg-pcg,False,7.394771278595226
1,inclusion_c100,inclusion,100.0,100.0,830.368502092725,118.02352941176471,256,64516,amg-pcg,1e-08,True,12,0.1576916000340134,0.0872413000324741,0.2449329000664875,4.455062599515777e-09,5.402774810791016,amg-pcg,True,19.2166826047018
1,layered_c100,layered,100.0,100.0,145.0628608586249,100.57142857142857,64,3844,cg,1e-08,True,1136,7.00005330145359e-07,0.053735299967229366,0.05373599997255951,9.28175956662757e-09,0.3197669982910156,jacobi-pcg,False,1.0
1,layered_c100,layered,100.0,100.0,145.0628608586249,100.57142857142857,64,3844,jacobi-pcg,1e-08,True,164,9.789993055164814e-05,0.008707999950274825,0.008805899880826473,9.526385765497279e-09,0.3197669982910156,jacobi-pcg,True,6.10227241960377
1,layered_c100,layered,100.0,100.0,145.0628608586249,100.57142857142857,64,3844,amg-pcg,1e-08,True,9,0.009084100020118058,0.004865400027483702,0.01394950004760176,1.789350961483223e-09,0.3197669982910156,jacobi-pcg,False,3.8521810666467555
1,layered_c100,layered,100.0,100.0,292.42830681024384,99.77952755905511,128,15876,cg,1e-08,True,2447,3.998866304755211e-07,1.4836985999718308,1.4836989998584613,9.125319690900396e-09,1.3266029357910156,amg-pcg,False,1.0
1,layered_c100,layered,100.0,100.0,292.42830681024384,99.77952755905511,128,15876,jacobi-pcg,1e-08,True,325,0.00011330004781484604,0.19734469999093562,0.19745800003875047,9.672378983313863e-09,1.3266029357910156,amg-pcg,False,7.513997911288934
1,layered_c100,layered,100.0,100.0,292.42830681024384,99.77952755905511,128,15876,amg-pcg,1e-08,True,10,0.05081009992863983,0.02512799995020032,0.07593809987884015,7.330996262128191e-09,1.3266029357910156,amg-pcg,True,19.538268698133283
1,layered_c100,layered,100.0,100.0,587.1591987134817,99.38823529411765,256,64516,cg,1e-08,True,5055,3.00002284348011e-07,5.589949400047772,5.589949700050056,9.736554715984458e-09,5.402774810791016,amg-pcg,False,1.0
1,layered_c100,layered,100.0,100.0,587.1591987134817,99.38823529411765,256,64516,jacobi-pcg,1e-08,True,657,0.00033950002398341894,0.7365118999732658,0.7368513999972492,9.665856518359263e-09,5.402774810791016,amg-pcg,False,7.586264611929792
1,layered_c100,layered,100.0,100.0,587.1591987134817,99.38823529411765,256,64516,amg-pcg,1e-08,True,10,0.15978490002453327,0.07109039998613298,0.23087530001066625,3.541826282699115e-09,5.402774810791016,amg-pcg,True,24.211986729597342
1,checkerboard_c100,checkerboard,100.0,100.0,205.14986522290855,1408.0,64,3844,cg,1e-08,True,443,3.00002284348011e-07,0.020836499985307455,0.020836799987591803,8.53720063550755e-09,0.3197669982910156,jacobi-pcg,False,1.0
1,checkerboard_c100,checkerboard,100.0,100.0,205.14986522290855,1408.0,64,3844,jacobi-pcg,1e-08,True,171,7.940002251416445e-05,0.008882399997673929,0.008961800020188093,8.56726025116485e-09,0.3197669982910156,jacobi-pcg,True,2.3250686179844564
1,checkerboard_c100,checkerboard,100.0,100.0,205.14986522290855,1408.0,64,3844,amg-pcg,1e-08,True,13,0.009138200082816184,0.007097699912264943,0.016235899995081127,6.716656459139512e-09,0.3197669982910156,jacobi-pcg,False,1.2833781923949137
1,checkerboard_c100,checkerboard,100.0,100.0,413.55607751284737,1396.9133858267717,128,15876,cg,1e-08,True,1050,3.00002284348011e-07,0.6486181999789551,0.6486184999812394,9.307491102354429e-09,1.3266029357910156,amg-pcg,False,1.0
1,checkerboard_c100,checkerboard,100.0,100.0,413.55607751284737,1396.9133858267717,128,15876,jacobi-pcg,1e-08,True,350,0.0001167000737041235,0.22501419996842742,0.22513090004213154,9.663696652581425e-09,1.3266029357910156,amg-pcg,False,2.881072744167306
1,checkerboard_c100,checkerboard,100.0,100.0,413.55607751284737,1396.9133858267717,128,15876,amg-pcg,1e-08,True,17,0.05313340004067868,0.04596689995378256,0.09910029999446124,2.2683928924853693e-09,1.3266029357910156,amg-pcg,True,6.5450710039978794
1,checkerboard_c100,checkerboard,100.0,100.0,830.368502092725,1391.4352941176471,256,64516,cg,1e-08,True,2268,2.00001522898674e-07,2.499873199965805,2.4998733999673277,9.554368262969479e-09,5.402774810791016,amg-pcg,False,1.0
1,checkerboard_c100,checkerboard,100.0,100.0,830.368502092725,1391.4352941176471,256,64516,jacobi-pcg,1e-08,True,718,0.0002986000617966056,0.9133274999912828,0.9136261000530794,9.718334064724532e-09,5.402774810791016,amg-pcg,False,2.7362105787280937
1,checkerboard_c100,checkerboard,100.0,100.0,830.368502092725,1391.4352941176471,256,64516,amg-pcg,1e-08,True,17,0.16598129994235933,0.12879640003666282,0.29477769997902215,3.67011246093181e-09,5.402774810791016,amg-pcg,True,8.480537707381634
2,constant,constant,1.0,1.0,0.0,0.0,64,3844,cg,1e-08,True,116,4.00003045797348e-07,0.006193300010636449,0.006193700013682246,7.1195348044133394e-09,0.3197669982910156,jacobi-pcg,False,1.0
2,constant,constant,1.0,1.0,0.0,0.0,64,3844,jacobi-pcg,1e-08,True,116,9.079999290406704e-05,0.005948400008492172,0.006039200001396239,7.1195407181813896e-09,0.3197669982910156,jacobi-pcg,True,1.0255828606852377
2,constant,constant,1.0,1.0,0.0,0.0,64,3844,amg-pcg,1e-08,True,8,0.008757099974900484,0.004254400031641126,0.01301150000654161,3.342317442121108e-09,0.3197669982910156,jacobi-pcg,False,0.47601737006250827
2,constant,constant,1.0,1.0,0.0,0.0,128,15876,cg,1e-08,True,235,4.00003045797348e-07,0.14474270003847778,0.14474310004152358,9.50404988287223e-09,1.3266029357910156,amg-pcg,False,1.0
2,constant,constant,1.0,1.0,0.0,0.0,128,15876,jacobi-pcg,1e-08,True,235,0.00012890005018562078,0.14530810003634542,0.14543700008653104,9.504086634597289e-09,1.3266029357910156,amg-pcg,False,0.9952288616748516
2,constant,constant,1.0,1.0,0.0,0.0,128,15876,amg-pcg,1e-08,True,10,0.05078169994521886,0.02422880008816719,0.07501050003338605,9.215073825975808e-10,1.3266029357910156,amg-pcg,True,1.929637850395619
2,constant,constant,1.0,1.0,0.0,0.0,256,64516,cg,1e-08,True,466,3.00002284348011e-07,0.5214184999931604,0.5214187999954447,9.709796185319237e-09,5.402774810791016,amg-pcg,False,1.0
2,constant,constant,1.0,1.0,0.0,0.0,256,64516,jacobi-pcg,1e-08,True,466,0.0003622999647632241,0.5512719999533147,0.5516342999180779,9.709851023876624e-09,5.402774810791016,amg-pcg,False,0.9452254873797361
2,constant,constant,1.0,1.0,0.0,0.0,256,64516,amg-pcg,1e-08,True,9,0.15994139993563294,0.06584599998313934,0.22578739991877228,4.770310151903915e-09,5.402774810791016,amg-pcg,True,2.309335242724026
2,smooth_c30,smooth,30.0,29.723113434605743,16.411269260375754,4.761912354840547,64,3844,cg,1e-08,True,242,5.00003807246685e-07,0.012133099953643978,0.012133599957451224,8.529053092533215e-09,0.3197669982910156,jacobi-pcg,False,1.0
2,smooth_c30,smooth,30.0,29.723113434605743,16.411269260375754,4.761912354840547,64,3844,jacobi-pcg,1e-08,True,147,8.290004916489124e-05,0.008005899959243834,0.008088800008408725,8.232383469084395e-09,0.3197669982910156,jacobi-pcg,True,1.5000494442732817
2,smooth_c30,smooth,30.0,29.723113434605743,16.411269260375754,4.761912354840547,64,3844,amg-pcg,1e-08,True,8,0.008811700041405857,0.00436319992877543,0.013174899970181286,5.217379307397312e-09,0.3197669982910156,jacobi-pcg,False,0.9209633458252561
2,smooth_c30,smooth,30.0,29.931391547005088,16.576202833556504,4.763772876868876,128,15876,cg,1e-08,True,511,4.00003045797348e-07,0.3216897000093013,0.3216901000123471,9.408092132259827e-09,1.3266029357910156,amg-pcg,False,1.0
2,smooth_c30,smooth,30.0,29.931391547005088,16.576202833556504,4.763772876868876,128,15876,jacobi-pcg,1e-08,True,299,0.00021869991905987263,0.18655059998854995,0.18676929990760982,9.925975237190156e-09,1.3266029357910156,amg-pcg,False,1.7223928138697275
2,smooth_c30,smooth,30.0,29.931391547005088,16.576202833556504,4.763772876868876,128,15876,amg-pcg,1e-08,True,9,0.05253470002207905,0.022890099906362593,0.07542479992844164,7.10588339793772e-09,1.3266029357910156,amg-pcg,True,4.265044127628402
2,smooth_c30,smooth,30.0,29.982953127525782,16.61970449903312,4.7642295778381,256,64516,cg,1e-08,True,1065,3.00002284348011e-07,1.1718332000309601,1.1718335000332445,9.456326092977594e-09,5.402774810791016,amg-pcg,False,1.0
2,smooth_c30,smooth,30.0,29.982953127525782,16.61970449903312,4.7642295778381,256,64516,jacobi-pcg,1e-08,True,606,0.0003029000945389271,0.6909716998925433,0.6912745999870822,9.388444949444086e-09,5.402774810791016,amg-pcg,False,1.6951780089347164
2,smooth_c30,smooth,30.0,29.982953127525782,16.61970449903312,4.7642295778381,256,64516,amg-pcg,1e-08,True,9,0.16593079990707338,0.0691711000399664,0.23510189994703978,4.446056539368248e-09,5.402774810791016,amg-pcg,True,4.984364228010142
2,inclusion_c100,inclusion,100.0,100.0,205.14986522290855,113.14285714285714,64,3844,cg,1e-08,True,796,1.0998919606208801e-06,0.04001420002896339,0.04001529992092401,6.111489849440583e-09,0.3197669982910156,jacobi-pcg,False,1.0
2,inclusion_c100,inclusion,100.0,100.0,205.14986522290855,113.14285714285714,64,3844,jacobi-pcg,1e-08,True,129,8.150003850460052e-05,0.00767169997561723,0.0077532000141218305,8.751716809779867e-09,0.3197669982910156,jacobi-pcg,True,5.161133447871763
2,inclusion_c100,inclusion,100.0,100.0,205.14986522290855,113.14285714285714,64,3844,amg-pcg,1e-08,True,10,0.009674599976278841,0.005536500015296042,0.015211099991574883,2.170660397415613e-09,0.3197669982910156,jacobi-pcg,False,2.63066444524641
2,inclusion_c100,inclusion,100.0,100.0,413.55607751284737,118.48818897637796,128,15876,cg,1e-08,True,1963,3.00002284348011e-07,1.2187297000782564,1.2187300000805408,8.770480871182208e-09,1.3266029357910156,amg-pcg,False,1.0
2,inclusion_c100,inclusion,100.0,100.0,413.55607751284737,118.48818897637796,128,15876,jacobi-pcg,1e-08,True,264,0.00012779992539435625,0.16469960007816553,0.1648274000035599,8.903279413536068e-09,1.3266029357910156,amg-pcg,False,7.393976972604185
2,inclusion_c100,inclusion,100.0,100.0,413.55607751284737,118.48818897637796,128,15876,amg-pcg,1e-08,True,12,0.05313759995624423,0.029074099962599576,0.0822116999188438,1.6535239596636334e-09,1.3266029357910156,amg-pcg,True,14.8242890158411
2,inclusion_c100,inclusion,100.0,100.0,830.368502092725,118.02352941176471,256,64516,cg,1e-08,True,4370,4.00003045797348e-07,4.758556500077248,4.758556900080293,9.952871014461878e-09,5.402774810791016,amg-pcg,False,1.0
2,inclusion_c100,inclusion,100.0,100.0,830.368502092725,118.02352941176471,256,64516,jacobi-pcg,1e-08,True,535,0.0003073000116273761,0.6113293999806046,0.611636699992232,9.140165530045868e-09,5.402774810791016,amg-pcg,False,7.78003821572631
2,inclusion_c100,inclusion,100.0,100.0,830.368502092725,118.02352941176471,256,64516,amg-pcg,1e-08,True,12,0.15759459999389946,0.08731869992334396,0.24491329991724342,4.449638310571465e-09,5.402774810791016,amg-pcg,True,19.42955691539911
2,layered_c100,layered,100.0,100.0,145.0628608586249,100.57142857142857,64,3844,cg,1e-08,True,1136,4.00003045797348e-07,0.05644859990570694,0.05644899990875274,9.28175956662757e-09,0.3197669982910156,jacobi-pcg,False,1.0
2,layered_c100,layered,100.0,100.0,145.0628608586249,100.57142857142857,64,3844,jacobi-pcg,1e-08,True,164,8.439994417130947e-05,0.008985199965536594,0.009069599909707904,9.526385765497279e-09,0.3197669982910156,jacobi-pcg,True,6.223979058693752
2,layered_c100,layered,100.0,100.0,145.0628608586249,100.57142857142857,64,3844,amg-pcg,1e-08,True,9,0.013474599923938513,0.004870899952948093,0.018345499876886606,1.7630778776088942e-09,0.3197669982910156,jacobi-pcg,False,3.076994373964839
2,layered_c100,layered,100.0,100.0,292.42830681024384,99.77952755905511,128,15876,cg,1e-08,True,2447,3.00002284348011e-07,1.4904653000412509,1.4904656000435352,9.125319690900396e-09,1.3266029357910156,amg-pcg,False,1.0
2,layered_c100,layered,100.0,100.0,292.42830681024384,99.77952755905511,128,15876,jacobi-pcg,1e-08,True,325,0.00013860000763088465,0.2043032000074163,0.2044418000150472,9.672378983313863e-09,1.3266029357910156,amg-pcg,False,7.290415169176924
2,layered_c100,layered,100.0,100.0,292.42830681024384,99.77952755905511,128,15876,amg-pcg,1e-08,True,10,0.05263839999679476,0.025977400015108287,0.07861580001190305,7.352976188889274e-09,1.3266029357910156,amg-pcg,True,18.95885559668498
2,layered_c100,layered,100.0,100.0,587.1591987134817,99.38823529411765,256,64516,cg,1e-08,True,5055,4.00003045797348e-07,5.530848499969579,5.530848899972625,9.736554715984458e-09,5.402774810791016,amg-pcg,False,1.0
2,layered_c100,layered,100.0,100.0,587.1591987134817,99.38823529411765,256,64516,jacobi-pcg,1e-08,True,657,0.0002911000046879053,0.7693105000071228,0.7696016000118107,9.665856518359263e-09,5.402774810791016,amg-pcg,False,7.186639034908121
2,layered_c100,layered,100.0,100.0,587.1591987134817,99.38823529411765,256,64516,amg-pcg,1e-08,True,10,0.15954500006046146,0.07284110004547983,0.2323861001059413,3.551065148729054e-09,5.402774810791016,amg-pcg,True,23.80025697514264
2,checkerboard_c100,checkerboard,100.0,100.0,205.14986522290855,1408.0,64,3844,cg,1e-08,True,443,2.00001522898674e-07,0.02063579997047782,0.020635999972000718,8.53720063550755e-09,0.3197669982910156,jacobi-pcg,False,1.0
2,checkerboard_c100,checkerboard,100.0,100.0,205.14986522290855,1408.0,64,3844,jacobi-pcg,1e-08,True,171,8.28000484034419e-05,0.008617399958893657,0.008700200007297099,8.56726025116485e-09,0.3197669982910156,jacobi-pcg,True,2.3718994913556855
2,checkerboard_c100,checkerboard,100.0,100.0,205.14986522290855,1408.0,64,3844,amg-pcg,1e-08,True,13,0.00968240003567189,0.007404100033454597,0.017086500069126487,6.723775635952874e-09,0.3197669982910156,jacobi-pcg,False,1.2077370958659817
2,checkerboard_c100,checkerboard,100.0,100.0,413.55607751284737,1396.9133858267717,128,15876,cg,1e-08,True,1050,3.00002284348011e-07,0.6368311999831349,0.6368314999854192,9.307491102354429e-09,1.3266029357910156,amg-pcg,False,1.0
2,checkerboard_c100,checkerboard,100.0,100.0,413.55607751284737,1396.9133858267717,128,15876,jacobi-pcg,1e-08,True,350,0.00011620006989687681,0.21838540001772344,0.21850160008762032,9.663696652581425e-09,1.3266029357910156,amg-pcg,False,2.9145392973325888
2,checkerboard_c100,checkerboard,100.0,100.0,413.55607751284737,1396.9133858267717,128,15876,amg-pcg,1e-08,True,17,0.0518770000198856,0.04185679997317493,0.09373379999306053,2.2699518777295833e-09,1.3266029357910156,amg-pcg,True,6.794043344370614
2,checkerboard_c100,checkerboard,100.0,100.0,830.368502092725,1391.4352941176471,256,64516,cg,1e-08,True,2268,4.00003045797348e-07,2.5510836999164894,2.551084099919535,9.554368262969479e-09,5.402774810791016,amg-pcg,False,1.0
2,checkerboard_c100,checkerboard,100.0,100.0,830.368502092725,1391.4352941176471,256,64516,jacobi-pcg,1e-08,True,718,0.00033549999352544546,0.7982476999750361,0.7985831999685615,9.718334064724532e-09,5.402774810791016,amg-pcg,False,3.1945126068516916
2,checkerboard_c100,checkerboard,100.0,100.0,830.368502092725,1391.4352941176471,256,64516,amg-pcg,1e-08,True,17,0.17478929995559156,0.1325213999953121,0.30731069995090365,3.6688607309602465e-09,5.402774810791016,amg-pcg,True,8.301318829208029
3,constant,constant,1.0,1.0,0.0,0.0,64,3844,cg,1e-08,True,116,3.00002284348011e-07,0.00719909998588264,0.007199399988166988,7.1195348044133394e-09,0.3197669982910156,cg,True,1.0
3,constant,constant,1.0,1.0,0.0,0.0,64,3844,jacobi-pcg,1e-08,True,116,0.0001547998981550336,0.007622600067406893,0.007777399965561926,7.1195407181813896e-09,0.3197669982910156,cg,False,0.9256821071367933
3,constant,constant,1.0,1.0,0.0,0.0,64,3844,amg-pcg,1e-08,True,8,0.008840000024065375,0.004468500032089651,0.013308500056155026,3.3201653201153052e-09,0.3197669982910156,cg,False,0.5409625395641299
3,constant,constant,1.0,1.0,0.0,0.0,128,15876,cg,1e-08,True,235,5.00003807246685e-07,0.14517569995950907,0.14517619996331632,9.50404988287223e-09,1.3266029357910156,amg-pcg,False,1.0
3,constant,constant,1.0,1.0,0.0,0.0,128,15876,jacobi-pcg,1e-08,True,235,0.00013379997108131647,0.14988740009721369,0.150021200068295,9.504086634597289e-09,1.3266029357910156,amg-pcg,False,0.9677045637365048
3,constant,constant,1.0,1.0,0.0,0.0,128,15876,amg-pcg,1e-08,True,10,0.052100300090387464,0.02522289997432381,0.07732320006471127,9.190756341175512e-10,1.3266029357910156,amg-pcg,True,1.8775244666777802
3,constant,constant,1.0,1.0,0.0,0.0,256,64516,cg,1e-08,True,466,3.00002284348011e-07,0.5230345000745729,0.5230348000768572,9.709796185319237e-09,5.402774810791016,amg-pcg,False,1.0
3,constant,constant,1.0,1.0,0.0,0.0,256,64516,jacobi-pcg,1e-08,True,466,0.00029740005265921354,0.532651900080964,0.5329493001336232,9.709851023876624e-09,5.402774810791016,amg-pcg,False,0.9813969170157834
3,constant,constant,1.0,1.0,0.0,0.0,256,64516,amg-pcg,1e-08,True,9,0.16676379996351898,0.06682159996125847,0.23358539992477745,4.744690567112688e-09,5.402774810791016,amg-pcg,True,2.239158784090497
3,smooth_c30,smooth,30.0,29.723113434605743,16.411269260375754,4.761912354840547,64,3844,cg,1e-08,True,242,6.00004568696022e-07,0.011540600098669529,0.011541200103238225,8.529053092533215e-09,0.3197669982910156,jacobi-pcg,False,1.0
3,smooth_c30,smooth,30.0,29.723113434605743,16.411269260375754,4.761912354840547,64,3844,jacobi-pcg,1e-08,True,147,8.260004688054323e-05,0.007002800004556775,0.007085400051437318,8.232383469084395e-09,0.3197669982910156,jacobi-pcg,True,1.6288706381366596
3,smooth_c30,smooth,30.0,29.723113434605743,16.411269260375754,4.761912354840547,64,3844,amg-pcg,1e-08,True,8,0.01236529997549951,0.004209500038996339,0.01657480001449585,5.202565926857863e-09,0.3197669982910156,jacobi-pcg,False,0.6963100666761963
3,smooth_c30,smooth,30.0,29.931391547005088,16.576202833556504,4.763772876868876,128,15876,cg,1e-08,True,511,3.00002284348011e-07,0.3286413000896573,0.32864160009194165,9.408092132259827e-09,1.3266029357910156,amg-pcg,False,1.0
3,smooth_c30,smooth,30.0,29.931391547005088,16.576202833556504,4.763772876868876,128,15876,jacobi-pcg,1e-08,True,299,0.00017450004816055298,0.20142080006189644,0.201595300110057,9.925975237190156e-09,1.3266029357910156,amg-pcg,False,1.6302046719964514
3,smooth_c30,smooth,30.0,29.931391547005088,16.576202833556504,4.763772876868876,128,15876,amg-pcg,1e-08,True,9,0.05387669999618083,0.024629099993035197,0.07850579998921603,7.0989687382749675e-09,1.3266029357910156,amg-pcg,True,4.186207899761363
3,smooth_c30,smooth,30.0,29.982953127525782,16.61970449903312,4.7642295778381,256,64516,cg,1e-08,True,1065,4.00003045797348e-07,1.1858464000979438,1.1858468001009896,9.456326092977594e-09,5.402774810791016,amg-pcg,False,1.0
3,smooth_c30,smooth,30.0,29.982953127525782,16.61970449903312,4.7642295778381,256,64516,jacobi-pcg,1e-08,True,606,0.0002845000708475709,0.6611821000697091,0.6614666001405567,9.388444949444086e-09,5.402774810791016,amg-pcg,False,1.7927538591502672
3,smooth_c30,smooth,30.0,29.982953127525782,16.61970449903312,4.7642295778381,256,64516,amg-pcg,1e-08,True,9,0.15435820003040135,0.062282999977469444,0.2166412000078708,4.434909484750157e-09,5.402774810791016,amg-pcg,True,5.473782457159149
3,inclusion_c100,inclusion,100.0,100.0,205.14986522290855,113.14285714285714,64,3844,cg,1e-08,True,796,7.00005330145359e-07,0.037319499999284744,0.03732020000461489,6.111489849440583e-09,0.3197669982910156,jacobi-pcg,False,1.0
3,inclusion_c100,inclusion,100.0,100.0,205.14986522290855,113.14285714285714,64,3844,jacobi-pcg,1e-08,True,129,7.890001870691776e-05,0.006328699993900955,0.0064076000126078725,8.751716809779867e-09,0.3197669982910156,jacobi-pcg,True,5.8243648060400215
3,inclusion_c100,inclusion,100.0,100.0,205.14986522290855,113.14285714285714,64,3844,amg-pcg,1e-08,True,10,0.008390899980440736,0.005396499997004867,0.013787399977445602,2.18397903468455e-09,0.3197669982910156,jacobi-pcg,False,2.7068337805290263
3,inclusion_c100,inclusion,100.0,100.0,413.55607751284737,118.48818897637796,128,15876,cg,1e-08,True,1963,4.00003045797348e-07,1.1666764999972656,1.1666769000003114,8.770480871182208e-09,1.3266029357910156,amg-pcg,False,1.0
3,inclusion_c100,inclusion,100.0,100.0,413.55607751284737,118.48818897637796,128,15876,jacobi-pcg,1e-08,True,264,0.00012240000069141388,0.1607248999644071,0.1608472999650985,8.903279413536068e-09,1.3266029357910156,amg-pcg,False,7.253319765103071
3,inclusion_c100,inclusion,100.0,100.0,413.55607751284737,118.48818897637796,128,15876,amg-pcg,1e-08,True,12,0.052351600024849176,0.029585100011900067,0.08193670003674924,1.6487458453461533e-09,1.3266029357910156,amg-pcg,True,14.238758693931386
3,inclusion_c100,inclusion,100.0,100.0,830.368502092725,118.02352941176471,256,64516,cg,1e-08,True,4370,3.00002284348011e-07,4.860944399959408,4.860944699961692,9.952871014461878e-09,5.402774810791016,amg-pcg,False,1.0
3,inclusion_c100,inclusion,100.0,100.0,830.368502092725,118.02352941176471,256,64516,jacobi-pcg,1e-08,True,535,0.00035850005224347115,0.5929868000093848,0.5933453000616282,9.140165530045868e-09,5.402774810791016,amg-pcg,False,8.192438196538856
3,inclusion_c100,inclusion,100.0,100.0,830.368502092725,118.02352941176471,256,64516,amg-pcg,1e-08,True,12,0.15703940007369965,0.084968899958767,0.24200830003246665,4.453022984106646e-09,5.402774810791016,amg-pcg,True,20.085859449074977
3,layered_c100,layered,100.0,100.0,145.0628608586249,100.57142857142857,64,3844,cg,1e-08,True,1136,4.00003045797348e-07,0.054763899999670684,0.05476430000271648,9.28175956662757e-09,0.3197669982910156,jacobi-pcg,False,1.0
3,layered_c100,layered,100.0,100.0,145.0628608586249,100.57142857142857,64,3844,jacobi-pcg,1e-08,True,164,7.98000255599618e-05,0.008177099982276559,0.00825690000783652,9.526385765497279e-09,0.3197669982910156,jacobi-pcg,True,6.632549740306939
3,layered_c100,layered,100.0,100.0,145.0628608586249,100.57142857142857,64,3844,amg-pcg,1e-08,True,9,0.008499199990183115,0.0048117999685928226,0.013310999958775938,1.7563074536159693e-09,0.3197669982910156,jacobi-pcg,False,4.114213821074381
3,layered_c100,layered,100.0,100.0,292.42830681024384,99.77952755905511,128,15876,cg,1e-08,True,2447,6.00004568696022e-07,1.5072238000575453,1.507224400062114,9.125319690900396e-09,1.3266029357910156,amg-pcg,False,1.0
3,layered_c100,layered,100.0,100.0,292.42830681024384,99.77952755905511,128,15876,jacobi-pcg,1e-08,True,325,0.00012299988884478807,0.2038122999947518,0.2039352998835966,9.672378983313863e-09,1.3266029357910156,amg-pcg,False,7.390698917364559
3,layered_c100,layered,100.0,100.0,292.42830681024384,99.77952755905511,128,15876,amg-pcg,1e-08,True,10,0.05256399989593774,0.025044800015166402,0.07760879991110414,7.364818287699332e-09,1.3266029357910156,amg-pcg,True,19.420792510495485
3,layered_c100,layered,100.0,100.0,587.1591987134817,99.38823529411765,256,64516,cg,1e-08,True,5055,3.00002284348011e-07,5.892763399984688,5.892763699986972,9.736554715984458e-09,5.402774810791016,amg-pcg,False,1.0
3,layered_c100,layered,100.0,100.0,587.1591987134817,99.38823529411765,256,64516,jacobi-pcg,1e-08,True,657,0.00028899998869746923,0.7653853000374511,0.7656743000261486,9.665856518359263e-09,5.402774810791016,amg-pcg,False,7.696175383953371
3,layered_c100,layered,100.0,100.0,587.1591987134817,99.38823529411765,256,64516,amg-pcg,1e-08,True,10,0.15956639999058098,0.0742088999832049,0.23377529997378588,3.5553630226092037e-09,5.402774810791016,amg-pcg,True,25.206955998549677
3,checkerboard_c100,checkerboard,100.0,100.0,205.14986522290855,1408.0,64,3844,cg,1e-08,True,443,6.00004568696022e-07,0.02139869995880872,0.021399299963377416,8.53720063550755e-09,0.3197669982910156,jacobi-pcg,False,1.0
3,checkerboard_c100,checkerboard,100.0,100.0,205.14986522290855,1408.0,64,3844,jacobi-pcg,1e-08,True,171,8.010002784430981e-05,0.010285699972882867,0.010365800000727177,8.56726025116485e-09,0.3197669982910156,jacobi-pcg,True,2.064413741522721
3,checkerboard_c100,checkerboard,100.0,100.0,205.14986522290855,1408.0,64,3844,amg-pcg,1e-08,True,13,0.00793990003876388,0.006797899957746267,0.014737799996510148,6.715461212625314e-09,0.3197669982910156,jacobi-pcg,False,1.4520009749382325
3,checkerboard_c100,checkerboard,100.0,100.0,413.55607751284737,1396.9133858267717,128,15876,cg,1e-08,True,1050,2.00001522898674e-07,0.6347328000701964,0.6347330000717193,9.307491102354429e-09,1.3266029357910156,amg-pcg,False,1.0
3,checkerboard_c100,checkerboard,100.0,100.0,413.55607751284737,1396.9133858267717,128,15876,jacobi-pcg,1e-08,True,350,0.00014100002590566874,0.2194586000405252,0.21959960006643087,9.663696652581425e-09,1.3266029357910156,amg-pcg,False,2.8904105466481123
3,checkerboard_c100,checkerboard,100.0,100.0,413.55607751284737,1396.9133858267717,128,15876,amg-pcg,1e-08,True,17,0.053045400069095194,0.0492577999830246,0.10230320005211979,2.273431023602776e-09,1.3266029357910156,amg-pcg,True,6.204429575500529
3,checkerboard_c100,checkerboard,100.0,100.0,830.368502092725,1391.4352941176471,256,64516,cg,1e-08,True,2268,3.00002284348011e-07,2.626761000021361,2.626761300023645,9.554368262969479e-09,5.402774810791016,amg-pcg,False,1.0
3,checkerboard_c100,checkerboard,100.0,100.0,830.368502092725,1391.4352941176471,256,64516,jacobi-pcg,1e-08,True,718,0.0003529000096023083,0.8361482999753207,0.836501199984923,9.718334064724532e-09,5.402774810791016,amg-pcg,False,3.1401763680326935
3,checkerboard_c100,checkerboard,100.0,100.0,830.368502092725,1391.4352941176471,256,64516,amg-pcg,1e-08,True,17,0.15840969991404563,0.12563490006141365,0.2840445999754593,3.669229376332364e-09,5.402774810791016,amg-pcg,True,9.247707227141762
4,constant,constant,1.0,1.0,0.0,0.0,64,3844,cg,1e-08,True,116,3.00002284348011e-07,0.005550800007767975,0.005551100010052323,7.1195348044133394e-09,0.3197669982910156,cg,True,1.0
4,constant,constant,1.0,1.0,0.0,0.0,64,3844,jacobi-pcg,1e-08,True,116,7.349997758865356e-05,0.005679799942299724,0.005753299919888377,7.1195407181813896e-09,0.3197669982910156,cg,False,0.9648549679920082
4,constant,constant,1.0,1.0,0.0,0.0,64,3844,amg-pcg,1e-08,True,8,0.009125999989919364,0.004399899975396693,0.013525899965316057,3.2862967481206315e-09,0.3197669982910156,cg,False,0.4104052243685666
4,constant,constant,1.0,1.0,0.0,0.0,128,15876,cg,1e-08,True,235,4.00003045797348e-07,0.1502934000454843,0.1502938000485301,9.50404988287223e-09,1.3266029357910156,amg-pcg,False,1.0
4,constant,constant,1.0,1.0,0.0,0.0,128,15876,jacobi-pcg,1e-08,True,235,0.00013379997108131647,0.14937800006009638,0.1495118000311777,9.504086634597289e-09,1.3266029357910156,amg-pcg,False,1.0052303565149328
4,constant,constant,1.0,1.0,0.0,0.0,128,15876,amg-pcg,1e-08,True,10,0.051231799996457994,0.02496509999036789,0.07619689998682588,9.210429662604086e-10,1.3266029357910156,amg-pcg,True,1.9724398246452972
4,constant,constant,1.0,1.0,0.0,0.0,256,64516,cg,1e-08,True,466,3.00002284348011e-07,0.5109834999311715,0.5109837999334559,9.709796185319237e-09,5.402774810791016,amg-pcg,False,1.0
4,constant,constant,1.0,1.0,0.0,0.0,256,64516,jacobi-pcg,1e-08,True,466,0.00038129999302327633,0.5287119999993593,0.5290932999923825,9.709851023876624e-09,5.402774810791016,amg-pcg,False,0.9657725772388587
4,constant,constant,1.0,1.0,0.0,0.0,256,64516,amg-pcg,1e-08,True,9,0.15643510001245886,0.06320630002301186,0.21964140003547072,4.779341758799233e-09,5.402774810791016,amg-pcg,True,2.3264457422459297
4,smooth_c30,smooth,30.0,29.723113434605743,16.411269260375754,4.761912354840547,64,3844,cg,1e-08,True,242,3.00002284348011e-07,0.01123639999423176,0.011236699996516109,8.529053092533215e-09,0.3197669982910156,jacobi-pcg,False,1.0
4,smooth_c30,smooth,30.0,29.723113434605743,16.411269260375754,4.761912354840547,64,3844,jacobi-pcg,1e-08,True,147,6.739993114024401e-05,0.007300700061023235,0.007368099992163479,8.232383469084395e-09,0.3197669982910156,jacobi-pcg,True,1.5250471639184013
4,smooth_c30,smooth,30.0,29.723113434605743,16.411269260375754,4.761912354840547,64,3844,amg-pcg,1e-08,True,8,0.008759399992413819,0.0042842000257223845,0.013043600018136203,5.1813137675479e-09,0.3197669982910156,jacobi-pcg,False,0.8614722914603539
4,smooth_c30,smooth,30.0,29.931391547005088,16.576202833556504,4.763772876868876,128,15876,cg,1e-08,True,511,4.00003045797348e-07,0.31741549994330853,0.31741589994635433,9.408092132259827e-09,1.3266029357910156,amg-pcg,False,1.0
4,smooth_c30,smooth,30.0,29.931391547005088,16.576202833556504,4.763772876868876,128,15876,jacobi-pcg,1e-08,True,299,0.00015579990576952696,0.18973630003165454,0.18989209993742406,9.925975237190156e-09,1.3266029357910156,amg-pcg,False,1.6715592699799187
4,smooth_c30,smooth,30.0,29.931391547005088,16.576202833556504,4.763772876868876,128,15876,amg-pcg,1e-08,True,9,0.05452539992984384,0.022995000006631017,0.07752039993647486,7.079450500232823e-09,1.3266029357910156,amg-pcg,True,4.0946112275796445
4,smooth_c30,smooth,30.0,29.982953127525782,16.61970449903312,4.7642295778381,256,64516,cg,1e-08,True,1065,6.00004568696022e-07,1.1683781000319868,1.1683787000365555,9.456326092977594e-09,5.402774810791016,amg-pcg,False,1.0
4,smooth_c30,smooth,30.0,29.982953127525782,16.61970449903312,4.7642295778381,256,64516,jacobi-pcg,1e-08,True,606,0.0002978999400511384,0.6958364000311121,0.6961342999711633,9.388444949444086e-09,5.402774810791016,amg-pcg,False,1.6783811688131938
4,smooth_c30,smooth,30.0,29.982953127525782,16.61970449903312,4.7642295778381,256,64516,amg-pcg,1e-08,True,9,0.1614013999933377,0.06928539997898042,0.2306867999723181,4.451213885489357e-09,5.402774810791016,amg-pcg,True,5.064783508101713
4,inclusion_c100,inclusion,100.0,100.0,205.14986522290855,113.14285714285714,64,3844,cg,1e-08,True,796,5.00003807246685e-07,0.037740500061772764,0.03774100006558001,6.111489849440583e-09,0.3197669982910156,jacobi-pcg,False,1.0
4,inclusion_c100,inclusion,100.0,100.0,205.14986522290855,113.14285714285714,64,3844,jacobi-pcg,1e-08,True,129,8.070003241300583e-05,0.00638709997292608,0.006467800005339086,8.751716809779867e-09,0.3197669982910156,jacobi-pcg,True,5.835214452275163
4,inclusion_c100,inclusion,100.0,100.0,205.14986522290855,113.14285714285714,64,3844,amg-pcg,1e-08,True,10,0.007839799975045025,0.005172000033780932,0.013011800008825958,2.160379535569386e-09,0.3197669982910156,jacobi-pcg,False,2.9005210685670035
4,inclusion_c100,inclusion,100.0,100.0,413.55607751284737,118.48818897637796,128,15876,cg,1e-08,True,1963,4.00003045797348e-07,1.2204812999116257,1.2204816999146715,8.770480871182208e-09,1.3266029357910156,amg-pcg,False,1.0
4,inclusion_c100,inclusion,100.0,100.0,413.55607751284737,118.48818897637796,128,15876,jacobi-pcg,1e-08,True,264,0.00011769996490329504,0.1756667000008747,0.175784399965778,8.903279413536068e-09,1.3266029357910156,amg-pcg,False,6.943060363446796
4,inclusion_c100,inclusion,100.0,100.0,413.55607751284737,118.48818897637796,128,15876,amg-pcg,1e-08,True,12,0.05330939998384565,0.030271199997514486,0.08358059998136014,1.6476733696149308e-09,1.3266029357910156,amg-pcg,True,14.602452006648184
4,inclusion_c100,inclusion,100.0,100.0,830.368502092725,118.02352941176471,256,64516,cg,1e-08,True,4370,7.00005330145359e-07,4.901981299975887,4.901981999981217,9.952871014461878e-09,5.402774810791016,amg-pcg,False,1.0
4,inclusion_c100,inclusion,100.0,100.0,830.368502092725,118.02352941176471,256,64516,jacobi-pcg,1e-08,True,535,0.00026110000908374786,0.6402671999530867,0.6405282999621704,9.140165530045868e-09,5.402774810791016,amg-pcg,False,7.653029538695992
4,inclusion_c100,inclusion,100.0,100.0,830.368502092725,118.02352941176471,256,64516,amg-pcg,1e-08,True,12,0.15757569996640086,0.08622810000088066,0.24380379996728152,4.375790576218898e-09,5.402774810791016,amg-pcg,True,20.106257575308767
4,layered_c100,layered,100.0,100.0,145.0628608586249,100.57142857142857,64,3844,cg,1e-08,True,1136,5.00003807246685e-07,0.052837900002487004,0.05283840000629425,9.28175956662757e-09,0.3197669982910156,jacobi-pcg,False,1.0
4,layered_c100,layered,100.0,100.0,145.0628608586249,100.57142857142857,64,3844,jacobi-pcg,1e-08,True,164,8.640007581561804e-05,0.008000099915079772,0.00808649999089539,9.526385765497279e-09,0.3197669982910156,jacobi-pcg,True,6.534149516575172
4,layered_c100,layered,100.0,100.0,145.0628608586249,100.57142857142857,64,3844,amg-pcg,1e-08,True,9,0.010121300001628697,0.004778600065037608,0.014899900066666305,1.7831383876349022e-09,0.3197669982910156,jacobi-pcg,False,3.546225127006257
4,layered_c100,layered,100.0,100.0,292.42830681024384,99.77952755905511,128,15876,cg,1e-08,True,2447,5.00003807246685e-07,1.4965710999676958,1.496571599971503,9.125319690900396e-09,1.3266029357910156,amg-pcg,False,1.0
4,layered_c100,layered,100.0,100.0,292.42830681024384,99.77952755905511,128,15876,jacobi-pcg,1e-08,True,325,0.00015219999477267265,0.19627750001382083,0.1964297000085935,9.672378983313863e-09,1.3266029357910156,amg-pcg,False,7.618866189308594
4,layered_c100,layered,100.0,100.0,292.42830681024384,99.77952755905511,128,15876,amg-pcg,1e-08,True,10,0.05037750001065433,0.02459469996392727,0.0749721999745816,7.264946326592587e-09,1.3266029357910156,amg-pcg,True,19.961687138417936
4,layered_c100,layered,100.0,100.0,587.1591987134817,99.38823529411765,256,64516,cg,1e-08,True,5055,3.00002284348011e-07,5.599815100082196,5.599815400084481,9.736554715984458e-09,5.402774810791016,amg-pcg,False,1.0
4,layered_c100,layered,100.0,100.0,587.1591987134817,99.38823529411765,256,64516,jacobi-pcg,1e-08,True,657,0.00033189996611326933,0.7411109000677243,0.7414428000338376,9.665856518359263e-09,5.402774810791016,amg-pcg,False,7.552592593560716
4,layered_c100,layered,100.0,100.0,587.1591987134817,99.38823529411765,256,64516,amg-pcg,1e-08,True,10,0.15751849999651313,0.07282109989318997,0.2303395998897031,3.557507473172878e-09,5.402774810791016,amg-pcg,True,24.311127581909158
4,checkerboard_c100,checkerboard,100.0,100.0,205.14986522290855,1408.0,64,3844,cg,1e-08,True,443,4.00003045797348e-07,0.020846699946559966,0.020847099949605763,8.53720063550755e-09,0.3197669982910156,jacobi-pcg,False,1.0
4,checkerboard_c100,checkerboard,100.0,100.0,205.14986522290855,1408.0,64,3844,jacobi-pcg,1e-08,True,171,8.299993351101875e-05,0.008469899999909103,0.008552899933420122,8.56726025116485e-09,0.3197669982910156,jacobi-pcg,True,2.4374305921838904
4,checkerboard_c100,checkerboard,100.0,100.0,205.14986522290855,1408.0,64,3844,amg-pcg,1e-08,True,13,0.008937899954617023,0.006678599980659783,0.015616499935276806,6.70216087547394e-09,0.3197669982910156,jacobi-pcg,False,1.3349406099963104
4,checkerboard_c100,checkerboard,100.0,100.0,413.55607751284737,1396.9133858267717,128,15876,cg,1e-08,True,1050,5.00003807246685e-07,0.6512449000729248,0.651245400076732,9.307491102354429e-09,1.3266029357910156,amg-pcg,False,1.0
4,checkerboard_c100,checkerboard,100.0,100.0,413.55607751284737,1396.9133858267717,128,15876,jacobi-pcg,1e-08,True,350,0.00012089998926967382,0.22202310001011938,0.22214399999938905,9.663696652581425e-09,1.3266029357910156,amg-pcg,False,2.9316362363085346
4,checkerboard_c100,checkerboard,100.0,100.0,413.55607751284737,1396.9133858267717,128,15876,amg-pcg,1e-08,True,17,0.05403380002826452,0.042362799984402955,0.09639660001266748,2.2533567510092587e-09,1.3266029357910156,amg-pcg,True,6.755895954744792
4,checkerboard_c100,checkerboard,100.0,100.0,830.368502092725,1391.4352941176471,256,64516,cg,1e-08,True,2268,3.00002284348011e-07,2.45738070004154,2.4573810000438243,9.554368262969479e-09,5.402774810791016,amg-pcg,False,1.0
4,checkerboard_c100,checkerboard,100.0,100.0,830.368502092725,1391.4352941176471,256,64516,jacobi-pcg,1e-08,True,718,0.00032460002694278955,0.843812899896875,0.8441374999238178,9.718334064724532e-09,5.402774810791016,amg-pcg,False,2.9111145995357384
4,checkerboard_c100,checkerboard,100.0,100.0,830.368502092725,1391.4352941176471,256,64516,amg-pcg,1e-08,True,17,0.15371810004580766,0.12221669999416918,0.27593480003997684,3.6698566649973554e-09,5.402774810791016,amg-pcg,True,8.905658147097808
5,constant,constant,1.0,1.0,0.0,0.0,64,3844,cg,1e-08,True,116,4.00003045797348e-07,0.005473600002005696,0.005474000005051494,7.1195348044133394e-09,0.3197669982910156,cg,True,1.0
5,constant,constant,1.0,1.0,0.0,0.0,64,3844,jacobi-pcg,1e-08,True,116,5.539995618164539e-05,0.0056801000609993935,0.005735500017181039,7.1195407181813896e-09,0.3197669982910156,cg,False,0.9544067629071212
5,constant,constant,1.0,1.0,0.0,0.0,64,3844,amg-pcg,1e-08,True,8,0.00864680006634444,0.004134199931286275,0.012780999997630715,3.2941775606206355e-09,0.3197669982910156,cg,False,0.4282919964060902
5,constant,constant,1.0,1.0,0.0,0.0,128,15876,cg,1e-08,True,235,3.00002284348011e-07,0.14214259991422296,0.1421428999165073,9.50404988287223e-09,1.3266029357910156,amg-pcg,False,1.0
5,constant,constant,1.0,1.0,0.0,0.0,128,15876,jacobi-pcg,1e-08,True,235,0.0001230000052601099,0.14741269999649376,0.14753570000175387,9.504086634597289e-09,1.3266029357910156,amg-pcg,False,0.9634474904366709
5,constant,constant,1.0,1.0,0.0,0.0,128,15876,amg-pcg,1e-08,True,10,0.05234699998982251,0.024533500079996884,0.07688050006981939,9.189403778079175e-10,1.3266029357910156,amg-pcg,True,1.8488810528992339
5,constant,constant,1.0,1.0,0.0,0.0,256,64516,cg,1e-08,True,466,2.00001522898674e-07,0.4931152000790462,0.4931154000805691,9.709796185319237e-09,5.402774810791016,amg-pcg,False,1.0
5,constant,constant,1.0,1.0,0.0,0.0,256,64516,jacobi-pcg,1e-08,True,466,0.0003163999645039439,0.5487131000263616,0.5490294999908656,9.709851023876624e-09,5.402774810791016,amg-pcg,False,0.8981582958452564
5,constant,constant,1.0,1.0,0.0,0.0,256,64516,amg-pcg,1e-08,True,9,0.16004510002676398,0.06506350007839501,0.22510860010515898,4.739579639572289e-09,5.402774810791016,amg-pcg,True,2.19056668581392
5,smooth_c30,smooth,30.0,29.723113434605743,16.411269260375754,4.761912354840547,64,3844,cg,1e-08,True,242,5.00003807246685e-07,0.011495500104501843,0.01149600010830909,8.529053092533215e-09,0.3197669982910156,jacobi-pcg,False,1.0
5,smooth_c30,smooth,30.0,29.723113434605743,16.411269260375754,4.761912354840547,64,3844,jacobi-pcg,1e-08,True,147,7.82000133767724e-05,0.007294700015336275,0.0073729000287130475,8.232383469084395e-09,0.3197669982910156,jacobi-pcg,True,1.5592236519604263
5,smooth_c30,smooth,30.0,29.723113434605743,16.411269260375754,4.761912354840547,64,3844,amg-pcg,1e-08,True,8,0.009747200063429773,0.004465499892830849,0.014212699956260622,5.196030381921225e-09,0.3197669982910156,jacobi-pcg,False,0.8088540631750382
5,smooth_c30,smooth,30.0,29.931391547005088,16.576202833556504,4.763772876868876,128,15876,cg,1e-08,True,511,4.00003045797348e-07,0.31933830003254116,0.31933870003558695,9.408092132259827e-09,1.3266029357910156,amg-pcg,False,1.0
5,smooth_c30,smooth,30.0,29.931391547005088,16.576202833556504,4.763772876868876,128,15876,jacobi-pcg,1e-08,True,299,0.00012660003267228603,0.19023179996293038,0.19035839999560267,9.925975237190156e-09,1.3266029357910156,amg-pcg,False,1.6775655817813333
5,smooth_c30,smooth,30.0,29.931391547005088,16.576202833556504,4.763772876868876,128,15876,amg-pcg,1e-08,True,9,0.055904499953612685,0.022931299987249076,0.07883579994086176,7.060934268255741e-09,1.3266029357910156,amg-pcg,True,4.05068129295494
5,smooth_c30,smooth,30.0,29.982953127525782,16.61970449903312,4.7642295778381,256,64516,cg,1e-08,True,1065,3.00002284348011e-07,1.1825095999520272,1.1825098999543115,9.456326092977594e-09,5.402774810791016,amg-pcg,False,1.0
5,smooth_c30,smooth,30.0,29.982953127525782,16.61970449903312,4.7642295778381,256,64516,jacobi-pcg,1e-08,True,606,0.00028900010511279106,0.6907933000475168,0.6910823001526296,9.388444949444086e-09,5.402774810791016,amg-pcg,False,1.7110985185022787
5,smooth_c30,smooth,30.0,29.982953127525782,16.61970449903312,4.7642295778381,256,64516,amg-pcg,1e-08,True,9,0.1696724999928847,0.06607729999814183,0.23574979999102652,4.448921527896779e-09,5.402774810791016,amg-pcg,True,5.0159529297557075
5,inclusion_c100,inclusion,100.0,100.0,205.14986522290855,113.14285714285714,64,3844,cg,1e-08,True,796,4.00003045797348e-07,0.04252920008730143,0.04252960009034723,6.111489849440583e-09,0.3197669982910156,jacobi-pcg,False,1.0
5,inclusion_c100,inclusion,100.0,100.0,205.14986522290855,113.14285714285714,64,3844,jacobi-pcg,1e-08,True,129,8.100003469735384e-05,0.006945899920538068,0.007026899955235422,8.751716809779867e-09,0.3197669982910156,jacobi-pcg,True,6.052398690927764
5,inclusion_c100,inclusion,100.0,100.0,205.14986522290855,113.14285714285714,64,3844,amg-pcg,1e-08,True,10,0.009683899930678308,0.005202900036238134,0.014886799966916442,2.178523447113472e-09,0.3197669982910156,jacobi-pcg,False,2.8568664981636442
5,inclusion_c100,inclusion,100.0,100.0,413.55607751284737,118.48818897637796,128,15876,cg,1e-08,True,1963,2.00001522898674e-07,1.281262900098227,1.2812631000997499,8.770480871182208e-09,1.3266029357910156,amg-pcg,False,1.0
5,inclusion_c100,inclusion,100.0,100.0,413.55607751284737,118.48818897637796,128,15876,jacobi-pcg,1e-08,True,264,0.00013189995661377907,0.16834840003866702,0.1684802999952808,8.903279413536068e-09,1.3266029357910156,amg-pcg,False,7.604824422414007
5,inclusion_c100,inclusion,100.0,100.0,413.55607751284737,118.48818897637796,128,15876,amg-pcg,1e-08,True,12,0.05285370000638068,0.03142509993631393,0.0842787999426946,1.6490357160244036e-09,1.3266029357910156,amg-pcg,True,15.202673756282067
5,inclusion_c100,inclusion,100.0,100.0,830.368502092725,118.02352941176471,256,64516,cg,1e-08,True,4370,3.00002284348011e-07,4.966640200000256,4.966640500002541,9.952871014461878e-09,5.402774810791016,amg-pcg,False,1.0
5,inclusion_c100,inclusion,100.0,100.0,830.368502092725,118.02352941176471,256,64516,jacobi-pcg,1e-08,True,535,0.0003003000747412443,0.6381306999828666,0.6384310000576079,9.140165530045868e-09,5.402774810791016,amg-pcg,False,7.77944758251774
5,inclusion_c100,inclusion,100.0,100.0,830.368502092725,118.02352941176471,256,64516,amg-pcg,1e-08,True,12,0.16912829992361367,0.08566920005250722,0.2547974999761209,4.455445483575019e-09,5.402774810791016,amg-pcg,True,19.492500909420244
5,layered_c100,layered,100.0,100.0,145.0628608586249,100.57142857142857,64,3844,cg,1e-08,True,1136,4.00003045797348e-07,0.05624649999663234,0.056246899999678135,9.28175956662757e-09,0.3197669982910156,jacobi-pcg,False,1.0
5,layered_c100,layered,100.0,100.0,145.0628608586249,100.57142857142857,64,3844,jacobi-pcg,1e-08,True,164,8.429994340986013e-05,0.008428200031630695,0.008512499975040555,9.526385765497279e-09,0.3197669982910156,jacobi-pcg,True,6.607565364416952
5,layered_c100,layered,100.0,100.0,145.0628608586249,100.57142857142857,64,3844,amg-pcg,1e-08,True,9,0.010586500051431358,0.004864500020630658,0.015451000072062016,1.7496926632759126e-09,0.3197669982910156,jacobi-pcg,False,3.6403404140410243
5,layered_c100,layered,100.0,100.0,292.42830681024384,99.77952755905511,128,15876,cg,1e-08,True,2447,3.00002284348011e-07,1.4935754999751225,1.4935757999774069,9.125319690900396e-09,1.3266029357910156,amg-pcg,False,1.0
5,layered_c100,layered,100.0,100.0,292.42830681024384,99.77952755905511,128,15876,jacobi-pcg,1e-08,True,325,0.00017579994164407253,0.20144070009700954,0.2016165000386536,9.672378983313863e-09,1.3266029357910156,amg-pcg,False,7.408003807679733
5,layered_c100,layered,100.0,100.0,292.42830681024384,99.77952755905511,128,15876,amg-pcg,1e-08,True,10,0.05419900000561029,0.02649669989477843,0.08069569990038872,7.28411625653074e-09,1.3266029357910156,amg-pcg,True,18.508740884843757
5,layered_c100,layered,100.0,100.0,587.1591987134817,99.38823529411765,256,64516,cg,1e-08,True,5055,2.00001522898674e-07,5.559187199920416,5.559187399921939,9.736554715984458e-09,5.402774810791016,amg-pcg,False,1.0
5,layered_c100,layered,100.0,100.0,587.1591987134817,99.38823529411765,256,64516,jacobi-pcg,1e-08,True,657,0.00027650000993162394,0.7855850000632927,0.7858615000732243,9.665856518359263e-09,5.402774810791016,amg-pcg,False,7.074004006308936
5,layered_c100,layered,100.0,100.0,587.1591987134817,99.38823529411765,256,64516,amg-pcg,1e-08,True,10,0.16409759991802275,0.07250570005271584,0.2366032999707386,3.5600277594310235e-09,5.402774810791016,amg-pcg,True,23.495815149701883
5,checkerboard_c100,checkerboard,100.0,100.0,205.14986522290855,1408.0,64,3844,cg,1e-08,True,443,4.00003045797348e-07,0.021181399933993816,0.021181799937039614,8.53720063550755e-09,0.3197669982910156,jacobi-pcg,False,1.0
5,checkerboard_c100,checkerboard,100.0,100.0,205.14986522290855,1408.0,64,3844,jacobi-pcg,1e-08,True,171,8.340005297213793e-05,0.00861839996650815,0.008701800019480288,8.56726025116485e-09,0.3197669982910156,jacobi-pcg,True,2.4341860177918324
5,checkerboard_c100,checkerboard,100.0,100.0,205.14986522290855,1408.0,64,3844,amg-pcg,1e-08,True,13,0.009088799939490855,0.0069688999792560935,0.016057699918746948,6.72588280117035e-09,0.3197669982910156,jacobi-pcg,False,1.319105478631495
5,checkerboard_c100,checkerboard,100.0,100.0,413.55607751284737,1396.9133858267717,128,15876,cg,1e-08,True,1050,4.00003045797348e-07,0.6371331000700593,0.6371335000731051,9.307491102354429e-09,1.3266029357910156,amg-pcg,False,1.0
5,checkerboard_c100,checkerboard,100.0,100.0,413.55607751284737,1396.9133858267717,128,15876,jacobi-pcg,1e-08,True,350,0.00012660003267228603,0.21697149996180087,0.21709809999447316,9.663696652581425e-09,1.3266029357910156,amg-pcg,False,2.9347723452638466
5,checkerboard_c100,checkerboard,100.0,100.0,413.55607751284737,1396.9133858267717,128,15876,amg-pcg,1e-08,True,17,0.05679699999745935,0.043196900049224496,0.09999390004668385,2.2693248590514947e-09,1.3266029357910156,amg-pcg,True,6.371723672900532
5,checkerboard_c100,checkerboard,100.0,100.0,830.368502092725,1391.4352941176471,256,64516,cg,1e-08,True,2268,4.00003045797348e-07,2.549649400054477,2.549649800057523,9.554368262969479e-09,5.402774810791016,amg-pcg,False,1.0
5,checkerboard_c100,checkerboard,100.0,100.0,830.368502092725,1391.4352941176471,256,64516,jacobi-pcg,1e-08,True,718,0.00028540007770061493,0.8287118999287486,0.8289973000064492,9.718334064724532e-09,5.402774810791016,amg-pcg,False,3.075582755260708
5,checkerboard_c100,checkerboard,100.0,100.0,830.368502092725,1391.4352941176471,256,64516,amg-pcg,1e-08,True,17,0.14897389989346266,0.11638750007841736,0.26536139997188,3.6662890365610082e-09,5.402774810791016,amg-pcg,True,9.608216569281387
