geometry,average,n,contrast,method,mode,eigenvalue,lambda_max,condition,eigen_residual,reflection_parity,overlap_ones,overlap_random,overlap_dipole,energy_fraction
connected,arithmetic,64,10000.0,jacobi,0,7.46514758580808e-07,1.9999992534852398,2679115.49034532,2.0951633741421573e-16,0.7359838636158471,0.00029312434834004054,1.7045721211647427e-09,4.309329157097544e-07,
connected,arithmetic,64,10000.0,jacobi,1,0.0022313795451037515,1.9999992534852398,2679115.49034532,3.1800048301791603e-16,0.4496666131789104,9.471444071991223e-05,1.9547098106378936e-07,8.84634519789947e-06,
connected,arithmetic,64,10000.0,jacobi,2,0.003524646028369392,1.9999992534852398,2679115.49034532,3.896743691032672e-16,0.169873803404892,0.4177978284524903,6.9298012006799526e-06,0.3952400138624677,
connected,arithmetic,64,10000.0,jacobi,3,0.0038956362631473044,1.9999992534852398,2679115.49034532,3.4786587084106814e-16,-0.16754994303594856,0.287423973925409,0.000574187862605115,0.5581701669220149,
connected,arithmetic,64,10000.0,jacobi,4,0.005178448077807998,1.9999992534852398,2679115.49034532,4.779090054830111e-16,0.5614432631352029,0.007467808485522525,6.136330609387216e-06,0.013133186201946045,
connected,arithmetic,64,10000.0,jacobi,5,0.005544071135685165,1.9999992534852398,2679115.49034532,9.055446461601468e-16,-0.5662951207603756,0.0003385121659775685,0.0005426890592150319,0.0006061906594196554,
connected,arithmetic,64,10000.0,jacobi,6,0.007908294409770011,1.9999992534852398,2679115.49034532,1.4541867449843769e-15,0.9079183724223447,0.07493300518696963,0.00031022213680101504,0.00012498504375174237,
connected,arithmetic,64,10000.0,jacobi,7,0.008489010141780821,1.9999992534852398,2679115.49034532,1.696762851326471e-13,-0.9089397718855602,0.0036558124381209766,4.162704204843918e-05,0.0004016726219931934,
connected,arithmetic,64,10000.0,amg0,0,0.3543079432500325,0.9999999995024237,2.8224035575649826,2.6129891389022416e-12,0.9847740418286208,,,,
connected,arithmetic,64,10000.0,amg0,1,0.5732195335565647,0.9999999995024237,2.8224035575649826,1.6794325051880934e-12,-0.04750280890413896,,,,
connected,arithmetic,64,10000.0,amg0,2,0.5993520643479556,0.9999999995024237,2.8224035575649826,8.050387970021791e-13,0.19597402460371566,,,,
connected,arithmetic,64,10000.0,amg0,3,0.6461688632487776,0.9999999995024237,2.8224035575649826,2.4483527495422255e-12,-0.18694049763844703,,,,
connected,arithmetic,64,10000.0,coarse_energy,1,,,,,,,,,0.8604905726501918
connected,harmonic,64,10000.0,jacobi,0,7.940708563371517e-07,1.999999205929148,2518665.9225281724,1.9630908379805292e-16,0.6864414082501088,0.0002995731634988304,1.642076626366035e-09,4.5870299800747027e-07,
connected,harmonic,64,10000.0,jacobi,1,0.0025366596794629023,1.999999205929148,2518665.9225281724,3.185413173890695e-16,0.3379174280971181,0.00023264029476905947,2.9393592393645107e-07,6.958752615341786e-06,
connected,harmonic,64,10000.0,jacobi,2,0.00341457204829553,1.999999205929148,2518665.9225281724,4.280288664420712e-16,0.22329946127848785,0.43886071982827823,3.3639900768724718e-06,0.3709990422813948,
connected,harmonic,64,10000.0,jacobi,3,0.0037724776917425766,1.999999205929148,2518665.9225281724,3.6936071038016885e-16,-0.2212956052888199,0.26986210202063216,0.0005362327097728695,0.5890358663848926,
connected,harmonic,64,10000.0,jacobi,4,0.005046809797263915,1.999999205929148,2518665.9225281724,3.805105047582172e-16,0.6667896118997697,0.00690704302112431,1.4032527752707384e-05,0.011911980554767401,
connected,harmonic,64,10000.0,jacobi,5,0.005432326467382724,1.999999205929148,2518665.9225281724,8.893464901213232e-16,-0.6727255769073993,0.00044813572098363554,0.000552987951711923,0.0008168882058054375,
connected,harmonic,64,10000.0,jacobi,6,0.0077320357689705695,1.999999205929148,2518665.9225281724,6.824312832880289e-16,0.9404052635919008,0.07224436203173076,0.00028616518549640806,0.00010856414319608235,
connected,harmonic,64,10000.0,jacobi,7,0.008403386018332912,1.999999205929148,2518665.9225281724,1.2533781846643359e-13,-0.9421883578967747,0.002181928840448109,5.1253560035529065e-05,0.0003811398043934135,
connected,harmonic,64,10000.0,amg0,0,0.33169146554871487,0.9999999994841783,3.01484995349484,5.901327175727354e-12,0.9861364521027951,,,,
connected,harmonic,64,10000.0,amg0,1,0.6158296423492919,0.9999999994841783,3.01484995349484,2.208202986952743e-13,-0.6522900554906919,,,,
connected,harmonic,64,10000.0,amg0,2,0.64945965064858,0.9999999994841783,3.01484995349484,6.058307379133405e-13,0.5274638981300531,,,,
connected,harmonic,64,10000.0,amg0,3,0.688737174438663,0.9999999994841783,3.01484995349484,2.4032770687813848e-12,0.5544457284697759,,,,
connected,harmonic,64,10000.0,coarse_energy,1,,,,,,,,,0.7508973003676623
disconnected,arithmetic,64,10000.0,jacobi,0,7.803316141728206e-07,1.994402217590231,2555839.3141669245,2.568767401207735e-16,0.9999999999999993,0.0003127509645771677,9.327787517057407e-10,6.521594348928094e-35,
disconnected,arithmetic,64,10000.0,jacobi,1,1.8961996739906132e-06,1.994402217590231,2555839.3141669245,3.055482117190684e-16,0.9999999999999996,8.217610300081115e-27,2.225217865246701e-08,3.0073814150595e-35,
disconnected,arithmetic,64,10000.0,jacobi,2,0.003794930677279373,1.994402217590231,2555839.3141669245,2.979138894312603e-16,1.0000000000000013,0.6956735525692868,0.00018698926733143673,1.2991484379030142e-27,
disconnected,arithmetic,64,10000.0,jacobi,3,0.003840033420337426,1.994402217590231,2555839.3141669245,4.767840805798464e-16,-1.0000000000000004,9.450979624785605e-28,0.0003549100506328393,0.9637375805946646,
disconnected,arithmetic,64,10000.0,jacobi,4,0.005425839507762355,1.994402217590231,2555839.3141669245,5.002046460527931e-16,0.9999999999999999,7.879872696716986e-31,0.00019753244991054948,9.383083641270158e-33,
disconnected,arithmetic,64,10000.0,jacobi,5,0.005597782409763606,1.994402217590231,2555839.3141669245,1.6058903492843534e-15,-1.0000000000000007,3.29120305493353e-31,0.00034103673556934374,2.1209358354554886e-30,
disconnected,arithmetic,64,10000.0,jacobi,6,0.00803731319990478,1.994402217590231,2555839.3141669245,6.214140402259014e-16,1.0000000000000002,0.08758409686859882,0.00019382685885588135,1.2390077659151084e-30,
disconnected,arithmetic,64,10000.0,jacobi,7,0.008476587418955489,1.994402217590231,2555839.3141669245,4.8953075174799924e-15,-0.9999999999999997,1.8366305923840882e-28,9.227702491982987e-05,0.00013963892958592815,
disconnected,arithmetic,64,10000.0,amg0,0,0.006634336019629483,0.999999999560803,150.7309844726031,3.5770790784915696e-12,0.9999992033476188,,,,
disconnected,arithmetic,64,10000.0,amg0,1,0.380219868270652,0.999999999560803,150.7309844726031,2.4046933933534013e-12,0.9584143449674152,,,,
disconnected,arithmetic,64,10000.0,amg0,2,0.5744299291112032,0.999999999560803,150.7309844726031,1.587248960131496e-12,0.39683170915773447,,,,
disconnected,arithmetic,64,10000.0,amg0,3,0.6049317629473194,0.999999999560803,150.7309844726031,1.0981266206135367e-09,0.2968834525609077,,,,
disconnected,arithmetic,64,10000.0,coarse_energy,1,,,,,,,,,0.8823796079252532
disconnected,arithmetic,64,10000.0,coarse_energy,2,,,,,,,,,0.7853120034141473
disconnected,harmonic,64,10000.0,jacobi,0,8.299284710044945e-07,1.9945092642650035,2403230.319175545,2.127519323347996e-16,0.999999999999999,0.00031934234690535125,8.896521430207092e-10,1.9407745874158095e-34,
disconnected,harmonic,64,10000.0,jacobi,1,1.887574158576301e-06,1.9945092642650035,2403230.319175545,2.452975067034044e-16,0.9999999999999996,4.416673847011595e-29,2.25525596710957e-08,5.935094252434795e-34,
disconnected,harmonic,64,10000.0,jacobi,2,0.0036539566370160778,1.9945092642650035,2403230.319175545,3.136214570508874e-16,1.0000000000000004,0.7003762051412261,0.0001712610533448162,6.389598788032566e-28,
disconnected,harmonic,64,10000.0,jacobi,3,0.0037172958950161357,1.9945092642650035,2403230.319175545,4.0675192301456026e-16,-0.9999999999999997,4.6623375143728655e-28,0.0003295777569208154,0.9712659953304182,
disconnected,harmonic,64,10000.0,jacobi,4,0.005273448531474985,1.9945092642650035,2403230.319175545,3.8939185179854993e-16,0.9999999999999997,5.7020088643755575e-31,0.00019306471666061375,6.385680878268599e-31,
disconnected,harmonic,64,10000.0,jacobi,5,0.005490735734996703,1.9945092642650035,2403230.319175545,9.961960314099704e-16,-0.9999999999999999,4.7468871891715675e-30,0.0003649653359268168,3.2220630345962706e-31,
disconnected,harmonic,64,10000.0,jacobi,6,0.007843546963090788,1.9945092642650035,2403230.319175545,5.445894467038567e-16,0.9999999999999992,0.08450613257013942,0.0001788695161922948,1.1970290802416312e-30,
disconnected,harmonic,64,10000.0,jacobi,7,0.008383364593222748,1.9945092642650035,2403230.319175545,2.755123985985774e-14,-1.0000000000000004,2.141168217005169e-27,9.133081870795974e-05,0.00011537400127391999,
disconnected,harmonic,64,10000.0,amg0,0,0.00907088473077583,0.9999999995771762,110.2428295868827,5.682657174465388e-12,0.999998572738501,,,,
disconnected,harmonic,64,10000.0,amg0,1,0.3650397810821371,0.9999999995771762,110.2428295868827,4.851721895429807e-13,0.977378986815207,,,,
disconnected,harmonic,64,10000.0,amg0,2,0.5970442824202485,0.9999999995771762,110.2428295868827,1.702506823534818e-12,-0.8124660046107037,,,,
disconnected,harmonic,64,10000.0,amg0,3,0.6276472789916459,0.9999999995771762,110.2428295868827,1.7350653065950904e-13,0.8096858446569397,,,,
disconnected,harmonic,64,10000.0,coarse_energy,1,,,,,,,,,0.7411141878536297
disconnected,harmonic,64,10000.0,coarse_energy,2,,,,,,,,,0.7567001998935929
