n,contrast,shift_x,shift_y,alpha,repeat,order,method,seed,audit_seconds,operator_reflection_defect,rhs_even_fraction,rhs_odd_fraction,setup,solve,total,iterations,info,residual,accepted,complexity
128,1000.0,0,4,0.0,0,0,amg0,3701,0.0022368999998434447,0.0,5.312517350595355e-32,1.0,0.022980099999585946,0.023487099999329075,0.04646719999891502,15,0,4.904497971796702e-10,True,1.3399006034788783
128,1000.0,0,4,0.0,0,1,jacobi,3701,0.0022368999998434447,0.0,5.312517350595355e-32,1.0,0.00022989999979472486,0.029390199999397737,0.029620099999192462,335,0,8.500909712679668e-10,True,0.0
128,1000.0,0,4,0.0,1,0,amg0,3702,0.0022368999998434447,0.0,5.312517350595355e-32,1.0,0.023180199999842444,0.024449400000776222,0.047629600000618666,15,0,4.970688614868886e-10,True,1.3399006034788783
128,1000.0,0,4,0.0,1,1,jacobi,3702,0.0022368999998434447,0.0,5.312517350595355e-32,1.0,0.00025520000053802505,0.029406900000140013,0.029662100000678038,335,0,8.500909712679668e-10,True,0.0
128,1000.0,0,4,0.0,2,0,jacobi,3703,0.0022368999998434447,0.0,5.312517350595355e-32,1.0,0.00014790000022912864,0.031728999999359075,0.031876899999588204,335,0,8.500909712679668e-10,True,0.0
128,1000.0,0,4,0.0,2,1,amg0,3703,0.0022368999998434447,0.0,5.312517350595355e-32,1.0,0.024469900000440248,0.024413499999354826,0.048883399999795074,15,0,4.957809461502631e-10,True,1.3399006034788783
128,1000.0,0,0,1e-08,0,0,jacobi,3701,0.002357500000471191,0.0,9.999999948195741e-17,0.9999999999999998,9.750000026542693e-05,0.03354829999989306,0.03364580000015849,379,0,8.506399607143584e-10,True,0.0
128,1000.0,0,0,1e-08,0,1,amg0,3701,0.002357500000471191,0.0,9.999999948195741e-17,0.9999999999999998,0.02169770000000426,0.02339410000058706,0.04509180000059132,15,0,7.850412785704802e-10,True,1.3399006034788783
128,1000.0,0,0,1e-08,1,0,jacobi,3702,0.002357500000471191,0.0,9.999999948195741e-17,0.9999999999999998,0.0001909000002342509,0.03353319999951054,0.033724099999744794,379,0,8.506399607143584e-10,True,0.0
128,1000.0,0,0,1e-08,1,1,amg0,3702,0.002357500000471191,0.0,9.999999948195741e-17,0.9999999999999998,0.023601699999744596,0.023472900000342634,0.04707460000008723,15,0,7.669249735245728e-10,True,1.3399006034788783
128,1000.0,0,0,1e-08,2,0,amg0,3703,0.002357500000471191,0.0,9.999999948195741e-17,0.9999999999999998,0.023236199999701057,0.023550699999759672,0.04678689999946073,15,0,7.87603318895358e-10,True,1.3399006034788783
128,1000.0,0,0,1e-08,2,1,jacobi,3703,0.002357500000471191,0.0,9.999999948195741e-17,0.9999999999999998,0.00013479999961418798,0.03311630000007426,0.03325109999968845,379,0,8.506399607143584e-10,True,0.0
128,1000.0,4,0,0.0,0,0,jacobi,3701,0.002375400000346417,1.0056895752024526,5.312517350595355e-32,1.0,7.730000015726546e-05,0.04104960000040592,0.04112690000056318,456,0,9.573939840949966e-10,True,0.0
128,1000.0,4,0,0.0,0,1,amg0,3701,0.002375400000346417,1.0056895752024526,5.312517350595355e-32,1.0,0.022820799999863084,0.0249800999999934,0.04780089999985648,16,0,3.070628365830408e-10,True,1.3399006034788783
128,1000.0,4,0,0.0,1,0,amg0,3702,0.002375400000346417,1.0056895752024526,5.312517350595355e-32,1.0,0.022294200000033015,0.025692899999739893,0.04798709999977291,16,0,3.084119489907844e-10,True,1.3399006034788783
128,1000.0,4,0,0.0,1,1,jacobi,3702,0.002375400000346417,1.0056895752024526,5.312517350595355e-32,1.0,0.00012599999990925426,0.042075000000295404,0.04220100000020466,456,0,9.573939840949966e-10,True,0.0
128,1000.0,4,0,0.0,2,0,jacobi,3703,0.002375400000346417,1.0056895752024526,5.312517350595355e-32,1.0,8.460000026389025e-05,0.04055239999979676,0.04063700000006065,456,0,9.573939840949966e-10,True,0.0
128,1000.0,4,0,0.0,2,1,amg0,3703,0.002375400000346417,1.0056895752024526,5.312517350595355e-32,1.0,0.02532919999976002,0.026007400000708003,0.051336600000468025,16,0,3.087005007900855e-10,True,1.3399006034788783
128,1000.0,1,0,0.0,0,0,amg0,3701,0.0019933999992645113,0.47231320888026623,5.312517350595355e-32,1.0,0.024067399999694317,0.02429409999967902,0.048361499999373336,15,0,2.2539096619536852e-10,True,1.3399006034788783
128,1000.0,1,0,0.0,0,1,jacobi,3701,0.0019933999992645113,0.47231320888026623,5.312517350595355e-32,1.0,0.000124399999549496,0.03948159999981726,0.03960599999936676,450,0,9.104418491034476e-10,True,0.0
128,1000.0,1,0,0.0,1,0,jacobi,3702,0.0019933999992645113,0.47231320888026623,5.312517350595355e-32,1.0,7.999999979801942e-05,0.03919179999957123,0.03927179999936925,450,0,9.104418491034476e-10,True,0.0
128,1000.0,1,0,0.0,1,1,amg0,3702,0.0019933999992645113,0.47231320888026623,5.312517350595355e-32,1.0,0.024241199999778473,0.02680270000018936,0.051043899999967834,15,0,2.205778418955716e-10,True,1.3399006034788783
128,1000.0,1,0,0.0,2,0,jacobi,3703,0.0019933999992645113,0.47231320888026623,5.312517350595355e-32,1.0,0.00017220000063389307,0.04560239999955229,0.04577460000018618,450,0,9.104418491034476e-10,True,0.0
128,1000.0,1,0,0.0,2,1,amg0,3703,0.0019933999992645113,0.47231320888026623,5.312517350595355e-32,1.0,0.02585300000009738,0.026781499999742664,0.052634499999840045,15,0,2.1418482521461443e-10,True,1.3399006034788783
192,1000.0,0,0,0.0,0,0,amg0,3701,0.004074800000125833,0.0,2.716841757413203e-32,0.9999999999999998,0.05127840000022843,0.057912799999940034,0.10919120000016846,17,0,4.748182095961706e-10,True,1.3386725269834205
192,1000.0,0,0,0.0,0,1,jacobi,3701,0.004074800000125833,0.0,2.716841757413203e-32,0.9999999999999998,0.00031290000060835155,0.07640360000004875,0.0767165000006571,403,0,9.076303314903551e-10,True,0.0
192,1000.0,0,0,0.0,1,0,amg0,3702,0.004074800000125833,0.0,2.716841757413203e-32,0.9999999999999998,0.043326799999704235,0.0569707999993625,0.10029759999906673,17,0,4.781879985018316e-10,True,1.3386725269834205
192,1000.0,0,0,0.0,1,1,jacobi,3702,0.004074800000125833,0.0,2.716841757413203e-32,0.9999999999999998,0.0002930999999080086,0.07407119999970746,0.07436429999961547,403,0,9.076303314903551e-10,True,0.0
192,1000.0,0,0,0.0,2,0,amg0,3703,0.004074800000125833,0.0,2.716841757413203e-32,0.9999999999999998,0.04747459999998682,0.05906689999937953,0.10654149999936635,17,0,4.777664042857655e-10,True,1.3386725269834205
192,1000.0,0,0,0.0,2,1,jacobi,3703,0.004074800000125833,0.0,2.716841757413203e-32,0.9999999999999998,0.0002547000003687572,0.07242919999953301,0.07268389999990177,403,0,9.076303314903551e-10,True,0.0
192,1000.0,0,0,1.0,0,0,amg0,3701,0.00401510000028793,0.0,0.5000000000000091,0.5000000000000002,0.04665429999931803,0.07556450000083714,0.12221880000015517,17,0,4.706513403292058e-10,True,1.3386725269834205
192,1000.0,0,0,1.0,0,1,jacobi,3701,0.00401510000028793,0.0,0.5000000000000091,0.5000000000000002,0.00025520000053802505,0.13422460000037972,0.13447980000091775,692,0,1.5284410247627163e-09,True,0.0
192,1000.0,0,0,1.0,1,0,amg0,3702,0.00401510000028793,0.0,0.5000000000000091,0.5000000000000002,0.04240179999942484,0.057767400000557245,0.10016919999998208,17,0,4.799973294839854e-10,True,1.3386725269834205
192,1000.0,0,0,1.0,1,1,jacobi,3702,0.00401510000028793,0.0,0.5000000000000091,0.5000000000000002,0.0002275000006193295,0.1337111000002551,0.13393860000087443,692,0,1.5284410247627163e-09,True,0.0
192,1000.0,0,0,1.0,2,0,amg0,3703,0.00401510000028793,0.0,0.5000000000000091,0.5000000000000002,0.048967800000355055,0.059882399999878544,0.1088502000002336,17,0,4.685878464039226e-10,True,1.3386725269834205
192,1000.0,0,0,1.0,2,1,jacobi,3703,0.00401510000028793,0.0,0.5000000000000091,0.5000000000000002,0.0003282999996372382,0.13517529999990074,0.13550359999953798,692,0,1.5284410247627163e-09,True,0.0
192,1000.0,2,0,0.0,0,0,jacobi,3701,0.0037032000000181142,0.5641451716791832,2.716841757413203e-32,0.9999999999999998,0.00013690000014321413,0.13141859999996086,0.13155550000010408,681,0,9.971772444374563e-10,True,0.0
192,1000.0,2,0,0.0,0,1,amg0,3701,0.0037032000000181142,0.5641451716791832,2.716841757413203e-32,0.9999999999999998,0.04731600000013714,0.06038840000019263,0.10770440000032977,17,0,2.0673970182238866e-10,True,1.3386725269834205
192,1000.0,2,0,0.0,1,0,jacobi,3702,0.0037032000000181142,0.5641451716791832,2.716841757413203e-32,0.9999999999999998,0.0003074000005653943,0.13126250000004802,0.13156990000061342,681,0,9.971772444374563e-10,True,0.0
192,1000.0,2,0,0.0,1,1,amg0,3702,0.0037032000000181142,0.5641451716791832,2.716841757413203e-32,0.9999999999999998,0.045896699999502744,0.058695199999419856,0.1045918999989226,17,0,2.0656530660727427e-10,True,1.3386725269834205
192,1000.0,2,0,0.0,2,0,jacobi,3703,0.0037032000000181142,0.5641451716791832,2.716841757413203e-32,0.9999999999999998,0.00024899999971239595,0.1261534000004758,0.1264024000001882,681,0,9.971772444374563e-10,True,0.0
192,1000.0,2,0,0.0,2,1,amg0,3703,0.0037032000000181142,0.5641451716791832,2.716841757413203e-32,0.9999999999999998,0.04574810000030993,0.05841030000010505,0.10415840000041499,17,0,2.0769657896978246e-10,True,1.3386725269834205
128,1000.0,2,0,0.0,0,0,amg0,3701,0.0023257000002558925,0.6970344458816073,5.312517350595355e-32,1.0,0.02374190000045928,0.023063399999955436,0.04680530000041472,14,0,8.870052417584743e-10,True,1.3399006034788783
128,1000.0,2,0,0.0,0,1,jacobi,3701,0.0023257000002558925,0.6970344458816073,5.312517350595355e-32,1.0,0.00016039999991335208,0.038917599999876984,0.039077999999790336,452,0,9.602468327619275e-10,True,0.0
128,1000.0,2,0,0.0,1,0,jacobi,3702,0.0023257000002558925,0.6970344458816073,5.312517350595355e-32,1.0,7.920000007288763e-05,0.04005570000026637,0.04013490000033926,452,0,9.602468327619275e-10,True,0.0
128,1000.0,2,0,0.0,1,1,amg0,3702,0.0023257000002558925,0.6970344458816073,5.312517350595355e-32,1.0,0.024612799999886192,0.023395199999868055,0.04800799999975425,14,0,8.865653834403292e-10,True,1.3399006034788783
128,1000.0,2,0,0.0,2,0,jacobi,3703,0.0023257000002558925,0.6970344458816073,5.312517350595355e-32,1.0,0.00015889999940554844,0.03932040000017878,0.03947929999958433,452,0,9.602468327619275e-10,True,0.0
128,1000.0,2,0,0.0,2,1,amg0,3703,0.0023257000002558925,0.6970344458816073,5.312517350595355e-32,1.0,0.025317399999948975,0.02377059999980702,0.049087999999755993,14,0,8.845004244733031e-10,True,1.3399006034788783
192,1000.0,0,4,0.0,0,0,amg0,3701,0.004209300000184157,0.0,2.716841757413203e-32,0.9999999999999998,0.050762299999405514,0.05928530000073806,0.11004760000014358,17,0,3.5090273211388767e-10,True,1.3386725269834205
192,1000.0,0,4,0.0,0,1,jacobi,3701,0.004209300000184157,0.0,2.716841757413203e-32,0.9999999999999998,0.0003411999996387749,0.09687659999963216,0.09721779999927094,505,0,9.393362078850924e-10,True,0.0
192,1000.0,0,4,0.0,1,0,amg0,3702,0.004209300000184157,0.0,2.716841757413203e-32,0.9999999999999998,0.04982120000022405,0.06076829999983602,0.11058950000006007,17,0,3.5674139777318123e-10,True,1.3386725269834205
192,1000.0,0,4,0.0,1,1,jacobi,3702,0.004209300000184157,0.0,2.716841757413203e-32,0.9999999999999998,0.00024980000034702243,0.09558070000002772,0.09583050000037474,505,0,9.393362078850924e-10,True,0.0
192,1000.0,0,4,0.0,2,0,jacobi,3703,0.004209300000184157,0.0,2.716841757413203e-32,0.9999999999999998,0.0002193000000261236,0.09103789999971923,0.09125719999974535,505,0,9.393362078850924e-10,True,0.0
192,1000.0,0,4,0.0,2,1,amg0,3703,0.004209300000184157,0.0,2.716841757413203e-32,0.9999999999999998,0.04410540000026231,0.05691110000043409,0.1010165000006964,17,0,3.557947241416618e-10,True,1.3386725269834205
192,1000.0,1,0,0.0,0,0,jacobi,3701,0.0038813999999547377,0.382303009113423,2.716841757413203e-32,0.9999999999999998,0.0001376999998683459,0.1291707000000315,0.12930839999989985,677,0,9.746160329003246e-10,True,0.0
192,1000.0,1,0,0.0,0,1,amg0,3701,0.0038813999999547377,0.382303009113423,2.716841757413203e-32,0.9999999999999998,0.04647259999910602,0.055575299999873096,0.10204789999897912,16,0,1.638330166229701e-10,True,1.3386725269834205
192,1000.0,1,0,0.0,1,0,jacobi,3702,0.0038813999999547377,0.382303009113423,2.716841757413203e-32,0.9999999999999998,0.0005076000006738468,0.12393530000008468,0.12444290000075853,677,0,9.746160329003246e-10,True,0.0
192,1000.0,1,0,0.0,1,1,amg0,3702,0.0038813999999547377,0.382303009113423,2.716841757413203e-32,0.9999999999999998,0.04639769999994314,0.05580939999981638,0.10220709999975952,16,0,1.6338694665071522e-10,True,1.3386725269834205
192,1000.0,1,0,0.0,2,0,jacobi,3703,0.0038813999999547377,0.382303009113423,2.716841757413203e-32,0.9999999999999998,0.00026059999981953297,0.13831649999974616,0.1385770999995657,677,0,9.746160329003246e-10,True,0.0
192,1000.0,1,0,0.0,2,1,amg0,3703,0.0038813999999547377,0.382303009113423,2.716841757413203e-32,0.9999999999999998,0.05299310000009427,0.05631390000053216,0.10930700000062643,16,0,1.6410755207216344e-10,True,1.3386725269834205
192,1000.0,0,0,1e-06,0,0,amg0,3701,0.004208300000755116,0.0,9.999999999362156e-13,0.999999999999,0.04860069999995176,0.05906970000069123,0.10767040000064299,17,0,4.750130723359157e-10,True,1.3386725269834205
192,1000.0,0,0,1e-06,0,1,jacobi,3701,0.004208300000755116,0.0,9.999999999362156e-13,0.999999999999,0.00021769999966636533,0.1332339000000502,0.13345159999971656,595,0,9.48588117075369e-10,True,0.0
192,1000.0,0,0,1e-06,1,0,jacobi,3702,0.004208300000755116,0.0,9.999999999362156e-13,0.999999999999,0.0002389999999650172,0.1351886000002196,0.1354276000001846,595,0,9.48588117075369e-10,True,0.0
192,1000.0,0,0,1e-06,1,1,amg0,3702,0.004208300000755116,0.0,9.999999999362156e-13,0.999999999999,0.04914059999919118,0.07088759999987815,0.12002819999906933,17,0,4.782321912463869e-10,True,1.3386725269834205
192,1000.0,0,0,1e-06,2,0,amg0,3703,0.004208300000755116,0.0,9.999999999362156e-13,0.999999999999,0.053221299999677285,0.07009300000026997,0.12331429999994725,17,0,4.774385544466795e-10,True,1.3386725269834205
192,1000.0,0,0,1e-06,2,1,jacobi,3703,0.004208300000755116,0.0,9.999999999362156e-13,0.999999999999,0.0003057000003536814,0.14047429999936867,0.14077999999972235,595,0,9.48588117075369e-10,True,0.0
128,1000.0,0,1,0.0,0,0,amg0,3701,0.002617399999508052,0.0,5.312517350595355e-32,1.0,0.03125499999987369,0.02773180000076536,0.05898680000063905,15,0,2.457195035935465e-10,True,1.3399006034788783
128,1000.0,0,1,0.0,0,1,jacobi,3701,0.002617399999508052,0.0,5.312517350595355e-32,1.0,0.00017389999993611127,0.03701269999965007,0.03718659999958618,331,0,9.992668360691323e-10,True,0.0
128,1000.0,0,1,0.0,1,0,amg0,3702,0.002617399999508052,0.0,5.312517350595355e-32,1.0,0.029895599999690603,0.036156999999548134,0.06605259999923874,15,0,2.458961761909435e-10,True,1.3399006034788783
128,1000.0,0,1,0.0,1,1,jacobi,3702,0.002617399999508052,0.0,5.312517350595355e-32,1.0,0.00017590000061318278,0.035419699999692966,0.03559560000030615,331,0,9.992668360691323e-10,True,0.0
128,1000.0,0,1,0.0,2,0,jacobi,3703,0.002617399999508052,0.0,5.312517350595355e-32,1.0,8.84000000951346e-05,0.03904619999957504,0.03913459999967017,331,0,9.992668360691323e-10,True,0.0
128,1000.0,0,1,0.0,2,1,amg0,3703,0.002617399999508052,0.0,5.312517350595355e-32,1.0,0.028989600000386417,0.032701400000405556,0.06169100000079197,15,0,2.454088671242565e-10,True,1.3399006034788783
192,1000.0,0,0,0.0001,0,0,amg0,3701,0.0045163000004322384,0.0,9.999999899994246e-09,0.9999999899999998,0.056397800000013376,0.06947429999945598,0.12587209999946936,17,0,4.750848834764614e-10,True,1.3386725269834205
192,1000.0,0,0,0.0001,0,1,jacobi,3701,0.0045163000004322384,0.0,9.999999899994246e-09,0.9999999899999998,0.0003389000003153342,0.13165759999992588,0.1319965000002412,638,0,9.446754414849683e-10,True,0.0
192,1000.0,0,0,0.0001,1,0,amg0,3702,0.0045163000004322384,0.0,9.999999899994246e-09,0.9999999899999998,0.046786900000370224,0.06083330000001297,0.10762020000038319,17,0,4.782935941890652e-10,True,1.3386725269834205
192,1000.0,0,0,0.0001,1,1,jacobi,3702,0.0045163000004322384,0.0,9.999999899994246e-09,0.9999999899999998,0.0003934999995180988,0.12229200000001583,0.12268549999953393,638,0,9.446754414849683e-10,True,0.0
192,1000.0,0,0,0.0001,2,0,jacobi,3703,0.0045163000004322384,0.0,9.999999899994246e-09,0.9999999899999998,0.00023830000009184005,0.13034890000017185,0.1305872000002637,638,0,9.446754414849683e-10,True,0.0
192,1000.0,0,0,0.0001,2,1,amg0,3703,0.0045163000004322384,0.0,9.999999899994246e-09,0.9999999899999998,0.04924649999975372,0.06358819999968546,0.11283469999943918,17,0,4.776343629738556e-10,True,1.3386725269834205
128,1000.0,0,0,1.0,0,0,amg0,3701,0.0023020999997243052,0.0,0.5000000000000051,0.5000000000000001,0.02699769999981072,0.03084879999914847,0.05784649999895919,16,0,2.093595939551475e-10,True,1.3399006034788783
128,1000.0,0,0,1.0,0,1,jacobi,3701,0.0023020999997243052,0.0,0.5000000000000051,0.5000000000000001,0.00016709999999875436,0.05039980000037758,0.050566900000376336,458,0,9.73957772923826e-10,True,0.0
128,1000.0,0,0,1.0,1,0,jacobi,3702,0.0023020999997243052,0.0,0.5000000000000051,0.5000000000000001,0.00011700000050041126,0.047592200000508456,0.04770920000100887,458,0,9.73957772923826e-10,True,0.0
128,1000.0,0,0,1.0,1,1,amg0,3702,0.0023020999997243052,0.0,0.5000000000000051,0.5000000000000001,0.026732999999694584,0.027933800000027986,0.05466679999972257,16,0,2.149379655499224e-10,True,1.3399006034788783
128,1000.0,0,0,1.0,2,0,amg0,3703,0.0023020999997243052,0.0,0.5000000000000051,0.5000000000000001,0.025482499999270658,0.029673799999727635,0.05515629999899829,16,0,2.0767000845465232e-10,True,1.3399006034788783
128,1000.0,0,0,1.0,2,1,jacobi,3703,0.0023020999997243052,0.0,0.5000000000000051,0.5000000000000001,0.00017419999949197518,0.044600500000342436,0.04477469999983441,458,0,9.73957772923826e-10,True,0.0
192,1000.0,0,0,1e-08,0,0,jacobi,3701,0.004278000000340398,0.0,1.0000000007983763e-16,1.0,0.00016899999991437653,0.12204469999960565,0.12221369999952003,569,0,9.469729996058267e-10,True,0.0
192,1000.0,0,0,1e-08,0,1,amg0,3701,0.004278000000340398,0.0,1.0000000007983763e-16,1.0,0.05106390000037209,0.08341860000018642,0.1344825000005585,17,0,4.75209435702707e-10,True,1.3386725269834205
192,1000.0,0,0,1e-08,1,0,amg0,3702,0.004278000000340398,0.0,1.0000000007983763e-16,1.0,0.05019050000009884,0.06796729999950912,0.11815779999960796,17,0,4.780324934613482e-10,True,1.3386725269834205
192,1000.0,0,0,1e-08,1,1,jacobi,3702,0.004278000000340398,0.0,1.0000000007983763e-16,1.0,0.0003780999995797174,0.11793699999998353,0.11831509999956324,569,0,9.469729996058267e-10,True,0.0
192,1000.0,0,0,1e-08,2,0,jacobi,3703,0.004278000000340398,0.0,1.0000000007983763e-16,1.0,0.0002444000001560198,0.11876010000014503,0.11900450000030105,569,0,9.469729996058267e-10,True,0.0
192,1000.0,0,0,1e-08,2,1,amg0,3703,0.004278000000340398,0.0,1.0000000007983763e-16,1.0,0.05149710000023333,0.06608150000010937,0.1175786000003427,17,0,4.776747013381827e-10,True,1.3386725269834205
192,1000.0,4,0,0.0,0,0,jacobi,3701,0.004431999999724212,0.8139214597443964,2.716841757413203e-32,0.9999999999999998,0.00014079999982641311,0.1439738999997644,0.1441146999995908,688,0,9.586909699611119e-10,True,0.0
192,1000.0,4,0,0.0,0,1,amg0,3701,0.004431999999724212,0.8139214597443964,2.716841757413203e-32,0.9999999999999998,0.04790039999988949,0.06850719999965804,0.11640759999954753,17,0,7.769787709239393e-10,True,1.3386725269834205
192,1000.0,4,0,0.0,1,0,amg0,3702,0.004431999999724212,0.8139214597443964,2.716841757413203e-32,0.9999999999999998,0.04746530000011262,0.06608830000004673,0.11355360000015935,17,0,7.709239783023839e-10,True,1.3386725269834205
192,1000.0,4,0,0.0,1,1,jacobi,3702,0.004431999999724212,0.8139214597443964,2.716841757413203e-32,0.9999999999999998,0.00036689999978989363,0.15079100000002654,0.15115789999981644,688,0,9.586909699611119e-10,True,0.0
192,1000.0,4,0,0.0,2,0,jacobi,3703,0.004431999999724212,0.8139214597443964,2.716841757413203e-32,0.9999999999999998,0.0002311000007466646,0.1481951999994635,0.14842630000021018,688,0,9.586909699611119e-10,True,0.0
192,1000.0,4,0,0.0,2,1,amg0,3703,0.004431999999724212,0.8139214597443964,2.716841757413203e-32,0.9999999999999998,0.052240200000596815,0.06984599999941565,0.12208620000001247,17,0,7.775732021880855e-10,True,1.3386725269834205
128,1000.0,0,0,0.01,0,0,amg0,3701,0.002982799999699637,0.0,9.999000099990046e-05,0.9999000099989998,0.028221900000062305,0.029185499999584863,0.05740739999964717,15,0,7.94387288912164e-10,True,1.3399006034788783
128,1000.0,0,0,0.01,0,1,jacobi,3701,0.002982799999699637,0.0,9.999000099990046e-05,0.9999000099989998,0.00017279999974562088,0.04471399999965797,0.04488679999940359,439,0,9.110266526314452e-10,True,0.0
128,1000.0,0,0,0.01,1,0,amg0,3702,0.002982799999699637,0.0,9.999000099990046e-05,0.9999000099989998,0.034771599999658065,0.0315866000000824,0.06635819999974046,15,0,7.76067146154043e-10,True,1.3399006034788783
128,1000.0,0,0,0.01,1,1,jacobi,3702,0.002982799999699637,0.0,9.999000099990046e-05,0.9999000099989998,0.00016789999972388614,0.04388500000004569,0.04405289999976958,439,0,9.110266526314452e-10,True,0.0
128,1000.0,0,0,0.01,2,0,jacobi,3703,0.002982799999699637,0.0,9.999000099990046e-05,0.9999000099989998,8.549999984097667e-05,0.043925400000262016,0.04401090000010299,439,0,9.110266526314452e-10,True,0.0
128,1000.0,0,0,0.01,2,1,amg0,3703,0.002982799999699637,0.0,9.999000099990046e-05,0.9999000099989998,0.027720099999896775,0.02798510000047827,0.055705200000375044,15,0,7.972417045600266e-10,True,1.3399006034788783
128,1000.0,0,0,1e-06,0,0,jacobi,3701,0.002469800000653777,0.0,1.0000000000126787e-12,0.9999999999989999,8.230000003095483e-05,0.03876200000013341,0.03884430000016437,396,0,8.901384736356097e-10,True,0.0
128,1000.0,0,0,1e-06,0,1,amg0,3701,0.002469800000653777,0.0,1.0000000000126787e-12,0.9999999999989999,0.024713200000405777,0.026402699999380275,0.05111589999978605,15,0,7.8512781439156e-10,True,1.3399006034788783
128,1000.0,0,0,1e-06,1,0,jacobi,3702,0.002469800000653777,0.0,1.0000000000126787e-12,0.9999999999989999,0.00017019999995682156,0.04014499999993859,0.04031519999989541,396,0,8.901384736356097e-10,True,0.0
128,1000.0,0,0,1e-06,1,1,amg0,3702,0.002469800000653777,0.0,1.0000000000126787e-12,0.9999999999989999,0.024173599999812723,0.029609899999741174,0.053783499999553896,15,0,7.670606743769955e-10,True,1.3399006034788783
128,1000.0,0,0,1e-06,2,0,jacobi,3703,0.002469800000653777,0.0,1.0000000000126787e-12,0.9999999999989999,0.0001731000002109795,0.03979819999949541,0.03997129999970639,396,0,8.901384736356097e-10,True,0.0
128,1000.0,0,0,1e-06,2,1,amg0,3703,0.002469800000653777,0.0,1.0000000000126787e-12,0.9999999999989999,0.025599800000236428,0.02635889999965002,0.05195869999988645,15,0,7.876241317869986e-10,True,1.3399006034788783
128,1000.0,0,0,0.0,0,0,amg0,3701,0.002215999999862106,0.0,5.312517350595355e-32,1.0,0.02518049999980576,0.028684699999757868,0.05386519999956363,15,0,7.850754737193365e-10,True,1.3399006034788783
128,1000.0,0,0,0.0,0,1,jacobi,3701,0.002215999999862106,0.0,5.312517350595355e-32,1.0,0.00016869999944901792,0.026913899999271962,0.02708259999872098,266,0,9.116982490188135e-10,True,0.0
128,1000.0,0,0,0.0,1,0,jacobi,3702,0.002215999999862106,0.0,5.312517350595355e-32,1.0,8.619999971415382e-05,0.02575189999970462,0.025838099999418773,266,0,9.116982490188135e-10,True,0.0
128,1000.0,0,0,0.0,1,1,amg0,3702,0.002215999999862106,0.0,5.312517350595355e-32,1.0,0.025825499999882595,0.027954700000009325,0.05378019999989192,15,0,7.669555950186956e-10,True,1.3399006034788783
128,1000.0,0,0,0.0,2,0,jacobi,3703,0.002215999999862106,0.0,5.312517350595355e-32,1.0,0.0001695000000836444,0.026511000000027707,0.02668050000011135,266,0,9.116982490188135e-10,True,0.0
128,1000.0,0,0,0.0,2,1,amg0,3703,0.002215999999862106,0.0,5.312517350595355e-32,1.0,0.026241599999593745,0.02739300000030198,0.05363459999989573,15,0,7.874866133483719e-10,True,1.3399006034788783
128,1000.0,0,0,0.0001,0,0,amg0,3701,0.0024923999999373336,0.0,9.999999899996415e-09,0.9999999900000004,0.02845179999985703,0.02852840000014112,0.05698019999999815,15,0,7.853363172672599e-10,True,1.3399006034788783
128,1000.0,0,0,0.0001,0,1,jacobi,3701,0.0024923999999373336,0.0,9.999999899996415e-09,0.9999999900000004,0.00022759999956178945,0.047278900000492285,0.047506500000054075,423,0,8.825442906643669e-10,True,0.0
128,1000.0,0,0,0.0001,1,0,amg0,3702,0.0024923999999373336,0.0,9.999999899996415e-09,0.9999999900000004,0.026955199999974866,0.031684199999290286,0.05863939999926515,15,0,7.671481788356852e-10,True,1.3399006034788783
128,1000.0,0,0,0.0001,1,1,jacobi,3702,0.0024923999999373336,0.0,9.999999899996415e-09,0.9999999900000004,0.00018589999945106683,0.05230110000047716,0.05248699999992823,423,0,8.825442906643669e-10,True,0.0
128,1000.0,0,0,0.0001,2,0,amg0,3703,0.0024923999999373336,0.0,9.999999899996415e-09,0.9999999900000004,0.027819100000670005,0.028818199999477656,0.05663730000014766,15,0,7.87755589704524e-10,True,1.3399006034788783
128,1000.0,0,0,0.0001,2,1,jacobi,3703,0.0024923999999373336,0.0,9.999999899996415e-09,0.9999999900000004,0.0002133999996658531,0.045339899999817135,0.04555329999948299,423,0,8.825442906643669e-10,True,0.0
192,1000.0,0,1,0.0,0,0,jacobi,3701,0.004571899999973539,0.0,2.716841757413203e-32,0.9999999999999998,0.0001480999999330379,0.10968599999978323,0.10983409999971627,491,0,9.893366713175118e-10,True,0.0
192,1000.0,0,1,0.0,0,1,amg0,3701,0.004571899999973539,0.0,2.716841757413203e-32,0.9999999999999998,0.052155499999571475,0.06634740000026795,0.11850289999983943,17,0,1.7280972759914736e-10,True,1.3386725269834205
192,1000.0,0,1,0.0,1,0,jacobi,3702,0.004571899999973539,0.0,2.716841757413203e-32,0.9999999999999998,0.0003124999993815436,0.10228860000006534,0.10260109999944689,491,0,9.893366713175118e-10,True,0.0
192,1000.0,0,1,0.0,1,1,amg0,3702,0.004571899999973539,0.0,2.716841757413203e-32,0.9999999999999998,0.04808139999931882,0.06515850000050705,0.11323989999982587,17,0,1.767693294002467e-10,True,1.3386725269834205
192,1000.0,0,1,0.0,2,0,jacobi,3703,0.004571899999973539,0.0,2.716841757413203e-32,0.9999999999999998,0.00022760000047128415,0.09834150000006048,0.09856910000053176,491,0,9.893366713175118e-10,True,0.0
192,1000.0,0,1,0.0,2,1,amg0,3703,0.004571899999973539,0.0,2.716841757413203e-32,0.9999999999999998,0.05002370000056544,0.06009970000013709,0.11012340000070253,17,0,1.7703158515922093e-10,True,1.3386725269834205
192,1000.0,0,0,0.01,0,0,jacobi,3701,0.004085700000359793,0.0,9.99900009999008e-05,0.9999000099990002,0.00014929999997548293,0.13370880000002217,0.13385809999999765,664,0,9.379209922709498e-10,True,0.0
192,1000.0,0,0,0.01,0,1,amg0,3701,0.004085700000359793,0.0,9.99900009999008e-05,0.9999000099990002,0.054160099999535305,0.06265360000088549,0.1168137000004208,17,0,4.765963086494312e-10,True,1.3386725269834205
192,1000.0,0,0,0.01,1,0,jacobi,3702,0.004085700000359793,0.0,9.99900009999008e-05,0.9999000099990002,0.00033989999974437524,0.12821809999968536,0.12855799999942974,664,0,9.379209922709498e-10,True,0.0
192,1000.0,0,0,0.01,1,1,amg0,3702,0.004085700000359793,0.0,9.99900009999008e-05,0.9999000099990002,0.04333589999987453,0.058366600000226754,0.10170250000010128,17,0,4.792900428384181e-10,True,1.3386725269834205
192,1000.0,0,0,0.01,2,0,jacobi,3703,0.004085700000359793,0.0,9.99900009999008e-05,0.9999000099990002,0.00024049999956332613,0.13475109999944834,0.13499159999901167,664,0,9.379209922709498e-10,True,0.0
192,1000.0,0,0,0.01,2,1,amg0,3703,0.004085700000359793,0.0,9.99900009999008e-05,0.9999000099990002,0.04604329999983747,0.056776999999783584,0.10282029999962106,17,0,4.788292402648082e-10,True,1.3386725269834205
