n,contrast,geometry,average,rhs,method,count,iterations,median_total,all_accepted,max_residual
64,1000000.0,disconnected,harmonic,ones,amg0,2,16.0,0.017507999999907042,True,6.00671615027233e-08
64,1000000.0,disconnected,harmonic,dipole,amg0,2,16.0,0.017823650000536873,True,6.712483569664559e-09
64,1000000.0,disconnected,harmonic,ones,amg025,2,35.0,0.023006350000287057,True,7.225139236469206e-08
64,1000000.0,disconnected,harmonic,random,jacobi,2,393.0,0.013644950000070821,True,9.283485016951348e-09
64,1000000.0,disconnected,harmonic,dipole,jacobi,2,126.0,0.004000350000751496,True,9.10830844128186e-09
64,1000000.0,disconnected,harmonic,ones,cg,2,2754.0,0.07879879999973127,False,7.337922108607839e-07
64,1000000.0,disconnected,harmonic,random,cg,2,4261.0,0.12292604999993273,True,8.8321462312704e-09
64,1000000.0,disconnected,harmonic,ones,jacobi,2,204.0,0.006939499999589316,False,1.4298830930295355e-07
64,1000000.0,disconnected,harmonic,random,amg025,2,34.0,0.021589799999674142,True,6.6389225783873e-09
64,1000000.0,disconnected,harmonic,random,amg0,2,15.0,0.015932650000650028,True,3.800472655757325e-09
64,1000000.0,disconnected,harmonic,dipole,cg,2,2106.0,0.0608673000001545,True,8.37366218744511e-09
64,1000000.0,disconnected,harmonic,dipole,amg025,2,35.0,0.02265735000037239,True,1.794132672184546e-09
64,10000.0,connected,harmonic,dipole,cg,2,3684.0,0.10786449999932302,True,9.263588275589398e-09
64,10000.0,connected,harmonic,ones,amg025,2,25.0,0.017403400000148395,True,5.038844830204984e-09
64,10000.0,connected,harmonic,dipole,jacobi,2,291.0,0.01350064999951428,True,9.619221781759218e-09
64,10000.0,connected,harmonic,random,jacobi,2,290.0,0.013191649999498622,True,9.48507642580556e-09
64,10000.0,connected,harmonic,dipole,amg0,2,12.0,0.01365135000060036,True,1.4335435097871938e-09
64,10000.0,connected,harmonic,ones,jacobi,2,296.0,0.009982550000131596,True,9.126522441034038e-09
64,10000.0,connected,harmonic,random,amg0,2,11.0,0.013934399999925517,True,6.115448726074809e-10
64,10000.0,connected,harmonic,random,amg025,2,24.0,0.017581650000010995,True,7.123869082187077e-09
64,10000.0,connected,harmonic,random,cg,2,3820.0,0.12217554999961067,True,9.383199489713535e-09
64,10000.0,connected,harmonic,ones,amg0,2,12.0,0.0140764500001751,True,1.956577727155105e-09
64,10000.0,connected,harmonic,ones,cg,2,3817.0,0.12371379999967758,True,1.1262248089381687e-08
64,10000.0,connected,harmonic,dipole,amg025,2,25.0,0.01874744999986433,True,2.6885458822172643e-09
128,1000000.0,disconnected,arithmetic,dipole,cg,2,8000.0,0.6732809999998608,False,0.00019899497465346462
128,1000000.0,disconnected,arithmetic,dipole,jacobi,2,256.0,0.024474699999700533,True,9.035338666289224e-09
128,1000000.0,disconnected,arithmetic,ones,amg0,2,19.0,0.053526700000020355,False,2.654127862499888e-07
128,1000000.0,disconnected,arithmetic,random,amg0,2,17.0,0.051216849999946135,True,3.379065296021039e-09
128,1000000.0,disconnected,arithmetic,random,cg,2,8000.0,0.7069879999999102,False,0.139507466201072
128,1000000.0,disconnected,arithmetic,random,amg025,2,68.0,0.12102200000072116,True,4.595736749641064e-09
128,1000000.0,disconnected,arithmetic,ones,amg025,2,70.5,0.12638949999973192,False,4.263713128723988e-07
128,1000000.0,disconnected,arithmetic,ones,jacobi,2,432.0,0.0406297500007895,False,8.118401708541014e-07
128,1000000.0,disconnected,arithmetic,ones,cg,2,8000.0,0.6406750500004819,False,0.008764504703833434
128,1000000.0,disconnected,arithmetic,random,jacobi,2,795.0,0.07314909999968222,True,9.22804693687224e-09
128,1000000.0,disconnected,arithmetic,dipole,amg025,2,52.0,0.10731729999997697,True,9.146080360382807e-09
128,1000000.0,disconnected,arithmetic,dipole,amg0,2,18.0,0.05316190000075949,True,5.642395580511084e-09
64,100.0,disconnected,harmonic,random,jacobi,2,269.0,0.010311599999567989,True,8.338664267900116e-09
64,100.0,disconnected,harmonic,dipole,amg025,2,24.0,0.018181949999870994,True,4.550697760069245e-09
64,100.0,disconnected,harmonic,ones,amg0,2,12.0,0.015633700000762474,True,1.620129007949926e-09
64,100.0,disconnected,harmonic,dipole,amg0,2,12.0,0.014648749999651045,True,9.35451937436955e-10
64,100.0,disconnected,harmonic,random,amg025,2,24.0,0.022145549999549985,True,4.0908418071909425e-09
64,100.0,disconnected,harmonic,ones,jacobi,2,162.0,0.005459250000967586,True,8.34041408610985e-09
64,100.0,disconnected,harmonic,random,cg,2,1154.0,0.041589399999793386,True,9.757291475230356e-09
64,100.0,disconnected,harmonic,ones,amg025,2,24.0,0.017734199999722478,True,4.7973326706037506e-09
64,100.0,disconnected,harmonic,dipole,jacobi,2,118.0,0.003917099999853235,True,8.77646439692091e-09
64,100.0,disconnected,harmonic,ones,cg,2,720.0,0.02289824999979828,True,8.462978762621486e-09
64,100.0,disconnected,harmonic,dipole,cg,2,636.0,0.02170960000012201,True,8.674183503857598e-09
64,100.0,disconnected,harmonic,random,amg0,2,11.0,0.015478450000500743,True,1.790502147044187e-09
128,1000000.0,disconnected,harmonic,ones,amg0,2,18.0,0.05924930000082895,False,2.5635811535307874e-07
128,1000000.0,disconnected,harmonic,random,cg,2,8000.0,0.702909149998959,False,0.007617996049894187
128,1000000.0,disconnected,harmonic,ones,cg,2,8000.0,0.7192533500001446,False,0.004066551270894127
128,1000000.0,disconnected,harmonic,dipole,amg025,2,52.0,0.11443290000033812,True,7.177686724492153e-09
128,1000000.0,disconnected,harmonic,dipole,amg0,2,18.0,0.04952864999995654,True,3.317076590890773e-09
128,1000000.0,disconnected,harmonic,dipole,cg,2,8000.0,0.6619617500000459,False,9.441692175504444e-08
128,1000000.0,disconnected,harmonic,random,jacobi,2,777.0,0.07167679999975007,True,1.0265603166867509e-08
128,1000000.0,disconnected,harmonic,random,amg025,2,67.5,0.12871429999995598,True,9.867901207452228e-09
128,1000000.0,disconnected,harmonic,ones,jacobi,2,418.0,0.03726920000053724,False,7.862901971620198e-07
128,1000000.0,disconnected,harmonic,ones,amg025,2,68.0,0.1395970499993382,False,3.586680275302667e-07
128,1000000.0,disconnected,harmonic,dipole,jacobi,2,278.0,0.028266000000712665,True,9.433798654328727e-09
128,1000000.0,disconnected,harmonic,random,amg0,2,17.0,0.05075739999938378,True,2.0144435854005267e-09
128,100.0,disconnected,harmonic,dipole,amg025,2,48.0,0.09699974999966798,True,3.4005500085782805e-09
128,100.0,disconnected,harmonic,ones,amg025,2,48.0,0.09761944999945626,True,4.543579723604579e-09
128,100.0,disconnected,harmonic,ones,jacobi,2,331.0,0.030830400000468217,True,8.710697636684197e-09
128,100.0,disconnected,harmonic,random,amg0,2,11.0,0.04096274999983507,True,7.321207864900862e-09
128,100.0,disconnected,harmonic,ones,cg,2,2078.0,0.18070304999992004,True,9.445731675946368e-09
128,100.0,disconnected,harmonic,dipole,cg,2,1810.0,0.15142430000014429,True,9.853401592999385e-09
128,100.0,disconnected,harmonic,ones,amg0,2,13.0,0.04777779999994891,True,2.3136379248688444e-09
128,100.0,disconnected,harmonic,random,jacobi,2,541.0,0.05721420000008948,True,9.716486686041103e-09
128,100.0,disconnected,harmonic,random,amg025,2,47.0,0.10085010000011607,True,8.047775883113275e-09
128,100.0,disconnected,harmonic,dipole,amg0,2,13.0,0.04512755000087054,True,1.6801067097073984e-09
128,100.0,disconnected,harmonic,dipole,jacobi,2,245.0,0.021422650000658905,True,8.979112186876454e-09
128,100.0,disconnected,harmonic,random,cg,2,3216.0,0.2610893500000202,True,7.816274442323586e-09
128,1000000.0,connected,harmonic,ones,jacobi,2,694.0,0.06476114999986748,False,1.0622168920345355e-06
128,1000000.0,connected,harmonic,ones,amg025,2,58.0,0.10821660000010525,False,3.499748361270299e-07
128,1000000.0,connected,harmonic,random,amg0,2,11.0,0.04102699999975812,True,4.213753674125525e-09
128,1000000.0,connected,harmonic,random,cg,2,8000.0,0.6643313000004127,False,0.22013855807178767
128,1000000.0,connected,harmonic,ones,amg0,2,13.0,0.048168400000577094,False,2.0760408073686722e-07
128,1000000.0,connected,harmonic,dipole,amg025,2,57.0,0.1178367999996226,True,1.242413072670771e-08
128,1000000.0,connected,harmonic,dipole,cg,2,8000.0,0.6732089000001906,False,0.735431147800285
128,1000000.0,connected,harmonic,random,jacobi,2,655.0,0.05988079999997353,True,1.0520030599343166e-08
128,1000000.0,connected,harmonic,ones,cg,2,8000.0,0.74314030000005,False,2.769350976814608
128,1000000.0,connected,harmonic,dipole,jacobi,2,644.0,0.05944149999959336,True,3.2640004636624253e-08
128,1000000.0,connected,harmonic,dipole,amg0,2,13.0,0.04067605000000185,True,7.164034189020183e-09
128,1000000.0,connected,harmonic,random,amg025,2,55.0,0.11049089999960415,True,9.22084892204682e-09
128,100.0,connected,arithmetic,random,amg0,2,11.0,0.04157119999990755,True,1.3319462365368838e-09
128,100.0,connected,arithmetic,dipole,amg0,2,12.0,0.049999450000086654,True,2.871140303729779e-09
128,100.0,connected,arithmetic,dipole,amg025,2,46.0,0.09451584999942497,True,5.998640368028122e-09
128,100.0,connected,arithmetic,dipole,cg,2,3757.0,0.3463560000000143,True,9.933137860834728e-09
128,100.0,connected,arithmetic,ones,jacobi,2,536.0,0.048105750000559055,True,9.736675927967521e-09
128,100.0,connected,arithmetic,ones,amg0,2,12.0,0.0444204999998874,True,4.3690630899116634e-09
128,100.0,connected,arithmetic,ones,cg,2,3792.0,0.3307488499995088,True,9.887048052918138e-09
128,100.0,connected,arithmetic,random,cg,2,3735.0,0.319975549999981,True,9.446828540956e-09
128,100.0,connected,arithmetic,dipole,jacobi,2,507.0,0.04975800000011077,True,9.405521146200533e-09
128,100.0,connected,arithmetic,ones,amg025,2,48.0,0.11946669999997539,True,5.748759696559419e-09
128,100.0,connected,arithmetic,random,jacobi,2,517.0,0.04613089999975273,True,9.622578747527438e-09
128,100.0,connected,arithmetic,random,amg025,2,46.0,0.10387254999977813,True,4.464970764693424e-09
128,10000.0,disconnected,arithmetic,random,amg0,2,15.0,0.048161050000089745,True,1.452127610217544e-09
128,10000.0,disconnected,arithmetic,dipole,amg0,2,16.0,0.05942410000034215,True,2.7625359292730436e-09
128,10000.0,disconnected,arithmetic,random,cg,2,8000.0,0.6734541999999237,False,0.00014182061698889573
128,10000.0,disconnected,arithmetic,random,amg025,2,58.0,0.11067909999928816,True,7.492403733863742e-09
128,10000.0,disconnected,arithmetic,random,jacobi,2,666.0,0.05866719999949055,True,9.848017086813585e-09
128,10000.0,disconnected,arithmetic,dipole,amg025,2,58.0,0.1242533499998899,True,7.619066186422351e-09
128,10000.0,disconnected,arithmetic,ones,amg0,2,16.0,0.04783099999940532,True,5.855246744069902e-09
128,10000.0,disconnected,arithmetic,ones,cg,2,7628.0,0.7071248999995987,True,4.839412156779373e-08
128,10000.0,disconnected,arithmetic,ones,jacobi,2,373.0,0.03426125000032698,True,1.3437863549632172e-08
128,10000.0,disconnected,arithmetic,ones,amg025,2,58.0,0.11347454999940965,True,9.246460543326058e-09
128,10000.0,disconnected,arithmetic,dipole,cg,2,6483.0,0.6761674999997922,True,8.873226627594324e-09
128,10000.0,disconnected,arithmetic,dipole,jacobi,2,253.0,0.02207989999988058,True,9.495251555540595e-09
128,100.0,connected,harmonic,random,cg,2,3510.0,0.3302604999998948,True,9.795502889694679e-09
128,100.0,connected,harmonic,ones,amg0,2,12.0,0.043335250000382075,True,2.4367254530975026e-09
128,100.0,connected,harmonic,random,amg025,2,44.0,0.09796045000030063,True,6.166255632366136e-09
128,100.0,connected,harmonic,random,jacobi,2,511.0,0.04754774999946676,True,9.422396856244489e-09
128,100.0,connected,harmonic,ones,cg,2,3590.0,0.29641294999964884,True,1.0007414141923457e-08
128,100.0,connected,harmonic,ones,amg025,2,46.0,0.09282275000077789,True,9.401927230872573e-09
128,100.0,connected,harmonic,ones,jacobi,2,532.0,0.05224529999986771,True,9.398725460175822e-09
128,100.0,connected,harmonic,dipole,amg025,2,46.0,0.09368604999963281,True,5.139924859111397e-09
128,100.0,connected,harmonic,random,amg0,2,10.0,0.04841400000032081,True,6.832000216747136e-09
128,100.0,connected,harmonic,dipole,jacobi,2,516.0,0.04332864999969388,True,9.781319281377417e-09
128,100.0,connected,harmonic,dipole,amg0,2,12.0,0.045762050000121235,True,2.048113492813504e-09
128,100.0,connected,harmonic,dipole,cg,2,3541.0,0.31151760000011564,True,9.63264195500745e-09
64,10000.0,disconnected,harmonic,random,amg0,2,13.0,0.017216900000676105,True,4.0442950451539014e-09
64,10000.0,disconnected,harmonic,ones,amg0,2,14.0,0.01909975000035047,True,6.129686007616562e-09
64,10000.0,disconnected,harmonic,ones,amg025,2,30.0,0.022887099999934435,True,2.415542978388282e-09
64,10000.0,disconnected,harmonic,random,cg,2,2624.0,0.09884345000000394,True,9.443262826902542e-09
64,10000.0,disconnected,harmonic,dipole,cg,2,1407.0,0.05675210000072184,True,8.011587465428281e-09
64,10000.0,disconnected,harmonic,ones,cg,2,1677.0,0.06605259999969348,True,1.1264887453482465e-08
64,10000.0,disconnected,harmonic,ones,jacobi,2,186.0,0.006674600000224018,True,5.576432797726545e-09
64,10000.0,disconnected,harmonic,dipole,jacobi,2,123.0,0.004721750000499014,True,8.418965535796534e-09
64,10000.0,disconnected,harmonic,random,jacobi,2,336.0,0.014377900000454247,True,9.307831411401557e-09
64,10000.0,disconnected,harmonic,dipole,amg025,2,30.0,0.028655499999786116,True,1.9853060647370916e-09
64,10000.0,disconnected,harmonic,dipole,amg0,2,14.0,0.02190885000027265,True,9.463663950448384e-09
64,10000.0,disconnected,harmonic,random,amg025,2,29.0,0.02376795000009224,True,5.287784599034633e-09
128,10000.0,disconnected,harmonic,random,amg0,2,14.0,0.046145099999648664,True,6.326525100117365e-09
128,10000.0,disconnected,harmonic,ones,amg025,2,58.0,0.11193880000064382,True,8.58242093648089e-09
128,10000.0,disconnected,harmonic,dipole,amg0,2,16.0,0.05632205000028989,True,1.6476523189874774e-09
128,10000.0,disconnected,harmonic,random,amg025,2,57.0,0.12705750000031912,True,8.057552914437041e-09
128,10000.0,disconnected,harmonic,random,jacobi,2,663.0,0.0688785999996071,True,9.402774179601426e-09
128,10000.0,disconnected,harmonic,ones,jacobi,2,374.0,0.03230954999980895,True,1.1839923086529854e-08
128,10000.0,disconnected,harmonic,ones,cg,2,6418.0,0.5367579499993553,True,4.619118445337189e-08
128,10000.0,disconnected,harmonic,dipole,jacobi,2,258.0,0.03108180000072025,True,9.543102803139851e-09
128,10000.0,disconnected,harmonic,ones,amg0,2,16.0,0.04852290000053472,True,4.02149124899884e-09
128,10000.0,disconnected,harmonic,random,cg,2,8000.0,0.6616135499998563,False,1.4321897378513642e-06
128,10000.0,disconnected,harmonic,dipole,cg,2,5426.0,0.5047176499997477,True,6.8514030117601706e-09
128,10000.0,disconnected,harmonic,dipole,amg025,2,58.0,0.11671390000037718,True,8.740479532935741e-09
128,10000.0,connected,arithmetic,random,jacobi,2,590.0,0.055440399999952206,True,9.920240840639775e-09
128,10000.0,connected,arithmetic,random,amg025,2,52.0,0.1000343000000612,True,5.302971332214306e-09
128,10000.0,connected,arithmetic,dipole,amg0,2,13.0,0.04575005000015153,True,3.4171117140117643e-09
128,10000.0,connected,arithmetic,dipole,cg,2,8000.0,0.6528568999997333,False,0.005332950563225469
128,10000.0,connected,arithmetic,ones,amg025,2,54.0,0.09934255000007397,True,6.108949739743341e-09
128,10000.0,connected,arithmetic,ones,jacobi,2,618.0,0.050471249999645806,True,1.4532273590968667e-08
128,10000.0,connected,arithmetic,dipole,jacobi,2,596.0,0.05480044999967504,True,9.7265341880423e-09
128,10000.0,connected,arithmetic,random,cg,2,8000.0,0.6418078500000775,False,0.0003602405185439428
128,10000.0,connected,arithmetic,dipole,amg025,2,52.0,0.09560124999961772,True,8.152289343278174e-09
128,10000.0,connected,arithmetic,random,amg0,2,11.0,0.04119284999978845,True,6.744269472408554e-09
128,10000.0,connected,arithmetic,ones,amg0,2,13.0,0.041900649999661255,True,5.118120635253735e-09
128,10000.0,connected,arithmetic,ones,cg,2,8000.0,0.6928929499999867,False,0.0014152958178436667
128,10000.0,connected,harmonic,ones,amg025,2,52.0,0.10756080000010115,True,7.70017558649554e-09
128,10000.0,connected,harmonic,random,amg025,2,50.0,0.10272144999999,True,7.161531221758028e-09
128,10000.0,connected,harmonic,random,amg0,2,11.0,0.05085205000068527,True,4.024548790971198e-09
128,10000.0,connected,harmonic,random,cg,2,8000.0,0.6999299000003703,False,0.00017000422346301734
128,10000.0,connected,harmonic,dipole,cg,2,8000.0,0.6779429000002892,False,0.0004850958370630913
128,10000.0,connected,harmonic,ones,cg,2,8000.0,0.6392291500001193,False,0.003419340845583013
128,10000.0,connected,harmonic,dipole,amg025,2,52.0,0.10561379999990095,True,5.206537893150221e-09
128,10000.0,connected,harmonic,ones,jacobi,2,605.0,0.05217474999926708,True,1.5121624580454434e-08
128,10000.0,connected,harmonic,dipole,amg0,2,13.0,0.04053474999955142,True,1.6733183522492704e-09
128,10000.0,connected,harmonic,ones,amg0,2,13.0,0.04421540000021196,True,2.775153340475609e-09
128,10000.0,connected,harmonic,random,jacobi,2,577.0,0.048293199999989156,True,9.574313130884414e-09
128,10000.0,connected,harmonic,dipole,jacobi,2,591.0,0.051477949999934935,True,8.555733645336347e-09
64,1000000.0,connected,harmonic,ones,amg025,2,28.0,0.01892160000079457,True,6.093200135462218e-08
64,1000000.0,connected,harmonic,random,amg025,2,27.0,0.018184300000029907,True,7.658220514218861e-09
64,1000000.0,connected,harmonic,random,cg,2,6548.0,0.19183409999959622,True,7.3613715793439236e-09
64,1000000.0,connected,harmonic,ones,jacobi,2,341.0,0.010674150000340887,False,1.649257004060751e-07
64,1000000.0,connected,harmonic,dipole,jacobi,2,334.0,0.013752750000094238,True,9.329012582137666e-09
64,1000000.0,connected,harmonic,ones,amg0,2,12.0,0.013305049999871699,True,4.561287834859471e-08
64,1000000.0,connected,harmonic,dipole,amg0,2,12.0,0.013539850000142906,True,2.431909796110047e-09
64,1000000.0,connected,harmonic,random,amg0,2,11.0,0.012946100000590377,True,6.348225446122062e-10
64,1000000.0,connected,harmonic,dipole,amg025,2,28.0,0.018597549999867624,True,3.27792163216749e-09
64,1000000.0,connected,harmonic,random,jacobi,2,337.0,0.010587750000468077,True,9.772878010870086e-09
64,1000000.0,connected,harmonic,dipole,cg,2,6300.0,0.1879567500000121,True,3.566244702282112e-08
64,1000000.0,connected,harmonic,ones,cg,2,6655.0,0.19446239999979298,False,1.1034979728795945e-06
64,1000000.0,disconnected,arithmetic,random,jacobi,2,380.0,0.0120137000003524,True,9.156220420305142e-09
64,1000000.0,disconnected,arithmetic,random,cg,2,6100.0,0.18686385000000882,True,8.326346260559012e-09
64,1000000.0,disconnected,arithmetic,dipole,jacobi,2,135.0,0.004458850000446546,True,9.230751194313987e-09
64,1000000.0,disconnected,arithmetic,ones,cg,2,3972.0,0.11703410000018266,False,9.50757469842175e-07
64,1000000.0,disconnected,arithmetic,random,amg0,2,16.0,0.01591550000011921,True,5.771840348052693e-09
64,1000000.0,disconnected,arithmetic,ones,amg025,2,35.0,0.022468450000360463,True,8.188586222794617e-08
64,1000000.0,disconnected,arithmetic,random,amg025,2,34.5,0.02210705000015878,True,9.894244475509056e-09
64,1000000.0,disconnected,arithmetic,ones,jacobi,2,201.0,0.006578500000159693,False,1.485933749382282e-07
64,1000000.0,disconnected,arithmetic,dipole,amg025,2,35.0,0.024444649999622925,True,3.605806560383806e-09
64,1000000.0,disconnected,arithmetic,dipole,cg,2,3031.0,0.09913685000037731,True,8.893897593206798e-09
64,1000000.0,disconnected,arithmetic,dipole,amg0,2,17.0,0.016717449999759992,True,1.0034028359196692e-08
64,1000000.0,disconnected,arithmetic,ones,amg0,2,17.0,0.022491749999971944,True,6.298255677306194e-08
64,100.0,connected,harmonic,random,cg,2,1392.0,0.04336564999948678,True,9.926051694634687e-09
64,100.0,connected,harmonic,random,amg025,2,21.0,0.01581190000024435,True,8.257666752435268e-09
64,100.0,connected,harmonic,dipole,amg0,2,11.0,0.013997650000874273,True,1.4192047855664205e-09
64,100.0,connected,harmonic,dipole,cg,2,1355.0,0.043549000000439264,True,9.977714669394097e-09
64,100.0,connected,harmonic,ones,amg0,2,11.0,0.013140600000042468,True,2.2533745092451907e-09
64,100.0,connected,harmonic,random,jacobi,2,253.0,0.008331750000252214,True,9.836769650845217e-09
64,100.0,connected,harmonic,ones,cg,2,1368.0,0.0451124000001073,True,6.307639759488792e-09
64,100.0,connected,harmonic,random,amg0,2,10.0,0.015430550000473886,True,2.4353189170898185e-09
64,100.0,connected,harmonic,dipole,amg025,2,22.0,0.019657450000977406,True,4.249547932194507e-09
64,100.0,connected,harmonic,ones,amg025,2,22.0,0.016964649999863468,True,7.720460106364445e-09
64,100.0,connected,harmonic,dipole,jacobi,2,251.0,0.008839850000185834,True,9.219633195220573e-09
64,100.0,connected,harmonic,ones,jacobi,2,260.0,0.008968950000053155,True,9.639393240239929e-09
128,100.0,disconnected,arithmetic,dipole,cg,2,1955.0,0.1690904000001865,True,9.038225213549341e-09
128,100.0,disconnected,arithmetic,dipole,jacobi,2,244.0,0.020944650000274123,True,8.939243833041359e-09
128,100.0,disconnected,arithmetic,random,amg0,2,11.0,0.042853000000377506,True,7.686949146236941e-09
128,100.0,disconnected,arithmetic,ones,jacobi,2,330.0,0.028603199999906792,True,9.50856667174423e-09
128,100.0,disconnected,arithmetic,random,cg,2,3468.0,0.30602409999937663,True,9.338246249546821e-09
128,100.0,disconnected,arithmetic,ones,amg0,2,13.0,0.042609149999861984,True,2.0155558258093465e-09
128,100.0,disconnected,arithmetic,ones,amg025,2,48.0,0.092373100000259,True,4.867501444334272e-09
128,100.0,disconnected,arithmetic,random,amg025,2,48.0,0.09448935000045822,True,4.391543976534435e-09
128,100.0,disconnected,arithmetic,ones,cg,2,2247.0,0.1884537500004626,True,9.656129800846504e-09
128,100.0,disconnected,arithmetic,dipole,amg0,2,13.0,0.043860050000148476,True,1.6334222556468403e-09
128,100.0,disconnected,arithmetic,random,jacobi,2,539.0,0.04616319999968255,True,9.977005427294157e-09
128,100.0,disconnected,arithmetic,dipole,amg025,2,48.0,0.09693865000053847,True,4.452696328490845e-09
64,1000000.0,connected,arithmetic,ones,jacobi,2,341.0,0.010712100000091596,False,1.8295116332078966e-07
64,1000000.0,connected,arithmetic,dipole,jacobi,2,336.0,0.010244349999538827,True,1.0990428765652915e-08
64,1000000.0,connected,arithmetic,random,amg0,2,11.0,0.012984599999981583,True,4.58318995924888e-09
64,1000000.0,connected,arithmetic,dipole,cg,2,8000.0,0.232195000000047,False,1.6796602305260472e-06
64,1000000.0,connected,arithmetic,random,amg025,2,29.0,0.01975510000011127,True,2.6177357638050972e-09
64,1000000.0,connected,arithmetic,random,cg,2,8000.0,0.23337674999993396,False,1.0681853984920162e-05
64,1000000.0,connected,arithmetic,random,jacobi,2,337.0,0.010377999999491294,True,8.420156442268667e-09
64,1000000.0,connected,arithmetic,ones,cg,2,8000.0,0.23380304999955115,False,2.4627482641614736e-06
64,1000000.0,connected,arithmetic,ones,amg0,2,13.0,0.014025649999894085,True,5.296432118901561e-08
64,1000000.0,connected,arithmetic,ones,amg025,2,30.0,0.020143699999152886,True,5.7505427518860764e-08
64,1000000.0,connected,arithmetic,dipole,amg025,2,29.0,0.019951249999849097,True,4.561118763194735e-09
64,1000000.0,connected,arithmetic,dipole,amg0,2,12.0,0.01355859999966924,True,6.958383737759649e-09
64,100.0,disconnected,arithmetic,ones,cg,2,859.0,0.025815199999669858,True,9.666514499200218e-09
64,100.0,disconnected,arithmetic,ones,amg025,2,25.0,0.01841824999974051,True,2.8335823903373356e-09
64,100.0,disconnected,arithmetic,dipole,amg025,2,25.0,0.017567749999670923,True,2.3370327340624317e-09
64,100.0,disconnected,arithmetic,random,cg,2,1373.0,0.03977995000013834,True,9.5631788926808e-09
64,100.0,disconnected,arithmetic,dipole,jacobi,2,119.0,0.003791399999499845,True,7.864875081863196e-09
64,100.0,disconnected,arithmetic,dipole,amg0,2,12.0,0.014177300000028481,True,3.634243732288127e-09
64,100.0,disconnected,arithmetic,ones,amg0,2,12.0,0.019420249999711814,True,5.241988545060277e-09
64,100.0,disconnected,arithmetic,dipole,cg,2,755.0,0.022347249999711494,True,8.38244962926493e-09
64,100.0,disconnected,arithmetic,random,amg025,2,25.0,0.01760390000026746,True,1.4428202543058656e-09
64,100.0,disconnected,arithmetic,random,jacobi,2,266.0,0.012557149999793182,True,9.42571020838597e-09
64,100.0,disconnected,arithmetic,random,amg0,2,11.0,0.013718249999783438,True,2.5146603610576567e-09
64,100.0,disconnected,arithmetic,ones,jacobi,2,158.0,0.004944650000197726,True,9.783852246562188e-09
64,10000.0,disconnected,arithmetic,ones,amg0,2,15.0,0.015223699999296514,True,5.6041448301269386e-09
64,10000.0,disconnected,arithmetic,dipole,cg,2,1952.0,0.06253754999988814,True,5.70445015769727e-09
64,10000.0,disconnected,arithmetic,ones,jacobi,2,186.0,0.005889349999961269,True,7.233755554775558e-09
64,10000.0,disconnected,arithmetic,dipole,jacobi,2,127.0,0.0040237499997601844,True,9.615827327338823e-09
64,10000.0,disconnected,arithmetic,dipole,amg025,2,30.0,0.020411800000147196,True,3.6559331731208764e-09
64,10000.0,disconnected,arithmetic,random,jacobi,2,326.0,0.010178400000313559,True,9.744240783958577e-09
64,10000.0,disconnected,arithmetic,random,amg025,2,30.0,0.01968219999980647,True,2.7128513945567105e-09
64,10000.0,disconnected,arithmetic,ones,cg,2,2319.0,0.06774770000038188,True,1.0719612058442396e-08
64,10000.0,disconnected,arithmetic,ones,amg025,2,31.0,0.02173824999954377,True,2.6306183693120026e-09
64,10000.0,disconnected,arithmetic,random,cg,2,3617.0,0.1175415000002431,True,8.31830800607981e-09
64,10000.0,disconnected,arithmetic,dipole,amg0,2,15.0,0.015254449999702047,True,9.723849122707333e-09
64,10000.0,disconnected,arithmetic,random,amg0,2,14.0,0.02362810000022364,True,2.3971877072903474e-09
64,10000.0,connected,arithmetic,dipole,amg0,2,12.0,0.01296869999896444,True,6.285363758782387e-09
64,10000.0,connected,arithmetic,random,amg025,2,26.0,0.026053350000438513,True,5.15414845778927e-09
64,10000.0,connected,arithmetic,random,jacobi,2,299.0,0.009329749999324122,True,7.899638720523195e-09
64,10000.0,connected,arithmetic,ones,amg0,2,13.0,0.015232850000302278,True,7.643251750513641e-10
64,10000.0,connected,arithmetic,ones,jacobi,2,303.0,0.009559950000038953,True,8.856073415152399e-09
64,10000.0,connected,arithmetic,random,amg0,2,11.0,0.012880950000635494,True,4.431599880759565e-09
64,10000.0,connected,arithmetic,ones,amg025,2,27.0,0.018527650000123685,True,3.91297433546679e-09
64,10000.0,connected,arithmetic,ones,cg,2,5039.0,0.15790415000037683,True,1.1190024178456479e-08
64,10000.0,connected,arithmetic,random,cg,2,5109.0,0.1583144500000344,True,9.049322933027485e-09
64,10000.0,connected,arithmetic,dipole,amg025,2,26.0,0.018505350000395993,True,7.867478504913781e-09
64,10000.0,connected,arithmetic,dipole,cg,2,4846.0,0.14276285000005373,True,9.953013488849317e-09
64,10000.0,connected,arithmetic,dipole,jacobi,2,294.0,0.009083800000098563,True,9.892705334323729e-09
64,100.0,connected,arithmetic,dipole,amg0,2,11.0,0.012424150000242662,True,5.351855852491624e-09
64,100.0,connected,arithmetic,ones,cg,2,1550.0,0.059556400000019494,True,8.94600287231212e-09
64,100.0,connected,arithmetic,random,jacobi,2,259.0,0.008174899999630725,True,9.960568706308705e-09
64,100.0,connected,arithmetic,dipole,jacobi,2,253.0,0.007940800000596937,True,9.820326369872541e-09
64,100.0,connected,arithmetic,ones,amg0,2,11.0,0.014036599999599275,True,6.938591613637377e-09
64,100.0,connected,arithmetic,dipole,amg025,2,23.0,0.02123334999942017,True,9.841287894410978e-09
64,100.0,connected,arithmetic,random,amg0,2,10.0,0.012063799999850744,True,1.8918893567207345e-09
64,100.0,connected,arithmetic,random,amg025,2,23.0,0.023766950000208453,True,7.067643473952737e-09
64,100.0,connected,arithmetic,ones,amg025,2,24.0,0.01675840000007156,True,4.43855983766496e-09
64,100.0,connected,arithmetic,dipole,cg,2,1557.0,0.048625600000377744,True,9.826510503761244e-09
64,100.0,connected,arithmetic,ones,jacobi,2,264.0,0.008336649999819201,True,9.030602105935681e-09
64,100.0,connected,arithmetic,random,cg,2,1592.0,0.04924380000056772,True,9.513976745811503e-09
128,1000000.0,connected,arithmetic,ones,amg0,2,13.0,0.04933160000018688,False,2.2112595324486797e-07
128,1000000.0,connected,arithmetic,random,cg,2,8000.0,0.69807714999979,False,0.18153572587381797
128,1000000.0,connected,arithmetic,dipole,jacobi,2,681.0,0.063126249999641,True,3.475028037948837e-08
128,1000000.0,connected,arithmetic,ones,jacobi,2,695.0,0.0585174999996525,False,1.1000240177844995e-06
128,1000000.0,connected,arithmetic,random,amg0,2,11.0,0.03897869999991599,True,6.986155912082635e-09
128,1000000.0,connected,arithmetic,ones,amg025,2,60.0,0.10923684999943362,False,3.2177231978688116e-07
128,1000000.0,connected,arithmetic,random,jacobi,2,675.0,0.0588647999998102,True,9.375392699351008e-09
128,1000000.0,connected,arithmetic,ones,cg,2,8000.0,0.640873800000918,False,0.16014247736436166
128,1000000.0,connected,arithmetic,dipole,cg,2,8000.0,0.6693756499994379,False,0.07044803760566534
128,1000000.0,connected,arithmetic,dipole,amg025,2,60.0,0.11363735000031738,True,1.3704239475136207e-08
128,1000000.0,connected,arithmetic,random,amg025,2,60.0,0.11475565000000643,True,3.811373356638473e-09
128,1000000.0,connected,arithmetic,dipole,amg0,2,13.0,0.04343479999943156,True,7.976706665989232e-09
