n,contrast,motif,shift,rhs,method,repeat,order,seed,setup,solve,total,iterations,info,residual,accepted,complexity,levels
192,1000.0,two_by_eight,1,random,jacobi,0,0,13401,0.00040470000021741726,0.282982799999445,0.2833874999996624,953,0,9.762198060529e-10,True,0.0,0
192,1000.0,two_by_eight,1,odd_x,rs025,0,1,13401,0.056283500000063214,0.06574779999937164,0.12203129999943485,12,0,3.9635736687167694e-10,True,2.2042172026260154,8
192,1000.0,three_by_six,0,random,amg0,0,2,13401,0.07324599999992643,0.06580219999887049,0.13904819999879692,16,0,2.1057193277428694e-10,True,1.3386725269834205,5
192,1000.0,two_by_eight,0,random,rs025,0,3,13401,0.04269969999950263,0.05324540000037814,0.09594509999988077,10,0,1.8698166390610062e-10,True,2.204167130299321,8
192,1000.0,three_by_six,0,random,rs025,0,4,13401,0.05092289999993227,0.05147769999894081,0.10240059999887308,10,0,8.762562069413869e-10,True,2.1991932791810394,8
192,1000.0,three_by_six,1,odd_x,amg0,0,5,13401,0.07611569999971834,0.06846040000164066,0.144576100001359,16,0,3.7230997007903473e-10,True,1.3386725269834205,5
192,1000.0,two_by_eight,0,odd_x,amg0,0,6,13401,0.06918930000028922,0.06427840000105789,0.1334677000013471,17,0,4.800266403916266e-10,True,1.3386725269834205,5
192,1000.0,three_by_six,1,random,jacobi,0,7,13401,0.0003105999985564267,0.22615480000058596,0.2264653999991424,952,0,9.485350330749907e-10,True,0.0,0
192,1000.0,three_by_six,1,random,rs025,0,8,13401,0.034519500000897096,0.04457650000040303,0.07909600000130013,11,0,8.916570637949889e-10,True,2.1999221097140316,8
192,1000.0,two_by_eight,1,odd_x,jacobi,0,9,13401,0.00039029999970807694,0.14511339999990014,0.14550369999960822,677,0,9.746160329003246e-10,True,0.0,0
192,1000.0,three_by_six,1,odd_x,jacobi,0,10,13401,0.00040980000085255597,0.15177460000086285,0.1521844000017154,677,0,9.86997938544521e-10,True,0.0,0
192,1000.0,two_by_eight,1,random,amg0,0,11,13401,0.05746809999982361,0.05420650000087335,0.11167460000069696,14,0,3.2557793445287796e-10,True,1.3386725269834205,5
192,1000.0,three_by_six,0,odd_x,amg0,0,12,13401,0.06288929999936954,0.06423150000046007,0.12712079999982961,18,0,2.0475928793435373e-10,True,1.3386725269834205,5
192,1000.0,two_by_eight,0,random,jacobi,0,13,13401,0.0002950000016426202,0.21286800000052608,0.2131630000021687,949,0,9.941891616592456e-10,True,0.0,0
192,1000.0,two_by_eight,0,odd_x,rs025,0,14,13401,0.032422299998870585,0.04094420000001264,0.07336649999888323,11,0,1.93057044845583e-10,True,2.204167130299321,8
192,1000.0,three_by_six,0,random,jacobi,0,15,13401,0.0003768999995372724,0.19774630000028992,0.1981231999998272,951,0,9.931286841477768e-10,True,0.0,0
192,1000.0,three_by_six,1,odd_x,rs025,0,16,13401,0.03257790000134264,0.04764169999907608,0.08021960000041872,13,0,4.5976562271198307e-10,True,2.1999221097140316,8
192,1000.0,two_by_eight,0,random,amg0,0,17,13401,0.04675159999897005,0.04980339999929129,0.09655499999826134,15,0,8.874501113149465e-10,True,1.3386725269834205,5
192,1000.0,three_by_six,0,odd_x,rs025,0,18,13401,0.032272299999021925,0.04247929999837652,0.07475159999739844,12,0,1.9283441204080997e-10,True,2.1991932791810394,8
192,1000.0,two_by_eight,1,random,rs025,0,19,13401,0.03646339999977499,0.05655130000013742,0.09301469999991241,11,0,1.6185291937575478e-10,True,2.2042172026260154,8
192,1000.0,three_by_six,0,odd_x,jacobi,0,20,13401,0.00040239999907498714,0.09307979999903182,0.09348219999810681,424,0,9.925992214146663e-10,True,0.0,0
192,1000.0,two_by_eight,0,odd_x,jacobi,0,21,13401,0.000294400000711903,0.0846397999994224,0.0849342000001343,403,0,9.076303314903551e-10,True,0.0,0
192,1000.0,three_by_six,1,random,amg0,0,22,13401,0.04582469999877503,0.052944600000046194,0.09876929999882123,14,0,7.343147322685282e-10,True,1.3386725269834205,5
192,1000.0,two_by_eight,1,odd_x,amg0,0,23,13401,0.04449820000081672,0.05259990000013204,0.09709810000094876,16,0,1.6353251134003607e-10,True,1.3386725269834205,5
192,1000.0,three_by_six,1,random,rs025,1,0,13402,0.04179440000007162,0.03954859999976179,0.08134299999983341,11,0,8.916570637949889e-10,True,2.1999221097140316,8
192,1000.0,two_by_eight,0,odd_x,jacobi,1,1,13402,0.00046799999836366624,0.08536709999862069,0.08583509999698435,403,0,9.076303314903551e-10,True,0.0,0
192,1000.0,two_by_eight,1,random,amg0,1,2,13402,0.04528130000107922,0.04938150000089081,0.09466280000197003,14,0,3.2633540268947893e-10,True,1.3386725269834205,5
192,1000.0,two_by_eight,1,random,jacobi,1,3,13402,0.0003240000005462207,0.20954229999915697,0.2098662999997032,953,0,9.762198060529e-10,True,0.0,0
192,1000.0,three_by_six,0,random,rs025,1,4,13402,0.032088399999338435,0.03922909999891999,0.07131749999825843,10,0,8.762562069413869e-10,True,2.1991932791810394,8
192,1000.0,two_by_eight,1,random,rs025,1,5,13402,0.03340109999953711,0.04334259999995993,0.07674369999949704,11,0,1.6185291937575478e-10,True,2.2042172026260154,8
192,1000.0,two_by_eight,1,odd_x,amg0,1,6,13402,0.054870500000106404,0.054560799999308074,0.10943129999941448,16,0,1.6380235957653387e-10,True,1.3386725269834205,5
192,1000.0,two_by_eight,0,odd_x,rs025,1,7,13402,0.03348019999975804,0.04569389999960549,0.07917409999936353,11,0,1.93057044845583e-10,True,2.204167130299321,8
192,1000.0,two_by_eight,0,random,rs025,1,8,13402,0.03147040000112611,0.039785000000847504,0.07125540000197361,10,0,1.8698166390610062e-10,True,2.204167130299321,8
192,1000.0,three_by_six,0,random,amg0,1,9,13402,0.04656559999966703,0.06341229999998177,0.1099778999996488,16,0,2.1220443573461777e-10,True,1.3386725269834205,5
192,1000.0,three_by_six,0,odd_x,jacobi,1,10,13402,0.0002580999989731936,0.08919950000017707,0.08945759999915026,424,0,9.925992214146663e-10,True,0.0,0
192,1000.0,two_by_eight,0,odd_x,amg0,1,11,13402,0.046150399999532965,0.057151700000758865,0.10330210000029183,17,0,4.741679976662352e-10,True,1.3386725269834205,5
192,1000.0,three_by_six,1,odd_x,jacobi,1,12,13402,0.0003819999983534217,0.13679179999962798,0.1371737999979814,677,0,9.86997938544521e-10,True,0.0,0
192,1000.0,two_by_eight,0,random,amg0,1,13,13402,0.04508270000042103,0.05563310000070487,0.1007158000011259,15,0,8.794640695730296e-10,True,1.3386725269834205,5
192,1000.0,three_by_six,1,random,amg0,1,14,13402,0.05214779999914754,0.05303230000026815,0.10518009999941569,14,0,7.367191035464938e-10,True,1.3386725269834205,5
192,1000.0,three_by_six,0,odd_x,amg0,1,15,13402,0.042726800000309595,0.062268600000606966,0.10499540000091656,18,0,2.0650640956057268e-10,True,1.3386725269834205,5
192,1000.0,two_by_eight,1,odd_x,rs025,1,16,13402,0.03301060000012512,0.04343929999959073,0.07644989999971585,12,0,3.9635736687167694e-10,True,2.2042172026260154,8
192,1000.0,three_by_six,0,odd_x,rs025,1,17,13402,0.03036689999862574,0.04301049999958195,0.07337739999820769,12,0,1.9283441204080997e-10,True,2.1991932791810394,8
192,1000.0,three_by_six,0,random,jacobi,1,18,13402,0.00030479999986710027,0.18966229999932693,0.18996709999919403,951,0,9.931286841477768e-10,True,0.0,0
192,1000.0,three_by_six,1,random,jacobi,1,19,13402,0.0003833999999187654,0.19694460000027902,0.1973280000001978,952,0,9.485350330749907e-10,True,0.0,0
192,1000.0,three_by_six,1,odd_x,rs025,1,20,13402,0.033114099998783786,0.04791450000084296,0.08102859999962675,13,0,4.5976562271198307e-10,True,2.1999221097140316,8
192,1000.0,two_by_eight,1,odd_x,jacobi,1,21,13402,0.0004272999995009741,0.15904709999995248,0.15947439999945345,677,0,9.746160329003246e-10,True,0.0,0
192,1000.0,three_by_six,1,odd_x,amg0,1,22,13402,0.05076790000020992,0.06517410000014934,0.11594200000035926,16,0,3.735805830149129e-10,True,1.3386725269834205,5
192,1000.0,two_by_eight,0,random,jacobi,1,23,13402,0.00031710000075690914,0.20144030000119528,0.2017574000019522,949,0,9.941891616592456e-10,True,0.0,0
192,1000.0,three_by_six,1,random,amg0,2,0,13403,0.04725300000063726,0.04779439999947499,0.09504740000011225,14,0,7.36085744761519e-10,True,1.3386725269834205,5
192,1000.0,three_by_six,0,odd_x,jacobi,2,1,13403,0.0003394999985175673,0.08208019999983662,0.08241969999835419,424,0,9.925992214146663e-10,True,0.0,0
192,1000.0,three_by_six,1,random,rs025,2,2,13403,0.03202459999920393,0.043402000001151464,0.07542660000035539,11,0,8.916570637949889e-10,True,2.1999221097140316,8
192,1000.0,three_by_six,0,random,amg0,2,3,13403,0.061119800000597024,0.05745329999990645,0.11857310000050347,16,0,2.1148385644361268e-10,True,1.3386725269834205,5
192,1000.0,two_by_eight,0,random,jacobi,2,4,13403,0.00032589999864285346,0.22883830000137095,0.2291642000000138,949,0,9.941891616592456e-10,True,0.0,0
192,1000.0,three_by_six,1,random,jacobi,2,5,13403,0.000408199999583303,0.24351469999965047,0.24392289999923378,952,0,9.485350330749907e-10,True,0.0,0
192,1000.0,two_by_eight,0,random,amg0,2,6,13403,0.06295989999853191,0.06728600000133156,0.13024589999986347,15,0,8.857419016210842e-10,True,1.3386725269834205,5
192,1000.0,two_by_eight,1,random,amg0,2,7,13403,0.05768580000039947,0.06398009999975329,0.12166590000015276,14,0,3.263642580593636e-10,True,1.3386725269834205,5
192,1000.0,two_by_eight,1,odd_x,amg0,2,8,13403,0.05978840000170749,0.06877069999973173,0.12855910000143922,16,0,1.642588341822914e-10,True,1.3386725269834205,5
192,1000.0,three_by_six,0,odd_x,amg0,2,9,13403,0.06265419999908772,0.07968459999938204,0.14233879999846977,18,0,2.0575560668300025e-10,True,1.3386725269834205,5
192,1000.0,three_by_six,1,odd_x,rs025,2,10,13403,0.03640400000040245,0.06108709999898565,0.0974910999993881,13,0,4.5976562271198307e-10,True,2.1999221097140316,8
192,1000.0,two_by_eight,1,odd_x,jacobi,2,11,13403,0.0004071000003023073,0.1771083000003273,0.1775154000006296,677,0,9.746160329003246e-10,True,0.0,0
192,1000.0,two_by_eight,1,odd_x,rs025,2,12,13403,0.038308600000164006,0.04945899999984249,0.0877676000000065,12,0,3.9635736687167694e-10,True,2.2042172026260154,8
192,1000.0,two_by_eight,0,odd_x,amg0,2,13,13403,0.04468319999978121,0.07466519999979937,0.11934839999958058,17,0,4.788045390047572e-10,True,1.3386725269834205,5
192,1000.0,three_by_six,0,random,rs025,2,14,13403,0.04068809999989753,0.039209000000482774,0.0798971000003803,10,0,8.762562069413869e-10,True,2.1991932791810394,8
192,1000.0,two_by_eight,1,random,jacobi,2,15,13403,0.0004704999992100056,0.2214758999998594,0.2219463999990694,953,0,9.762198060529e-10,True,0.0,0
192,1000.0,three_by_six,1,odd_x,amg0,2,16,13403,0.059351399999286514,0.06256539999958477,0.12191679999887128,16,0,3.72829616299096e-10,True,1.3386725269834205,5
192,1000.0,two_by_eight,0,odd_x,jacobi,2,17,13403,0.00029529999847,0.10908790000030422,0.10938319999877422,403,0,9.076303314903551e-10,True,0.0,0
192,1000.0,three_by_six,0,odd_x,rs025,2,18,13403,0.03790850000041246,0.05664539999997942,0.09455390000039188,12,0,1.9283441204080997e-10,True,2.1991932791810394,8
192,1000.0,two_by_eight,1,random,rs025,2,19,13403,0.03836830000000191,0.041013899999597925,0.07938219999959983,11,0,1.6185291937575478e-10,True,2.2042172026260154,8
192,1000.0,three_by_six,1,odd_x,jacobi,2,20,13403,0.00035820000084640924,0.16543499999897904,0.16579319999982545,677,0,9.86997938544521e-10,True,0.0,0
192,1000.0,three_by_six,0,random,jacobi,2,21,13403,0.0004946000008203555,0.25520959999994375,0.2557042000007641,951,0,9.931286841477768e-10,True,0.0,0
192,1000.0,two_by_eight,0,odd_x,rs025,2,22,13403,0.041064400000323076,0.048666500000763335,0.08973090000108641,11,0,1.93057044845583e-10,True,2.204167130299321,8
192,1000.0,two_by_eight,0,random,rs025,2,23,13403,0.03202699999928882,0.03973550000046089,0.07176249999974971,10,0,1.8698166390610062e-10,True,2.204167130299321,8
192,1000.0,two_by_eight,1,odd_x,jacobi,3,0,13404,0.0004231000002619112,0.17630429999917396,0.17672739999943587,677,0,9.746160329003246e-10,True,0.0,0
192,1000.0,three_by_six,0,random,rs025,3,1,13404,0.03932070000155363,0.04081109999970067,0.0801318000012543,10,0,8.762562069413869e-10,True,2.1991932791810394,8
192,1000.0,two_by_eight,0,random,rs025,3,2,13404,0.04006690000096569,0.040377799999987474,0.08044470000095316,10,0,1.8698166390610062e-10,True,2.204167130299321,8
192,1000.0,three_by_six,0,odd_x,amg0,3,3,13404,0.05258060000051046,0.0634513999993942,0.11603199999990466,18,0,2.0434134047752363e-10,True,1.3386725269834205,5
192,1000.0,two_by_eight,1,random,rs025,3,4,13404,0.0341534999988653,0.041725400000359514,0.07587889999922481,11,0,1.6185291937575478e-10,True,2.2042172026260154,8
192,1000.0,three_by_six,1,random,rs025,3,5,13404,0.03672990000086429,0.042985699999917415,0.0797156000007817,11,0,8.916570637949889e-10,True,2.1999221097140316,8
192,1000.0,three_by_six,0,odd_x,jacobi,3,6,13404,0.0003242999991925899,0.0951282000005449,0.09545249999973748,424,0,9.925992214146663e-10,True,0.0,0
192,1000.0,three_by_six,1,odd_x,jacobi,3,7,13404,0.0003842999994958518,0.14826720000019122,0.14865149999968708,677,0,9.86997938544521e-10,True,0.0,0
192,1000.0,two_by_eight,1,odd_x,rs025,3,8,13404,0.03529450000132783,0.0447163000008004,0.08001080000212824,12,0,3.9635736687167694e-10,True,2.2042172026260154,8
192,1000.0,three_by_six,0,random,amg0,3,9,13404,0.04435899999953108,0.05330669999966631,0.09766569999919739,16,0,2.1010026528600465e-10,True,1.3386725269834205,5
192,1000.0,three_by_six,1,random,jacobi,3,10,13404,0.00030590000096708536,0.2014259999996284,0.2017319000005955,952,0,9.485350330749907e-10,True,0.0,0
192,1000.0,three_by_six,1,odd_x,amg0,3,11,13404,0.0506561000001966,0.0562091000010696,0.1068652000012662,16,0,3.7242420631656223e-10,True,1.3386725269834205,5
192,1000.0,three_by_six,1,random,amg0,3,12,13404,0.04815429999871412,0.05719449999924109,0.10534879999795521,14,0,7.342520607193095e-10,True,1.3386725269834205,5
192,1000.0,two_by_eight,0,odd_x,amg0,3,13,13404,0.05108800000016345,0.061395799999445444,0.11248379999960889,17,0,4.73252419641343e-10,True,1.3386725269834205,5
192,1000.0,two_by_eight,0,random,amg0,3,14,13404,0.05166129999997793,0.06205390000104671,0.11371520000102464,15,0,8.787795895662102e-10,True,1.3386725269834205,5
192,1000.0,three_by_six,0,random,jacobi,3,15,13404,0.0003353000010974938,0.2424183000002813,0.2427536000013788,951,0,9.931286841477768e-10,True,0.0,0
192,1000.0,two_by_eight,1,random,jacobi,3,16,13404,0.00037039999915577937,0.2508328999992955,0.25120329999845126,953,0,9.762198060529e-10,True,0.0,0
192,1000.0,two_by_eight,1,odd_x,amg0,3,17,13404,0.054911000001084176,0.08106580000094255,0.13597680000202672,16,0,1.600237717925846e-10,True,1.3386725269834205,5
192,1000.0,two_by_eight,1,random,amg0,3,18,13404,0.04772460000094725,0.051022999999986496,0.09874760000093374,14,0,3.209929282891537e-10,True,1.3386725269834205,5
192,1000.0,two_by_eight,0,random,jacobi,3,19,13404,0.00030019999940122943,0.2342263999998977,0.23452659999929892,949,0,9.941891616592456e-10,True,0.0,0
192,1000.0,three_by_six,1,odd_x,rs025,3,20,13404,0.045013200000539655,0.05050919999848702,0.09552239999902667,13,0,4.5976562271198307e-10,True,2.1999221097140316,8
192,1000.0,three_by_six,0,odd_x,rs025,3,21,13404,0.03556079999907524,0.05482969999866327,0.09039049999773852,12,0,1.9283441204080997e-10,True,2.1991932791810394,8
192,1000.0,two_by_eight,0,odd_x,jacobi,3,22,13404,0.00038780000068072695,0.08268520000092394,0.08307300000160467,403,0,9.076303314903551e-10,True,0.0,0
192,1000.0,two_by_eight,0,odd_x,rs025,3,23,13404,0.04005969999889203,0.04837190000034752,0.08843159999923955,11,0,1.93057044845583e-10,True,2.204167130299321,8
192,1000.0,three_by_six,0,random,rs025,4,0,13405,0.038826599999083555,0.03662929999882181,0.07545589999790536,10,0,8.762562069413869e-10,True,2.1991932791810394,8
192,1000.0,three_by_six,1,random,jacobi,4,1,13405,0.00036589999945135787,0.2832545000001119,0.28362039999956323,952,0,9.485350330749907e-10,True,0.0,0
192,1000.0,two_by_eight,1,random,rs025,4,2,13405,0.038555900000574184,0.05312690000027942,0.0916828000008536,11,0,1.6185291937575478e-10,True,2.2042172026260154,8
192,1000.0,three_by_six,1,odd_x,jacobi,4,3,13405,0.0005287000003590947,0.1718170000003738,0.1723457000007329,677,0,9.86997938544521e-10,True,0.0,0
192,1000.0,two_by_eight,1,odd_x,amg0,4,4,13405,0.05107040000075358,0.06173490000037418,0.11280530000112776,16,0,1.635755301958398e-10,True,1.3386725269834205,5
192,1000.0,three_by_six,0,random,jacobi,4,5,13405,0.001400699999067001,0.2565663000004861,0.2579669999995531,951,0,9.931286841477768e-10,True,0.0,0
192,1000.0,two_by_eight,0,odd_x,jacobi,4,6,13405,0.0004320999996707542,0.10559290000128385,0.1060250000009546,403,0,9.076303314903551e-10,True,0.0,0
192,1000.0,three_by_six,0,odd_x,rs025,4,7,13405,0.040150200000425684,0.05129740000120364,0.09144760000162933,12,0,1.9283441204080997e-10,True,2.1991932791810394,8
192,1000.0,two_by_eight,0,random,jacobi,4,8,13405,0.00047989999984565657,0.2560078999995312,0.2564877999993769,949,0,9.941891616592456e-10,True,0.0,0
192,1000.0,two_by_eight,0,random,rs025,4,9,13405,0.04305729999941832,0.04940259999966656,0.09245989999908488,10,0,1.8698166390610062e-10,True,2.204167130299321,8
192,1000.0,three_by_six,1,odd_x,amg0,4,10,13405,0.05938570000034815,0.07582179999917571,0.13520749999952386,16,0,3.7281000041244743e-10,True,1.3386725269834205,5
192,1000.0,two_by_eight,1,odd_x,jacobi,4,11,13405,0.00031379999927594326,0.17680860000109533,0.17712240000037127,677,0,9.746160329003246e-10,True,0.0,0
192,1000.0,two_by_eight,1,random,amg0,4,12,13405,0.054974499998934334,0.06846460000087973,0.12343909999981406,14,0,3.2592575087409765e-10,True,1.3386725269834205,5
192,1000.0,three_by_six,0,random,amg0,4,13,13405,0.04127369999878283,0.05887739999889163,0.10015109999767446,16,0,2.1104292103761464e-10,True,1.3386725269834205,5
192,1000.0,three_by_six,0,odd_x,jacobi,4,14,13405,0.0002722999997786246,0.0961064000002807,0.09637870000005933,424,0,9.925992214146663e-10,True,0.0,0
192,1000.0,two_by_eight,0,random,amg0,4,15,13405,0.05043139999906998,0.06485390000125335,0.11528530000032333,15,0,8.816882804473545e-10,True,1.3386725269834205,5
192,1000.0,two_by_eight,1,odd_x,rs025,4,16,13405,0.040409100000033504,0.04729799999950046,0.08770709999953397,12,0,3.9635736687167694e-10,True,2.2042172026260154,8
192,1000.0,three_by_six,1,random,rs025,4,17,13405,0.0350525000012567,0.04246710000006715,0.07751960000132385,11,0,8.916570637949889e-10,True,2.1999221097140316,8
192,1000.0,three_by_six,1,random,amg0,4,18,13405,0.04672089999985474,0.04761810000127298,0.09433900000112772,14,0,7.348319520008914e-10,True,1.3386725269834205,5
192,1000.0,two_by_eight,1,random,jacobi,4,19,13405,0.0004410999990795972,0.21706740000081481,0.2175084999998944,953,0,9.762198060529e-10,True,0.0,0
192,1000.0,two_by_eight,0,odd_x,rs025,4,20,13405,0.036063800000192714,0.047451899999941816,0.08351570000013453,11,0,1.93057044845583e-10,True,2.204167130299321,8
192,1000.0,three_by_six,1,odd_x,rs025,4,21,13405,0.03970829999889247,0.05397179999999935,0.09368009999889182,13,0,4.5976562271198307e-10,True,2.1999221097140316,8
192,1000.0,three_by_six,0,odd_x,amg0,4,22,13405,0.05266170000140846,0.0770353999996587,0.12969710000106716,18,0,2.0527218233160361e-10,True,1.3386725269834205,5
192,1000.0,two_by_eight,0,odd_x,amg0,4,23,13405,0.04462729999977455,0.06501559999924211,0.10964289999901666,17,0,4.756514067816305e-10,True,1.3386725269834205,5
192,1000.0,three_by_six,0,random,jacobi,5,0,13406,0.00039119999928516336,0.22793949999868346,0.22833069999796862,951,0,9.931286841477768e-10,True,0.0,0
192,1000.0,three_by_six,1,random,jacobi,5,1,13406,0.0004067999998369487,0.2368341999990662,0.23724099999890313,952,0,9.485350330749907e-10,True,0.0,0
192,1000.0,two_by_eight,0,random,jacobi,5,2,13406,0.00043480000022100285,0.23927560000083758,0.2397104000010586,949,0,9.941891616592456e-10,True,0.0,0
192,1000.0,two_by_eight,1,odd_x,rs025,5,3,13406,0.0400883000002068,0.046541900001102476,0.08663020000130928,12,0,3.9635736687167694e-10,True,2.2042172026260154,8
192,1000.0,two_by_eight,1,random,rs025,5,4,13406,0.03342200000042794,0.045778000001519104,0.07920000000194705,11,0,1.6185291937575478e-10,True,2.2042172026260154,8
192,1000.0,two_by_eight,0,odd_x,amg0,5,5,13406,0.05277399999977206,0.0860422000005201,0.13881620000029216,17,0,4.748384949216161e-10,True,1.3386725269834205,5
192,1000.0,three_by_six,1,odd_x,jacobi,5,6,13406,0.0004332999997131992,0.1959459000008792,0.1963792000005924,677,0,9.86997938544521e-10,True,0.0,0
192,1000.0,three_by_six,0,random,amg0,5,7,13406,0.05802820000099018,0.07517639999969106,0.13320460000068124,16,0,2.1024152415393238e-10,True,1.3386725269834205,5
192,1000.0,two_by_eight,1,random,amg0,5,8,13406,0.05927979999978561,0.06015109999862034,0.11943089999840595,14,0,3.2616358252976824e-10,True,1.3386725269834205,5
192,1000.0,two_by_eight,0,odd_x,jacobi,5,9,13406,0.000422800001615542,0.09783559999959834,0.09825840000121389,403,0,9.076303314903551e-10,True,0.0,0
192,1000.0,three_by_six,1,odd_x,amg0,5,10,13406,0.052107400000750204,0.06592909999926633,0.11803650000001653,16,0,3.7228274336827587e-10,True,1.3386725269834205,5
192,1000.0,three_by_six,0,odd_x,rs025,5,11,13406,0.03446599999915634,0.05638899999939895,0.09085499999855529,12,0,1.9283441204080997e-10,True,2.1991932791810394,8
192,1000.0,two_by_eight,1,odd_x,amg0,5,12,13406,0.05687289999877976,0.06964549999975134,0.1265183999985311,16,0,1.6353799786507294e-10,True,1.3386725269834205,5
192,1000.0,two_by_eight,0,odd_x,rs025,5,13,13406,0.04159600000093633,0.047026299998833565,0.0886222999997699,11,0,1.93057044845583e-10,True,2.204167130299321,8
192,1000.0,three_by_six,0,odd_x,jacobi,5,14,13406,0.00041310000051453244,0.11127529999976105,0.11168840000027558,424,0,9.925992214146663e-10,True,0.0,0
192,1000.0,two_by_eight,1,odd_x,jacobi,5,15,13406,0.0003811999995377846,0.15408040000147594,0.15446160000101372,677,0,9.746160329003246e-10,True,0.0,0
192,1000.0,two_by_eight,0,random,rs025,5,16,13406,0.036373099999764236,0.04275030000098923,0.07912340000075346,10,0,1.8698166390610062e-10,True,2.204167130299321,8
192,1000.0,three_by_six,1,odd_x,rs025,5,17,13406,0.04299749999881897,0.061345099999016384,0.10434259999783535,13,0,4.5976562271198307e-10,True,2.1999221097140316,8
192,1000.0,two_by_eight,0,random,amg0,5,18,13406,0.054744000000937376,0.07499939999979688,0.12974340000073425,15,0,8.810092279943502e-10,True,1.3386725269834205,5
192,1000.0,two_by_eight,1,random,jacobi,5,19,13406,0.0003243000010115793,0.2616065999991406,0.2619309000001522,953,0,9.762198060529e-10,True,0.0,0
192,1000.0,three_by_six,1,random,rs025,5,20,13406,0.04055499999958556,0.05055229999925359,0.09110729999883915,11,0,8.916570637949889e-10,True,2.1999221097140316,8
192,1000.0,three_by_six,0,random,rs025,5,21,13406,0.0453403999999864,0.04288799999994808,0.08822839999993448,10,0,8.762562069413869e-10,True,2.1991932791810394,8
192,1000.0,three_by_six,1,random,amg0,5,22,13406,0.050437400001101196,0.0599021999987599,0.1103395999998611,14,0,7.344079278919994e-10,True,1.3386725269834205,5
192,1000.0,three_by_six,0,odd_x,amg0,5,23,13406,0.05508689999987837,0.08413649999965855,0.13922339999953692,18,0,2.0447552116285973e-10,True,1.3386725269834205,5
192,1000.0,two_by_eight,1,random,jacobi,6,0,13407,0.0004031999997096136,0.24402679999911925,0.24442999999882886,953,0,9.762198060529e-10,True,0.0,0
192,1000.0,three_by_six,1,odd_x,rs025,6,1,13407,0.04118600000037986,0.05013320000034582,0.09131920000072569,13,0,4.5976562271198307e-10,True,2.1999221097140316,8
192,1000.0,two_by_eight,0,random,rs025,6,2,13407,0.04470630000105302,0.043970700000500074,0.0886770000015531,10,0,1.8698166390610062e-10,True,2.204167130299321,8
192,1000.0,three_by_six,0,random,rs025,6,3,13407,0.034831700000722776,0.04306840000026568,0.07790010000098846,10,0,8.762562069413869e-10,True,2.1991932791810394,8
192,1000.0,two_by_eight,1,random,amg0,6,4,13407,0.06254830000034417,0.05917559999943478,0.12172389999977895,14,0,3.2515953312225673e-10,True,1.3386725269834205,5
192,1000.0,two_by_eight,1,odd_x,jacobi,6,5,13407,0.00026839999918593094,0.14793570000074396,0.1482040999999299,677,0,9.746160329003246e-10,True,0.0,0
192,1000.0,three_by_six,1,random,amg0,6,6,13407,0.052688199999465724,0.06025490000138234,0.11294310000084806,14,0,7.364752200013008e-10,True,1.3386725269834205,5
192,1000.0,three_by_six,0,odd_x,rs025,6,7,13407,0.039109499999540276,0.048860400000194204,0.08796989999973448,12,0,1.9283441204080997e-10,True,2.1991932791810394,8
192,1000.0,two_by_eight,0,odd_x,rs025,6,8,13407,0.03473399999893445,0.04892719999952533,0.08366119999845978,11,0,1.93057044845583e-10,True,2.204167130299321,8
192,1000.0,three_by_six,1,odd_x,amg0,6,9,13407,0.05092689999946742,0.06949960000019928,0.1204264999996667,16,0,3.731282936892341e-10,True,1.3386725269834205,5
192,1000.0,two_by_eight,1,odd_x,rs025,6,10,13407,0.036549899999954505,0.04623919999903592,0.08278909999899042,12,0,3.9635736687167694e-10,True,2.2042172026260154,8
192,1000.0,two_by_eight,0,odd_x,jacobi,6,11,13407,0.00025830000049609225,0.08485339999970165,0.08511170000019774,403,0,9.076303314903551e-10,True,0.0,0
192,1000.0,three_by_six,0,odd_x,amg0,6,12,13407,0.04226849999940896,0.06983260000015434,0.1121010999995633,18,0,2.0640544615668353e-10,True,1.3386725269834205,5
192,1000.0,three_by_six,1,random,rs025,6,13,13407,0.034578200000396464,0.04132969999955094,0.0759078999999474,11,0,8.916570637949889e-10,True,2.1999221097140316,8
192,1000.0,three_by_six,0,random,amg0,6,14,13407,0.04265549999945506,0.06742149999990943,0.11007699999936449,16,0,2.1230797233824202e-10,True,1.3386725269834205,5
192,1000.0,two_by_eight,1,odd_x,amg0,6,15,13407,0.0479033999999956,0.06960929999877408,0.11751269999876968,16,0,1.6317362698170199e-10,True,1.3386725269834205,5
192,1000.0,two_by_eight,1,random,rs025,6,16,13407,0.03750970000146481,0.04437289999987115,0.08188260000133596,11,0,1.6185291937575478e-10,True,2.2042172026260154,8
192,1000.0,two_by_eight,0,odd_x,amg0,6,17,13407,0.04807310000069265,0.07103790000110166,0.11911100000179431,17,0,4.781852732799189e-10,True,1.3386725269834205,5
192,1000.0,three_by_six,1,random,jacobi,6,18,13407,0.0002581999997346429,0.2361416999992798,0.23639989999901445,952,0,9.485350330749907e-10,True,0.0,0
192,1000.0,three_by_six,0,odd_x,jacobi,6,19,13407,0.00042969999958586413,0.11013730000013311,0.11056699999971897,424,0,9.925992214146663e-10,True,0.0,0
192,1000.0,two_by_eight,0,random,amg0,6,20,13407,0.05417440000019269,0.06032319999940228,0.11449759999959497,15,0,8.847173841163747e-10,True,1.3386725269834205,5
192,1000.0,three_by_six,0,random,jacobi,6,21,13407,0.0002746999998635147,0.250791799999206,0.2510664999990695,951,0,9.931286841477768e-10,True,0.0,0
192,1000.0,three_by_six,1,odd_x,jacobi,6,22,13407,0.00038970000059634913,0.16079459999855317,0.16118429999914952,677,0,9.86997938544521e-10,True,0.0,0
192,1000.0,two_by_eight,0,random,jacobi,6,23,13407,0.00038949999907345045,0.23824419999982638,0.23863369999889983,949,0,9.941891616592456e-10,True,0.0,0
160,1000.0,two_by_eight,1,random,amg0,0,0,13401,0.042518800000834744,0.04553239999950165,0.0880512000003364,14,0,2.9133219093622954e-10,True,1.3347988533513706,5
160,1000.0,three_by_six,1,odd_x,amg0,0,1,13401,0.03729179999936605,0.054318599999533035,0.09161039999889908,17,0,4.859002012488612e-10,True,1.3347988533513706,5
160,1000.0,two_by_eight,0,random,jacobi,0,2,13401,0.00024029999985941686,0.13865199999963806,0.13889229999949748,784,0,9.917853267122325e-10,True,0.0,0
160,1000.0,two_by_eight,0,odd_x,jacobi,0,3,13401,0.0001145999995060265,0.05677230000037525,0.05688689999988128,335,0,8.468832587570963e-10,True,0.0,0
160,1000.0,three_by_six,1,odd_x,jacobi,0,4,13401,0.00014100000043981709,0.10109339999871736,0.10123439999915718,562,0,8.824538219869826e-10,True,0.0,0
160,1000.0,three_by_six,0,odd_x,jacobi,0,5,13401,0.000152900000102818,0.07058839999990596,0.07074130000000878,351,0,9.405536959384857e-10,True,0.0,0
160,1000.0,two_by_eight,0,random,rs025,0,6,13401,0.0345962999999756,0.02924159999929543,0.06383789999927103,10,0,3.441954428573221e-10,True,2.1989081070634846,7
160,1000.0,three_by_six,0,random,jacobi,0,7,13401,0.00024420000045211054,0.14733220000016445,0.14757640000061656,791,0,9.414660582528056e-10,True,0.0,0
160,1000.0,two_by_eight,0,random,amg0,0,8,13401,0.03791999999884865,0.035790299998552655,0.07371029999740131,14,0,2.0234520284684235e-10,True,1.3347988533513706,5
160,1000.0,two_by_eight,0,odd_x,rs025,0,9,13401,0.03857579999930749,0.03289270000095712,0.07146850000026461,11,0,9.314349186882675e-10,True,2.1989081070634846,7
160,1000.0,three_by_six,1,random,jacobi,0,10,13401,0.00020659999972849619,0.13371209999968414,0.13391869999941264,789,0,9.728565115343825e-10,True,0.0,0
160,1000.0,three_by_six,0,odd_x,amg0,0,11,13401,0.043353700000807294,0.040859200000340934,0.08421290000114823,16,0,8.780882895965551e-10,True,1.3347988533513706,5
160,1000.0,three_by_six,1,odd_x,rs025,0,12,13401,0.03891189999922062,0.037592399999994086,0.07650429999921471,12,0,2.6816098798432096e-10,True,2.1982478178245883,8
160,1000.0,three_by_six,0,odd_x,rs025,0,13,13401,0.03529379999963567,0.036121699999057455,0.07141549999869312,12,0,1.527669773578507e-10,True,2.2022417624891295,8
160,1000.0,two_by_eight,1,random,jacobi,0,14,13401,0.0003476999991107732,0.1445726999991166,0.14492039999822737,788,0,9.85584333997345e-10,True,0.0,0
160,1000.0,three_by_six,0,random,amg0,0,15,13401,0.04060910000043805,0.05053059999954712,0.09113969999998517,15,0,2.0122068912134391e-10,True,1.3347988533513706,5
160,1000.0,three_by_six,1,random,rs025,0,16,13401,0.03265040000042063,0.03427969999938796,0.06693009999980859,10,0,6.537124069871064e-10,True,2.1982478178245883,8
160,1000.0,two_by_eight,1,odd_x,jacobi,0,17,13401,0.00024929999926825985,0.10324690000015835,0.10349619999942661,563,0,9.823051681408285e-10,True,0.0,0
160,1000.0,two_by_eight,1,odd_x,amg0,0,18,13401,0.04481560000022,0.04330699999991339,0.08812260000013339,16,0,3.202699076389021e-10,True,1.3347988533513706,5
160,1000.0,two_by_eight,1,odd_x,rs025,0,19,13401,0.0342252999998891,0.043457599998873775,0.07768289999876288,12,0,7.416105010210346e-11,True,2.199214094759558,8
160,1000.0,three_by_six,1,random,amg0,0,20,13401,0.03685439999935625,0.050617199998669093,0.08747159999802534,15,0,4.3630732011295417e-10,True,1.3347988533513706,5
160,1000.0,two_by_eight,0,odd_x,amg0,0,21,13401,0.042806400000699796,0.049927000000025146,0.09273340000072494,15,0,9.715628046858818e-10,True,1.3347988533513706,5
160,1000.0,two_by_eight,1,random,rs025,0,22,13401,0.03911100000004808,0.02741240000068501,0.06652340000073309,10,0,5.971946019239994e-10,True,2.199214094759558,8
160,1000.0,three_by_six,0,random,rs025,0,23,13401,0.033099700000093435,0.03208400000039546,0.0651837000004889,10,0,7.477554539503407e-10,True,2.2022417624891295,8
160,1000.0,three_by_six,0,random,jacobi,1,0,13402,0.0002282999994349666,0.13501429999996617,0.13524259999940114,791,0,9.414660582528056e-10,True,0.0,0
160,1000.0,three_by_six,1,random,amg0,1,1,13402,0.03464440000061586,0.056631899999047164,0.09127629999966302,15,0,4.3679240457969594e-10,True,1.3347988533513706,5
160,1000.0,two_by_eight,1,odd_x,rs025,1,2,13402,0.039959100000487524,0.035439000001133536,0.07539810000162106,12,0,7.416105010210346e-11,True,2.199214094759558,8
160,1000.0,three_by_six,0,random,amg0,1,3,13402,0.041028000001460896,0.047241399999620626,0.08826940000108152,15,0,2.014419871142909e-10,True,1.3347988533513706,5
160,1000.0,two_by_eight,1,random,amg0,1,4,13402,0.03280279999853519,0.04403489999822341,0.0768376999967586,14,0,2.884767735138321e-10,True,1.3347988533513706,5
160,1000.0,three_by_six,1,random,rs025,1,5,13402,0.03473339999982272,0.029780100001516985,0.06451350000133971,10,0,6.537124069871064e-10,True,2.1982478178245883,8
160,1000.0,two_by_eight,0,odd_x,rs025,1,6,13402,0.03481709999869054,0.03194749999966007,0.0667645999983506,11,0,9.314349186882675e-10,True,2.1989081070634846,7
160,1000.0,three_by_six,1,odd_x,amg0,1,7,13402,0.0367671000003611,0.05226739999852725,0.08903449999888835,17,0,4.865740580678748e-10,True,1.3347988533513706,5
160,1000.0,three_by_six,0,odd_x,amg0,1,8,13402,0.0400539000002027,0.04886330000044836,0.08891720000065106,16,0,8.796021034445023e-10,True,1.3347988533513706,5
160,1000.0,three_by_six,0,odd_x,jacobi,1,9,13402,0.00024839999969117343,0.05688999999983935,0.05713839999953052,351,0,9.405536959384857e-10,True,0.0,0
160,1000.0,two_by_eight,1,odd_x,jacobi,1,10,13402,0.00015859999984968454,0.09864039999956731,0.09879899999941699,563,0,9.823051681408285e-10,True,0.0,0
160,1000.0,two_by_eight,0,odd_x,jacobi,1,11,13402,0.0001649999994697282,0.05824699999902805,0.05841199999849778,335,0,8.468832587570963e-10,True,0.0,0
160,1000.0,two_by_eight,0,random,jacobi,1,12,13402,0.0001382000009471085,0.1348163000002387,0.1349545000011858,784,0,9.917853267122325e-10,True,0.0,0
160,1000.0,two_by_eight,1,random,jacobi,1,13,13402,0.0001593000015418511,0.13107459999991988,0.13123390000146173,788,0,9.85584333997345e-10,True,0.0,0
160,1000.0,two_by_eight,1,odd_x,amg0,1,14,13402,0.03645350000078906,0.04552530000000843,0.08197880000079749,16,0,3.1469378833961044e-10,True,1.3347988533513706,5
160,1000.0,two_by_eight,0,random,amg0,1,15,13402,0.03934060000028694,0.04279130000031728,0.08213190000060422,14,0,2.0252040905914958e-10,True,1.3347988533513706,5
160,1000.0,two_by_eight,0,random,rs025,1,16,13402,0.026807300000655232,0.029109200000675628,0.05591650000133086,10,0,3.441954428573221e-10,True,2.1989081070634846,7
160,1000.0,three_by_six,0,random,rs025,1,17,13402,0.027838599999086,0.026821800000107032,0.05466039999919303,10,0,7.477554539503407e-10,True,2.2022417624891295,8
160,1000.0,three_by_six,0,odd_x,rs025,1,18,13402,0.03207339999971737,0.035001700000066194,0.06707509999978356,12,0,1.527669773578507e-10,True,2.2022417624891295,8
160,1000.0,two_by_eight,1,random,rs025,1,19,13402,0.03183490000083111,0.030840000001262524,0.06267490000209364,10,0,5.971946019239994e-10,True,2.199214094759558,8
160,1000.0,three_by_six,1,random,jacobi,1,20,13402,0.00024339999981748406,0.14224079999985406,0.14248419999967155,789,0,9.728565115343825e-10,True,0.0,0
160,1000.0,three_by_six,1,odd_x,rs025,1,21,13402,0.03460180000001856,0.03911100000004808,0.07371280000006664,12,0,2.6816098798432096e-10,True,2.1982478178245883,8
160,1000.0,two_by_eight,0,odd_x,amg0,1,22,13402,0.044035700000677025,0.047079400001166505,0.09111510000184353,15,0,9.719363271371184e-10,True,1.3347988533513706,5
160,1000.0,three_by_six,1,odd_x,jacobi,1,23,13402,0.0002393000013398705,0.10107870000138064,0.10131800000272051,562,0,8.824538219869826e-10,True,0.0,0
160,1000.0,three_by_six,1,odd_x,jacobi,2,0,13403,0.00017160000061267056,0.10927949999859266,0.10945109999920533,562,0,8.824538219869826e-10,True,0.0,0
160,1000.0,three_by_six,0,odd_x,jacobi,2,1,13403,0.00014170000031299423,0.05698369999845454,0.057125399998767534,351,0,9.405536959384857e-10,True,0.0,0
160,1000.0,three_by_six,0,random,amg0,2,2,13403,0.03408320000016829,0.03633549999904062,0.07041869999920891,15,0,2.0083400889199712e-10,True,1.3347988533513706,5
160,1000.0,three_by_six,0,random,jacobi,2,3,13403,0.00020310000036261044,0.1525396000015462,0.15274270000190882,791,0,9.414660582528056e-10,True,0.0,0
160,1000.0,two_by_eight,0,random,rs025,2,4,13403,0.031092399998669862,0.030615699999543722,0.061708099998213584,10,0,3.441954428573221e-10,True,2.1989081070634846,7
160,1000.0,three_by_six,1,random,rs025,2,5,13403,0.035076600001048064,0.0347077000005811,0.06978430000162916,10,0,6.537124069871064e-10,True,2.1982478178245883,8
160,1000.0,two_by_eight,1,random,amg0,2,6,13403,0.045071099999404396,0.04797810000127356,0.09304920000067796,14,0,2.907399277869988e-10,True,1.3347988533513706,5
160,1000.0,two_by_eight,1,odd_x,jacobi,2,7,13403,0.00021949999973003287,0.10096259999954782,0.10118209999927785,563,0,9.823051681408285e-10,True,0.0,0
160,1000.0,three_by_six,1,odd_x,amg0,2,8,13403,0.03731350000089151,0.05519040000035602,0.09250390000124753,17,0,4.861306766848066e-10,True,1.3347988533513706,5
160,1000.0,three_by_six,1,random,jacobi,2,9,13403,0.00021670000023732428,0.14426450000064506,0.14448120000088238,789,0,9.728565115343825e-10,True,0.0,0
160,1000.0,two_by_eight,0,odd_x,rs025,2,10,13403,0.031185700001515215,0.03625149999970745,0.06743720000122266,11,0,9.314349186882675e-10,True,2.1989081070634846,7
160,1000.0,two_by_eight,1,random,jacobi,2,11,13403,0.00022730000091542024,0.15284200000132842,0.15306930000224384,788,0,9.85584333997345e-10,True,0.0,0
160,1000.0,two_by_eight,1,odd_x,rs025,2,12,13403,0.03732019999915792,0.03720690000045579,0.07452709999961371,12,0,7.416105010210346e-11,True,2.199214094759558,8
160,1000.0,three_by_six,0,random,rs025,2,13,13403,0.03516059999856225,0.03263650000008056,0.0677970999986428,10,0,7.477554539503407e-10,True,2.2022417624891295,8
160,1000.0,three_by_six,1,odd_x,rs025,2,14,13403,0.03638970000065456,0.033291199999439414,0.06968090000009397,12,0,2.6816098798432096e-10,True,2.1982478178245883,8
160,1000.0,three_by_six,0,odd_x,rs025,2,15,13403,0.02764539999952831,0.037856700000702403,0.06550210000023071,12,0,1.527669773578507e-10,True,2.2022417624891295,8
160,1000.0,three_by_six,1,random,amg0,2,16,13403,0.03680250000070373,0.03793240000049991,0.07473490000120364,15,0,4.356149354571817e-10,True,1.3347988533513706,5
160,1000.0,two_by_eight,1,odd_x,amg0,2,17,13403,0.03608390000044892,0.03879649999907997,0.07488039999952889,16,0,3.2031389772770695e-10,True,1.3347988533513706,5
160,1000.0,two_by_eight,0,random,amg0,2,18,13403,0.03247919999921578,0.037739900000815396,0.07021910000003118,14,0,2.0047062500316502e-10,True,1.3347988533513706,5
160,1000.0,two_by_eight,1,random,rs025,2,19,13403,0.026537399999142508,0.02508490000036545,0.05162229999950796,10,0,5.971946019239994e-10,True,2.199214094759558,8
160,1000.0,two_by_eight,0,odd_x,amg0,2,20,13403,0.048812000000907574,0.04067829999985406,0.08949030000076164,15,0,9.597350198331004e-10,True,1.3347988533513706,5
160,1000.0,three_by_six,0,odd_x,amg0,2,21,13403,0.04142709999905492,0.055840200000602636,0.09726729999965755,16,0,8.779947581578304e-10,True,1.3347988533513706,5
160,1000.0,two_by_eight,0,random,jacobi,2,22,13403,0.0002640000002429588,0.1371859000009863,0.13744990000122925,784,0,9.917853267122325e-10,True,0.0,0
160,1000.0,two_by_eight,0,odd_x,jacobi,2,23,13403,0.00014350000128615648,0.04933119999986957,0.049474700001155725,335,0,8.468832587570963e-10,True,0.0,0
160,1000.0,three_by_six,0,odd_x,amg0,3,0,13404,0.03306930000144348,0.04402779999873019,0.07709710000017367,16,0,8.726128911199585e-10,True,1.3347988533513706,5
160,1000.0,two_by_eight,1,random,amg0,3,1,13404,0.043118699999467935,0.04826320000029227,0.09138189999976021,14,0,2.9072167584537184e-10,True,1.3347988533513706,5
160,1000.0,three_by_six,0,random,rs025,3,2,13404,0.036937099999704515,0.033428700000513345,0.07036580000021786,10,0,7.477554539503407e-10,True,2.2022417624891295,8
160,1000.0,three_by_six,0,random,amg0,3,3,13404,0.04353199999968638,0.04511099999945145,0.08864299999913783,15,0,2.0011423326343893e-10,True,1.3347988533513706,5
160,1000.0,three_by_six,1,odd_x,rs025,3,4,13404,0.041398899998966954,0.040384799998719245,0.0817836999976862,12,0,2.6816098798432096e-10,True,2.1982478178245883,8
160,1000.0,three_by_six,1,odd_x,amg0,3,5,13404,0.040984499999467516,0.054190699998798664,0.09517519999826618,17,0,4.850541591088693e-10,True,1.3347988533513706,5
160,1000.0,three_by_six,0,odd_x,rs025,3,6,13404,0.03829860000041663,0.04276679999929911,0.08106539999971574,12,0,1.527669773578507e-10,True,2.2022417624891295,8
160,1000.0,two_by_eight,1,odd_x,rs025,3,7,13404,0.03276920000098471,0.045402899999317015,0.07817210000030173,12,0,7.416105010210346e-11,True,2.199214094759558,8
160,1000.0,three_by_six,1,random,rs025,3,8,13404,0.04137830000036047,0.032228699999905075,0.07360700000026554,10,0,6.537124069871064e-10,True,2.1982478178245883,8
160,1000.0,two_by_eight,0,odd_x,amg0,3,9,13404,0.047889899999063346,0.047435100001166575,0.09532500000022992,15,0,9.696675691700288e-10,True,1.3347988533513706,5
160,1000.0,two_by_eight,0,random,jacobi,3,10,13404,0.00025240000104531646,0.1617261999999755,0.16197860000102082,784,0,9.917853267122325e-10,True,0.0,0
160,1000.0,two_by_eight,1,odd_x,amg0,3,11,13404,0.03550089999953343,0.04498719999901368,0.08048809999854711,16,0,3.1912067208271217e-10,True,1.3347988533513706,5
160,1000.0,two_by_eight,0,odd_x,jacobi,3,12,13404,0.00030189999961294234,0.06410560000040277,0.06440750000001572,335,0,8.468832587570963e-10,True,0.0,0
160,1000.0,three_by_six,0,random,jacobi,3,13,13404,0.00013320000107341912,0.10559660000035365,0.10572980000142707,791,0,9.414660582528056e-10,True,0.0,0
160,1000.0,two_by_eight,0,odd_x,rs025,3,14,13404,0.027489100000821054,0.03114860000096087,0.05863770000178192,11,0,9.314349186882675e-10,True,2.1989081070634846,7
160,1000.0,two_by_eight,0,random,amg0,3,15,13404,0.05344180000065535,0.03658730000097421,0.09002910000162956,14,0,2.0217602833817997e-10,True,1.3347988533513706,5
160,1000.0,two_by_eight,0,random,rs025,3,16,13404,0.028854199999841512,0.02738610000051267,0.05624030000035418,10,0,3.441954428573221e-10,True,2.1989081070634846,7
160,1000.0,three_by_six,1,odd_x,jacobi,3,17,13404,0.00022820000049250666,0.08941369999956805,0.08964190000006056,562,0,8.824538219869826e-10,True,0.0,0
160,1000.0,two_by_eight,1,random,rs025,3,18,13404,0.032027999999627355,0.027571099999477156,0.05959909999910451,10,0,5.971946019239994e-10,True,2.199214094759558,8
160,1000.0,three_by_six,1,random,amg0,3,19,13404,0.03426890000082494,0.03866989999914949,0.07293879999997444,15,0,4.355921157386844e-10,True,1.3347988533513706,5
160,1000.0,two_by_eight,1,odd_x,jacobi,3,20,13404,0.00023409999994328246,0.07531240000025718,0.07554650000020047,563,0,9.823051681408285e-10,True,0.0,0
160,1000.0,three_by_six,1,random,jacobi,3,21,13404,0.00012960000094608404,0.09882000000106927,0.09894960000201536,789,0,9.728565115343825e-10,True,0.0,0
160,1000.0,three_by_six,0,odd_x,jacobi,3,22,13404,0.0001350999991700519,0.043617299999823445,0.043752399998993496,351,0,9.405536959384857e-10,True,0.0,0
160,1000.0,two_by_eight,1,random,jacobi,3,23,13404,0.00013669999862031545,0.1029913000002125,0.10312799999883282,788,0,9.85584333997345e-10,True,0.0,0
160,1000.0,two_by_eight,0,odd_x,amg0,4,0,13405,0.03057959999932791,0.03349479999997129,0.0640743999992992,15,0,9.700568458512976e-10,True,1.3347988533513706,5
160,1000.0,two_by_eight,1,odd_x,jacobi,4,1,13405,0.0004239999998389976,0.06866830000035407,0.06909230000019306,563,0,9.823051681408285e-10,True,0.0,0
160,1000.0,three_by_six,0,odd_x,rs025,4,2,13405,0.02523549999932584,0.028996600000027684,0.05423209999935352,12,0,1.527669773578507e-10,True,2.2022417624891295,8
160,1000.0,two_by_eight,0,random,amg0,4,3,13405,0.030703700000231038,0.03680979999990086,0.0675135000001319,14,0,2.0215041543424367e-10,True,1.3347988533513706,5
160,1000.0,three_by_six,1,random,rs025,4,4,13405,0.03203220000068541,0.02595389999987674,0.057986100000562146,10,0,6.537124069871064e-10,True,2.1982478178245883,8
160,1000.0,three_by_six,0,random,jacobi,4,5,13405,0.00023500000133935828,0.1268565000009403,0.12709150000227964,791,0,9.414660582528056e-10,True,0.0,0
160,1000.0,three_by_six,1,random,amg0,4,6,13405,0.034055599999192054,0.03356779999921855,0.0676233999984106,15,0,4.348933602569441e-10,True,1.3347988533513706,5
160,1000.0,two_by_eight,1,odd_x,rs025,4,7,13405,0.02579179999884218,0.028872299999420648,0.05466409999826283,12,0,7.416105010210346e-11,True,2.199214094759558,8
160,1000.0,two_by_eight,0,random,jacobi,4,8,13405,0.00019100000099570025,0.09458079999967595,0.09477180000067165,784,0,9.917853267122325e-10,True,0.0,0
160,1000.0,three_by_six,1,odd_x,amg0,4,9,13405,0.03159760000016831,0.03957029999946826,0.07116789999963657,17,0,4.848286307431603e-10,True,1.3347988533513706,5
160,1000.0,two_by_eight,1,random,amg0,4,10,13405,0.033571699999811244,0.03327579999859154,0.06684749999840278,14,0,2.8902822140948466e-10,True,1.3347988533513706,5
160,1000.0,two_by_eight,1,odd_x,amg0,4,11,13405,0.0368438999994396,0.03811900000073365,0.07496290000017325,16,0,3.1749915489200185e-10,True,1.3347988533513706,5
160,1000.0,three_by_six,1,odd_x,rs025,4,12,13405,0.031246499998815125,0.0334461000002193,0.06469259999903443,12,0,2.6816098798432096e-10,True,2.1982478178245883,8
160,1000.0,two_by_eight,1,random,jacobi,4,13,13405,0.00020039999981236178,0.10650859999987006,0.10670899999968242,788,0,9.85584333997345e-10,True,0.0,0
160,1000.0,two_by_eight,0,odd_x,rs025,4,14,13405,0.027907800000321004,0.03429080000023532,0.062198600000556326,11,0,9.314349186882675e-10,True,2.1989081070634846,7
160,1000.0,two_by_eight,0,odd_x,jacobi,4,15,13405,0.00027289999889035244,0.07593180000003485,0.07620469999892521,335,0,8.468832587570963e-10,True,0.0,0
160,1000.0,three_by_six,0,random,rs025,4,16,13405,0.03695489999881829,0.03366470000037225,0.07061959999919054,10,0,7.477554539503407e-10,True,2.2022417624891295,8
160,1000.0,two_by_eight,0,random,rs025,4,17,13405,0.034957400001076167,0.029236200000013923,0.06419360000109009,10,0,3.441954428573221e-10,True,2.1989081070634846,7
160,1000.0,two_by_eight,1,random,rs025,4,18,13405,0.03195080000114103,0.030147299999953248,0.06209810000109428,10,0,5.971946019239994e-10,True,2.199214094759558,8
160,1000.0,three_by_six,1,random,jacobi,4,19,13405,0.00022820000049250666,0.12352069999906234,0.12374889999955485,789,0,9.728565115343825e-10,True,0.0,0
160,1000.0,three_by_six,0,odd_x,jacobi,4,20,13405,0.00014420000115933362,0.048274400000082096,0.04841860000124143,351,0,9.405536959384857e-10,True,0.0,0
160,1000.0,three_by_six,1,odd_x,jacobi,4,21,13405,0.00013469999976223335,0.07342459999927087,0.0735592999990331,562,0,8.824538219869826e-10,True,0.0,0
160,1000.0,three_by_six,0,random,amg0,4,22,13405,0.032572199999776785,0.03785809999862977,0.07043029999840655,15,0,1.94865449697038e-10,True,1.3347988533513706,5
160,1000.0,three_by_six,0,odd_x,amg0,4,23,13405,0.031033200000820216,0.04344409999976051,0.07447730000058073,16,0,7.832641176144299e-10,True,1.3347988533513706,5
160,1000.0,two_by_eight,0,random,amg0,5,0,13406,0.03557059999911871,0.03901949999999488,0.07459009999911359,14,0,2.026677751833227e-10,True,1.3347988533513706,5
160,1000.0,two_by_eight,0,odd_x,amg0,5,1,13406,0.036221100001057494,0.036837599998762016,0.07305869999981951,15,0,9.726813382176969e-10,True,1.3347988533513706,5
160,1000.0,three_by_six,0,random,jacobi,5,2,13406,0.0002719000003708061,0.11619229999996605,0.11646420000033686,791,0,9.414660582528056e-10,True,0.0,0
160,1000.0,two_by_eight,0,odd_x,rs025,5,3,13406,0.032274799999868264,0.031515200000285404,0.06379000000015367,11,0,9.314349186882675e-10,True,2.1989081070634846,7
160,1000.0,two_by_eight,0,random,rs025,5,4,13406,0.037164100000154576,0.03142230000048585,0.06858640000064042,10,0,3.441954428573221e-10,True,2.1989081070634846,7
160,1000.0,two_by_eight,0,random,jacobi,5,5,13406,0.00037820000034116674,0.1217491000006703,0.12212730000101146,784,0,9.917853267122325e-10,True,0.0,0
160,1000.0,two_by_eight,1,odd_x,amg0,5,6,13406,0.036213600000337465,0.04270150000047579,0.07891510000081325,16,0,3.178702508322714e-10,True,1.3347988533513706,5
160,1000.0,three_by_six,1,random,rs025,5,7,13406,0.026779700001497986,0.028159299999970244,0.05493900000146823,10,0,6.537124069871064e-10,True,2.1982478178245883,8
160,1000.0,three_by_six,1,odd_x,amg0,5,8,13406,0.0352007000001322,0.048158499999772175,0.08335919999990438,17,0,4.8607182734369e-10,True,1.3347988533513706,5
160,1000.0,two_by_eight,1,odd_x,rs025,5,9,13406,0.027616800000032526,0.03612740000062331,0.06374420000065584,12,0,7.416105010210346e-11,True,2.199214094759558,8
160,1000.0,three_by_six,1,odd_x,rs025,5,10,13406,0.027436299998953473,0.033528299998579314,0.06096459999753279,12,0,2.6816098798432096e-10,True,2.1982478178245883,8
160,1000.0,three_by_six,0,random,rs025,5,11,13406,0.02599700000064331,0.030615699999543722,0.05661270000018703,10,0,7.477554539503407e-10,True,2.2022417624891295,8
160,1000.0,three_by_six,1,odd_x,jacobi,5,12,13406,0.0002077999997709412,0.07640200000059849,0.07660980000036943,562,0,8.824538219869826e-10,True,0.0,0
160,1000.0,two_by_eight,1,random,amg0,5,13,13406,0.03622150000046531,0.03865889999906358,0.07488039999952889,14,0,2.907608246167659e-10,True,1.3347988533513706,5
160,1000.0,two_by_eight,1,random,jacobi,5,14,13406,0.00021530000049096998,0.11672440000074857,0.11693970000123954,788,0,9.85584333997345e-10,True,0.0,0
160,1000.0,three_by_six,0,odd_x,rs025,5,15,13406,0.03070540000044275,0.030697899999722722,0.06140330000016547,12,0,1.527669773578507e-10,True,2.2022417624891295,8
160,1000.0,three_by_six,1,random,jacobi,5,16,13406,0.00019950000023527537,0.11332250000123167,0.11352200000146695,789,0,9.728565115343825e-10,True,0.0,0
160,1000.0,two_by_eight,1,random,rs025,5,17,13406,0.03240140000161773,0.03186640000058105,0.06426780000219878,10,0,5.971946019239994e-10,True,2.199214094759558,8
160,1000.0,three_by_six,0,random,amg0,5,18,13406,0.03347050000047602,0.04484090000005381,0.07831140000052983,15,0,2.0096860771574114e-10,True,1.3347988533513706,5
160,1000.0,two_by_eight,0,odd_x,jacobi,5,19,13406,0.00022640000133833382,0.05065700000159268,0.05088340000293101,335,0,8.468832587570963e-10,True,0.0,0
160,1000.0,two_by_eight,1,odd_x,jacobi,5,20,13406,0.00013410000065050554,0.08163559999957215,0.08176970000022266,563,0,9.823051681408285e-10,True,0.0,0
160,1000.0,three_by_six,1,random,amg0,5,21,13406,0.03201389999958337,0.03984149999996589,0.07185539999954926,15,0,4.362665969160926e-10,True,1.3347988533513706,5
160,1000.0,three_by_six,0,odd_x,amg0,5,22,13406,0.04744790000040666,0.04134630000044126,0.08879420000084792,16,0,8.793305918972713e-10,True,1.3347988533513706,5
160,1000.0,three_by_six,0,odd_x,jacobi,5,23,13406,0.00020000000040454324,0.054669099999955506,0.05486910000036005,351,0,9.405536959384857e-10,True,0.0,0
160,1000.0,two_by_eight,0,odd_x,jacobi,6,0,13407,0.0001874999998108251,0.04841379999925266,0.048601299999063485,335,0,8.468832587570963e-10,True,0.0,0
160,1000.0,three_by_six,0,odd_x,jacobi,6,1,13407,0.00014089999967836775,0.0452248999990843,0.04536579999876267,351,0,9.405536959384857e-10,True,0.0,0
160,1000.0,three_by_six,1,random,amg0,6,2,13407,0.03535169999850041,0.03323899999850255,0.06859069999700296,15,0,4.3636062477410196e-10,True,1.3347988533513706,5
160,1000.0,two_by_eight,1,random,amg0,6,3,13407,0.03861789999973553,0.03169709999929182,0.07031499999902735,14,0,2.882947431711637e-10,True,1.3347988533513706,5
160,1000.0,two_by_eight,0,random,jacobi,6,4,13407,0.00021609999930660706,0.12297930000022461,0.12319539999953122,784,0,9.917853267122325e-10,True,0.0,0
160,1000.0,two_by_eight,1,odd_x,jacobi,6,5,13407,0.00017520000074000563,0.07837120000112918,0.07854640000186919,563,0,9.823051681408285e-10,True,0.0,0
160,1000.0,three_by_six,1,odd_x,jacobi,6,6,13407,0.00012629999946511816,0.06689470000128495,0.06702100000075006,562,0,8.824538219869826e-10,True,0.0,0
160,1000.0,two_by_eight,0,random,amg0,6,7,13407,0.03185270000176388,0.03299239999978454,0.06484510000154842,14,0,2.025429879072219e-10,True,1.3347988533513706,5
160,1000.0,two_by_eight,0,odd_x,rs025,6,8,13407,0.025052400000276975,0.02574789999925997,0.050800299999536946,11,0,9.314349186882675e-10,True,2.1989081070634846,7
160,1000.0,two_by_eight,0,odd_x,amg0,6,9,13407,0.03262449999965611,0.03284460000031686,0.06546909999997297,15,0,9.728625606724196e-10,True,1.3347988533513706,5
160,1000.0,three_by_six,0,random,amg0,6,10,13407,0.03541570000015781,0.032768199998827185,0.068183899998985,15,0,2.0104294513900827e-10,True,1.3347988533513706,5
160,1000.0,two_by_eight,1,odd_x,amg0,6,11,13407,0.031713200000012876,0.03816900000128953,0.06988220000130241,16,0,3.144962977157494e-10,True,1.3347988533513706,5
160,1000.0,two_by_eight,1,random,jacobi,6,12,13407,0.000177399999301997,0.10287940000125673,0.10305680000055872,788,0,9.85584333997345e-10,True,0.0,0
160,1000.0,three_by_six,1,odd_x,amg0,6,13,13407,0.030021699998542317,0.037880699999732315,0.06790239999827463,17,0,4.86388206383724e-10,True,1.3347988533513706,5
160,1000.0,three_by_six,1,odd_x,rs025,6,14,13407,0.02530490000026475,0.029262300000482355,0.05456720000074711,12,0,2.6816098798432096e-10,True,2.1982478178245883,8
160,1000.0,three_by_six,0,random,jacobi,6,15,13407,0.00021300000116752926,0.12109249999957683,0.12130550000074436,791,0,9.414660582528056e-10,True,0.0,0
160,1000.0,three_by_six,1,random,rs025,6,16,13407,0.034007300000666874,0.02718800000002375,0.06119530000069062,10,0,6.537124069871064e-10,True,2.1982478178245883,8
160,1000.0,two_by_eight,1,random,rs025,6,17,13407,0.029145700000299257,0.0256879000007757,0.054833600001074956,10,0,5.971946019239994e-10,True,2.199214094759558,8
160,1000.0,three_by_six,1,random,jacobi,6,18,13407,0.00024049999956332613,0.11830079999890586,0.11854129999846919,789,0,9.728565115343825e-10,True,0.0,0
160,1000.0,three_by_six,0,odd_x,amg0,6,19,13407,0.03663500000038766,0.03743720000056783,0.07407220000095549,16,0,8.793079218369899e-10,True,1.3347988533513706,5
160,1000.0,three_by_six,0,random,rs025,6,20,13407,0.02743700000064564,0.02390199999899778,0.05133899999964342,10,0,7.477554539503407e-10,True,2.2022417624891295,8
160,1000.0,two_by_eight,1,odd_x,rs025,6,21,13407,0.028591900001629256,0.029725099999268423,0.05831700000089768,12,0,7.416105010210346e-11,True,2.199214094759558,8
160,1000.0,two_by_eight,0,random,rs025,6,22,13407,0.025040700000317884,0.024319699999978184,0.04936040000029607,10,0,3.441954428573221e-10,True,2.1989081070634846,7
160,1000.0,three_by_six,0,odd_x,rs025,6,23,13407,0.024390200000198092,0.030539399998815497,0.05492959999901359,12,0,1.527669773578507e-10,True,2.2022417624891295,8
128,1000.0,three_by_six,1,random,amg0,0,0,13401,0.02567570000064734,0.023796299999958137,0.049472000000605476,14,0,7.919872158966681e-10,True,1.3399006034788783,5
128,1000.0,three_by_six,1,odd_x,amg0,0,1,13401,0.022265800000241143,0.028974499999094405,0.05124029999933555,16,0,2.625984909078234e-10,True,1.3399006034788783,5
128,1000.0,three_by_six,0,random,rs025,0,2,13401,0.016919899999265908,0.017535299999508425,0.03445519999877433,10,0,1.168296504000718e-10,True,2.1963461635985597,7
128,1000.0,three_by_six,1,odd_x,rs025,0,3,13401,0.01528639999924053,0.019393600001421873,0.0346800000006624,11,0,4.0615861541726775e-10,True,2.1949388914245143,7
128,1000.0,two_by_eight,1,random,amg0,0,4,13401,0.02281050000055984,0.021213099998931284,0.044023599999491125,13,0,4.722159018556666e-10,True,1.3399006034788783,5
128,1000.0,two_by_eight,1,odd_x,rs025,0,5,13401,0.015595200000461773,0.017986800001381198,0.03358200000184297,11,0,1.4261708449890175e-10,True,2.196079922916984,7
128,1000.0,two_by_eight,1,odd_x,amg0,0,6,13401,0.022591800001464435,0.02428929999950924,0.046881100000973674,15,0,2.190130608926138e-10,True,1.3399006034788783,5
128,1000.0,three_by_six,0,odd_x,jacobi,0,7,13401,0.00019590000010794029,0.021682499998860294,0.021878399998968234,266,0,9.219999774846857e-10,True,0.0,0
128,1000.0,three_by_six,1,odd_x,jacobi,0,8,13401,9.070000123756472e-05,0.03719920000003185,0.037289900001269416,447,0,9.608675664235599e-10,True,0.0,0
128,1000.0,three_by_six,0,random,amg0,0,9,13401,0.02349800000047253,0.02112179999858199,0.04461979999905452,14,0,5.417622609021191e-10,True,1.3399006034788783,5
128,1000.0,three_by_six,1,random,rs025,0,10,13401,0.01719740000044112,0.015791400001035072,0.03298880000147619,10,0,1.6117461394964599e-10,True,2.1949388914245143,7
128,1000.0,three_by_six,0,odd_x,rs025,0,11,13401,0.015193000001090695,0.01783129999967059,0.033024300000761286,11,0,1.1241667260075744e-10,True,2.1963461635985597,7
128,1000.0,two_by_eight,0,odd_x,rs025,0,12,13401,0.016402400000515627,0.017970200000490877,0.034372600001006504,11,0,5.494507888556187e-10,True,2.199439626755921,7
128,1000.0,two_by_eight,0,odd_x,jacobi,0,13,13401,0.0001640999998926418,0.022035300000425195,0.022199400000317837,266,0,9.11683285170616e-10,True,0.0,0
128,1000.0,three_by_six,0,random,jacobi,0,14,13401,8.990000060293823e-05,0.05310540000027686,0.0531953000008798,636,0,9.392076385125561e-10,True,0.0,0
128,1000.0,two_by_eight,0,random,amg0,0,15,13401,0.024800699999104836,0.02222520000032091,0.047025899999425747,14,0,3.836516338484344e-10,True,1.3399006034788783,5
128,1000.0,two_by_eight,1,random,rs025,0,16,13401,0.01595439999982773,0.017005300000164425,0.032959699999992154,10,0,8.609017564692545e-11,True,2.196079922916984,7
128,1000.0,two_by_eight,0,odd_x,amg0,0,17,13401,0.027539999999135034,0.02770799999962037,0.055247999998755404,15,0,7.657821044216273e-10,True,1.3399006034788783,5
128,1000.0,two_by_eight,1,random,jacobi,0,18,13401,0.00017099999968195334,0.08016160000079253,0.08033260000047449,634,0,9.301557341646773e-10,True,0.0,0
128,1000.0,three_by_six,1,random,jacobi,0,19,13401,0.00010650000149325933,0.07507189999887487,0.07517840000036813,639,0,9.570878672347944e-10,True,0.0,0
128,1000.0,two_by_eight,0,random,jacobi,0,20,13401,0.00010089999886986334,0.0696077000011428,0.06970860000001267,634,0,9.70628911533691e-10,True,0.0,0
128,1000.0,two_by_eight,1,odd_x,jacobi,0,21,13401,0.00010280000060447492,0.05359800000042014,0.05370080000102462,450,0,9.092451541869095e-10,True,0.0,0
128,1000.0,three_by_six,0,odd_x,amg0,0,22,13401,0.02657520000138902,0.03160570000000007,0.05818090000138909,16,0,2.426189312543726e-10,True,1.3399006034788783,5
128,1000.0,two_by_eight,0,random,rs025,0,23,13401,0.01745880000089528,0.01738900000054855,0.03484780000144383,10,0,4.106551783440763e-10,True,2.199439626755921,7
128,1000.0,two_by_eight,0,random,jacobi,1,0,13402,0.00028220000058354344,0.060466400000223075,0.06074860000080662,634,0,9.70628911533691e-10,True,0.0,0
128,1000.0,two_by_eight,1,random,amg0,1,1,13402,0.02693850000105158,0.02348139999958221,0.05041990000063379,13,0,4.723000971221774e-10,True,1.3399006034788783,5
128,1000.0,three_by_six,0,odd_x,jacobi,1,2,13402,0.00018420000014884863,0.02208509999945818,0.02226929999960703,266,0,9.219999774846857e-10,True,0.0,0
128,1000.0,three_by_six,1,random,amg0,1,3,13402,0.02428650000001653,0.026139000001421664,0.050425500001438195,14,0,7.888529140721522e-10,True,1.3399006034788783,5
128,1000.0,two_by_eight,1,random,rs025,1,4,13402,0.014158300000417512,0.016202099999645725,0.030360400000063237,10,0,8.609017564692545e-11,True,2.196079922916984,7
128,1000.0,three_by_six,1,random,rs025,1,5,13402,0.01577970000107598,0.019134099999064347,0.03491380000014033,10,0,1.6117461394964599e-10,True,2.1949388914245143,7
128,1000.0,three_by_six,0,odd_x,rs025,1,6,13402,0.016038200001275982,0.019388900000194553,0.035427100001470535,11,0,1.1241667260075744e-10,True,2.1963461635985597,7
128,1000.0,three_by_six,1,random,jacobi,1,7,13402,0.0002942000010079937,0.058131900001171743,0.05842610000217974,639,0,9.570878672347944e-10,True,0.0,0
128,1000.0,three_by_six,1,odd_x,rs025,1,8,13402,0.019424599999183556,0.02041790000112087,0.039842500000304426,11,0,4.0615861541726775e-10,True,2.1949388914245143,7
128,1000.0,two_by_eight,0,random,rs025,1,9,13402,0.015314700000089942,0.02028950000021723,0.03560420000030717,10,0,4.106551783440763e-10,True,2.199439626755921,7
128,1000.0,three_by_six,0,random,amg0,1,10,13402,0.03027490000022226,0.02380489999995916,0.05407980000018142,14,0,5.38851626715461e-10,True,1.3399006034788783,5
128,1000.0,two_by_eight,0,odd_x,jacobi,1,11,13402,0.0001604999997653067,0.022296199998891097,0.022456699998656404,266,0,9.11683285170616e-10,True,0.0,0
128,1000.0,two_by_eight,1,random,jacobi,1,12,13402,9.11999995878432e-05,0.058029699999678996,0.05812089999926684,634,0,9.301557341646773e-10,True,0.0,0
128,1000.0,three_by_six,1,odd_x,jacobi,1,13,13402,0.00011900000026798807,0.05469279999852006,0.05481179999878805,447,0,9.608675664235599e-10,True,0.0,0
128,1000.0,three_by_six,0,random,rs025,1,14,13402,0.017545199998494354,0.018752800000584102,0.036297999999078456,10,0,1.168296504000718e-10,True,2.1963461635985597,7
128,1000.0,two_by_eight,0,odd_x,rs025,1,15,13402,0.01607220000005327,0.020736999998916872,0.036809199998970143,11,0,5.494507888556187e-10,True,2.199439626755921,7
128,1000.0,two_by_eight,1,odd_x,amg0,1,16,13402,0.024004400000194437,0.028243999999176594,0.05224839999937103,15,0,2.1952417323278768e-10,True,1.3399006034788783,5
128,1000.0,two_by_eight,1,odd_x,rs025,1,17,13402,0.016042600000218954,0.017632099999900674,0.03367470000011963,11,0,1.4261708449890175e-10,True,2.196079922916984,7
128,1000.0,three_by_six,0,odd_x,amg0,1,18,13402,0.026613799998813192,0.028902000000016415,0.05551579999882961,16,0,2.4057081170852394e-10,True,1.3399006034788783,5
128,1000.0,three_by_six,1,odd_x,amg0,1,19,13402,0.01966300000094634,0.028032700000039767,0.04769570000098611,16,0,2.6051461566590355e-10,True,1.3399006034788783,5
128,1000.0,two_by_eight,1,odd_x,jacobi,1,20,13402,0.00014379999993252568,0.0401997000008123,0.040343500000744825,450,0,9.092451541869095e-10,True,0.0,0
128,1000.0,three_by_six,0,random,jacobi,1,21,13402,9.580000005371403e-05,0.07009190000098897,0.07018770000104269,636,0,9.392076385125561e-10,True,0.0,0
128,1000.0,two_by_eight,0,odd_x,amg0,1,22,13402,0.026871699999901466,0.03111680000074557,0.057988500000647036,15,0,7.804375950660953e-10,True,1.3399006034788783,5
128,1000.0,two_by_eight,0,random,amg0,1,23,13402,0.026749000000563683,0.032577300000411924,0.05932630000097561,14,0,3.9069188422907335e-10,True,1.3399006034788783,5
128,1000.0,three_by_six,1,odd_x,jacobi,2,0,13403,0.00016700000014679972,0.04098599999997532,0.04115300000012212,447,0,9.608675664235599e-10,True,0.0,0
128,1000.0,two_by_eight,1,odd_x,rs025,2,1,13403,0.020617000000129337,0.020829900000535417,0.041446900000664755,11,0,1.4261708449890175e-10,True,2.196079922916984,7
128,1000.0,three_by_six,1,odd_x,amg0,2,2,13403,0.026508300001296448,0.03054800000063551,0.05705630000193196,16,0,2.582069882059273e-10,True,1.3399006034788783,5
128,1000.0,two_by_eight,0,odd_x,jacobi,2,3,13403,0.00018819999968400225,0.024157800000466523,0.024346000000150525,266,0,9.11683285170616e-10,True,0.0,0
128,1000.0,three_by_six,0,random,amg0,2,4,13403,0.02442950000113342,0.024246900000434835,0.048676400001568254,14,0,5.415398087272865e-10,True,1.3399006034788783,5
128,1000.0,three_by_six,0,odd_x,amg0,2,5,13403,0.020788800000445917,0.02855490000001737,0.049343700000463286,16,0,2.4243377496662137e-10,True,1.3399006034788783,5
128,1000.0,three_by_six,0,random,rs025,2,6,13403,0.0173159999994823,0.016059000001405366,0.03337500000088767,10,0,1.168296504000718e-10,True,2.1963461635985597,7
128,1000.0,two_by_eight,0,random,rs025,2,7,13403,0.013812099999995553,0.02030639999975392,0.034118499999749474,10,0,4.106551783440763e-10,True,2.199439626755921,7
128,1000.0,two_by_eight,1,random,jacobi,2,8,13403,0.0001936999997269595,0.05768069999976433,0.05787439999949129,634,0,9.301557341646773e-10,True,0.0,0
128,1000.0,two_by_eight,0,random,amg0,2,9,13403,0.029420000000754953,0.022563099999388214,0.05198310000014317,14,0,3.85682983474766e-10,True,1.3399006034788783,5
128,1000.0,three_by_six,1,random,rs025,2,10,13403,0.01456750000033935,0.01893720000043686,0.03350470000077621,10,0,1.6117461394964599e-10,True,2.1949388914245143,7
128,1000.0,three_by_six,0,odd_x,rs025,2,11,13403,0.021248499999273918,0.018132600000171806,0.03938109999944572,11,0,1.1241667260075744e-10,True,2.1963461635985597,7
128,1000.0,two_by_eight,1,odd_x,amg0,2,12,13403,0.022103699999206583,0.027871199999935925,0.04997489999914251,15,0,2.1555431453722586e-10,True,1.3399006034788783,5
128,1000.0,two_by_eight,0,random,jacobi,2,13,13403,0.0001675000003160676,0.06223330000102578,0.06240080000134185,634,0,9.70628911533691e-10,True,0.0,0
128,1000.0,three_by_six,0,odd_x,jacobi,2,14,13403,0.00010789999942062423,0.025810199998886674,0.025918099998307298,266,0,9.219999774846857e-10,True,0.0,0
128,1000.0,three_by_six,0,random,jacobi,2,15,13403,8.150000030582305e-05,0.059648500000548665,0.05973000000085449,636,0,9.392076385125561e-10,True,0.0,0
128,1000.0,three_by_six,1,odd_x,rs025,2,16,13403,0.014302499999757856,0.017694100000881008,0.031996600000638864,11,0,4.0615861541726775e-10,True,2.1949388914245143,7
128,1000.0,two_by_eight,0,odd_x,rs025,2,17,13403,0.01638249999996333,0.021329000001060194,0.037711500001023524,11,0,5.494507888556187e-10,True,2.199439626755921,7
128,1000.0,three_by_six,1,random,jacobi,2,18,13403,0.00014089999967836775,0.058027399998536566,0.058168299998214934,639,0,9.570878672347944e-10,True,0.0,0
128,1000.0,two_by_eight,0,odd_x,amg0,2,19,13403,0.024203400000260444,0.023813600000721635,0.04801700000098208,15,0,7.703056229684157e-10,True,1.3399006034788783,5
128,1000.0,two_by_eight,1,random,amg0,2,20,13403,0.023575900000651018,0.01997320000009495,0.043549100000745966,13,0,4.6354757685742245e-10,True,1.3399006034788783,5
128,1000.0,three_by_six,1,random,amg0,2,21,13403,0.027583999999478692,0.03207990000009886,0.05966389999957755,14,0,7.845861149388228e-10,True,1.3399006034788783,5
128,1000.0,two_by_eight,1,odd_x,jacobi,2,22,13403,0.00016009999853849877,0.04135680000035791,0.041516899998896406,450,0,9.092451541869095e-10,True,0.0,0
128,1000.0,two_by_eight,1,random,rs025,2,23,13403,0.01947219999965455,0.01757960000031744,0.03705179999997199,10,0,8.609017564692545e-11,True,2.196079922916984,7
128,1000.0,three_by_six,0,random,jacobi,3,0,13404,0.00023409999994328246,0.06462639999881503,0.06486049999875831,636,0,9.392076385125561e-10,True,0.0,0
128,1000.0,two_by_eight,0,odd_x,amg0,3,1,13404,0.022942400000829366,0.02886150000085763,0.051803900001687,15,0,7.555539561209753e-10,True,1.3399006034788783,5
128,1000.0,two_by_eight,1,random,rs025,3,2,13404,0.014680000000225846,0.019408399999520043,0.03408839999974589,10,0,8.609017564692545e-11,True,2.196079922916984,7
128,1000.0,two_by_eight,0,random,jacobi,3,3,13404,0.00023970000074768905,0.08731360000092536,0.08755330000167305,634,0,9.70628911533691e-10,True,0.0,0
128,1000.0,three_by_six,0,random,amg0,3,4,13404,0.026003700000728713,0.023526599999968312,0.049530300000697025,14,0,5.41300034193148e-10,True,1.3399006034788783,5
128,1000.0,three_by_six,1,random,amg0,3,5,13404,0.02576980000048934,0.027129099999001483,0.05289889999949082,14,0,7.99856792167809e-10,True,1.3399006034788783,5
128,1000.0,two_by_eight,0,odd_x,jacobi,3,6,13404,0.00021550000019487925,0.032252600001811516,0.032468100002006395,266,0,9.11683285170616e-10,True,0.0,0
128,1000.0,three_by_six,0,odd_x,amg0,3,7,13404,0.023523800000475603,0.03062060000047495,0.054144400000950554,16,0,2.4372863664790173e-10,True,1.3399006034788783,5
128,1000.0,three_by_six,1,odd_x,amg0,3,8,13404,0.021934099999270984,0.02426270000069053,0.04619679999996151,16,0,2.6700372928149864e-10,True,1.3399006034788783,5
128,1000.0,two_by_eight,0,random,amg0,3,9,13404,0.021215300001131254,0.02653930000087712,0.047754600002008374,14,0,3.786183941561155e-10,True,1.3399006034788783,5
128,1000.0,two_by_eight,0,odd_x,rs025,3,10,13404,0.015176799999608193,0.018429899999318877,0.03360669999892707,11,0,5.494507888556187e-10,True,2.199439626755921,7
128,1000.0,two_by_eight,0,random,rs025,3,11,13404,0.014331099999253638,0.016002800000933348,0.030333900000186986,10,0,4.106551783440763e-10,True,2.199439626755921,7
128,1000.0,two_by_eight,1,odd_x,jacobi,3,12,13404,0.00020740000036312267,0.03795850000096834,0.038165900001331465,450,0,9.092451541869095e-10,True,0.0,0
128,1000.0,two_by_eight,1,odd_x,amg0,3,13,13404,0.024457899999106303,0.023980299998584087,0.04843819999769039,15,0,2.1686988366962193e-10,True,1.3399006034788783,5
128,1000.0,three_by_six,0,odd_x,rs025,3,14,13404,0.015640400000847876,0.017467199999373406,0.03310760000022128,11,0,1.1241667260075744e-10,True,2.1963461635985597,7
128,1000.0,three_by_six,1,odd_x,rs025,3,15,13404,0.014998099999502301,0.019765900000493275,0.034763999999995576,11,0,4.0615861541726775e-10,True,2.1949388914245143,7
128,1000.0,two_by_eight,1,random,jacobi,3,16,13404,0.00017839999964053277,0.06672599999910744,0.06690439999874798,634,0,9.301557341646773e-10,True,0.0,0
128,1000.0,three_by_six,0,odd_x,jacobi,3,17,13404,0.00010560000009718351,0.022311499998977524,0.022417099999074708,266,0,9.219999774846857e-10,True,0.0,0
128,1000.0,two_by_eight,1,odd_x,rs025,3,18,13404,0.01387099999919883,0.01918120000118506,0.03305220000038389,11,0,1.4261708449890175e-10,True,2.196079922916984,7
128,1000.0,three_by_six,1,random,jacobi,3,19,13404,0.00014550000014423858,0.059118900000612484,0.05926440000075672,639,0,9.570878672347944e-10,True,0.0,0
128,1000.0,two_by_eight,1,random,amg0,3,20,13404,0.024245099999461672,0.02374479999889445,0.04798989999835612,13,0,4.669042800638317e-10,True,1.3399006034788783,5
128,1000.0,three_by_six,0,random,rs025,3,21,13404,0.019761399998969864,0.018740199999228935,0.0385015999981988,10,0,1.168296504000718e-10,True,2.1963461635985597,7
128,1000.0,three_by_six,1,random,rs025,3,22,13404,0.01875319999999192,0.01968520000082208,0.038438400000814,10,0,1.6117461394964599e-10,True,2.1949388914245143,7
128,1000.0,three_by_six,1,odd_x,jacobi,3,23,13404,0.00022630000057688449,0.05022119999921415,0.050447499999791034,447,0,9.608675664235599e-10,True,0.0,0
128,1000.0,three_by_six,0,odd_x,jacobi,4,0,13405,0.00012070000047970098,0.02916410000034375,0.029284800000823452,266,0,9.219999774846857e-10,True,0.0,0
128,1000.0,three_by_six,0,random,amg0,4,1,13405,0.029956300000776537,0.027903300000616582,0.05785960000139312,14,0,5.412854626589175e-10,True,1.3399006034788783,5
128,1000.0,two_by_eight,1,odd_x,amg0,4,2,13405,0.026533100000960985,0.027696499999365187,0.05422960000032617,15,0,2.1937711970139241e-10,True,1.3399006034788783,5
128,1000.0,two_by_eight,1,odd_x,rs025,4,3,13405,0.01729919999888807,0.019025199999305187,0.03632439999819326,11,0,1.4261708449890175e-10,True,2.196079922916984,7
128,1000.0,two_by_eight,1,random,rs025,4,4,13405,0.018982300000061514,0.019486999999571708,0.03846929999963322,10,0,8.609017564692545e-11,True,2.196079922916984,7
128,1000.0,three_by_six,0,odd_x,amg0,4,5,13405,0.026736899999377783,0.030762299998968956,0.05749919999834674,16,0,2.4194997205353367e-10,True,1.3399006034788783,5
128,1000.0,three_by_six,1,random,jacobi,4,6,13405,0.00022770000032323878,0.07315849999940838,0.07338619999973162,639,0,9.570878672347944e-10,True,0.0,0
128,1000.0,three_by_six,0,random,rs025,4,7,13405,0.018636100001458544,0.020448600000236183,0.03908470000169473,10,0,1.168296504000718e-10,True,2.1963461635985597,7
128,1000.0,two_by_eight,1,odd_x,jacobi,4,8,13405,0.00025270000151067507,0.04514670000025944,0.04539940000177012,450,0,9.092451541869095e-10,True,0.0,0
128,1000.0,two_by_eight,0,odd_x,rs025,4,9,13405,0.02006690000052913,0.022836800000732183,0.04290370000126131,11,0,5.494507888556187e-10,True,2.199439626755921,7
128,1000.0,two_by_eight,1,random,jacobi,4,10,13405,0.0001514999985374743,0.06584430000111752,0.06599579999965499,634,0,9.301557341646773e-10,True,0.0,0
128,1000.0,two_by_eight,1,random,amg0,4,11,13405,0.02807329999996,0.024113800000122865,0.052187100000082864,13,0,4.725816005222832e-10,True,1.3399006034788783,5
128,1000.0,three_by_six,1,odd_x,amg0,4,12,13405,0.021563000000242027,0.025674300000900985,0.04723730000114301,16,0,2.636626002312667e-10,True,1.3399006034788783,5
128,1000.0,two_by_eight,0,random,rs025,4,13,13405,0.016255700000328943,0.015927800001009018,0.03218350000133796,10,0,4.106551783440763e-10,True,2.199439626755921,7
128,1000.0,two_by_eight,0,random,jacobi,4,14,13405,0.00015899999925750308,0.05418730000019423,0.05434629999945173,634,0,9.70628911533691e-10,True,0.0,0
128,1000.0,two_by_eight,0,odd_x,jacobi,4,15,13405,9.379999937664252e-05,0.022175599999172846,0.02226939999854949,266,0,9.11683285170616e-10,True,0.0,0
128,1000.0,three_by_six,1,random,rs025,4,16,13405,0.0167037999999593,0.017259999998714193,0.033963799998673494,10,0,1.6117461394964599e-10,True,2.1949388914245143,7
128,1000.0,three_by_six,1,odd_x,rs025,4,17,13405,0.015447300000232644,0.017912900000737864,0.03336020000097051,11,0,4.0615861541726775e-10,True,2.1949388914245143,7
128,1000.0,three_by_six,1,random,amg0,4,18,13405,0.02021989999957441,0.02279900000030466,0.04301889999987907,14,0,7.939452136110207e-10,True,1.3399006034788783,5
128,1000.0,three_by_six,1,odd_x,jacobi,4,19,13405,0.000133700001242687,0.03838820000055421,0.038521900001796894,447,0,9.608675664235599e-10,True,0.0,0
128,1000.0,two_by_eight,0,odd_x,amg0,4,20,13405,0.021050499999546446,0.02726490000168269,0.048315400001229136,15,0,7.597943236408887e-10,True,1.3399006034788783,5
128,1000.0,two_by_eight,0,random,amg0,4,21,13405,0.020833599999605212,0.022598400000788388,0.0434320000003936,14,0,3.811936078365344e-10,True,1.3399006034788783,5
128,1000.0,three_by_six,0,odd_x,rs025,4,22,13405,0.014162999999825843,0.01707689999966533,0.031239899999491172,11,0,1.1241667260075744e-10,True,2.1963461635985597,7
128,1000.0,three_by_six,0,random,jacobi,4,23,13405,0.0001443999990442535,0.05259269999987737,0.05273709999892162,636,0,9.392076385125561e-10,True,0.0,0
128,1000.0,two_by_eight,1,odd_x,rs025,5,0,13406,0.016408100000262493,0.017742800000632997,0.03415090000089549,11,0,1.4261708449890175e-10,True,2.196079922916984,7
128,1000.0,two_by_eight,1,odd_x,amg0,5,1,13406,0.025042299999768147,0.023279300001377123,0.04832160000114527,15,0,2.2010236834731392e-10,True,1.3399006034788783,5
128,1000.0,three_by_six,0,odd_x,amg0,5,2,13406,0.02097700000012992,0.024244999998700223,0.04522199999883014,16,0,2.4242039746991403e-10,True,1.3399006034788783,5
128,1000.0,two_by_eight,0,random,amg0,5,3,13406,0.022984100000030594,0.021273000000292086,0.04425710000032268,14,0,3.9163400674357263e-10,True,1.3399006034788783,5
128,1000.0,three_by_six,0,random,rs025,5,4,13406,0.01386850000017148,0.0161963000009564,0.030064800001127878,10,0,1.168296504000718e-10,True,2.1963461635985597,7
128,1000.0,three_by_six,0,random,amg0,5,5,13406,0.02433960000053048,0.02091610000024957,0.04525570000078005,14,0,5.427323881376492e-10,True,1.3399006034788783,5
128,1000.0,two_by_eight,0,random,jacobi,5,6,13406,0.00018869999985327013,0.06871789999968314,0.06890659999953641,634,0,9.70628911533691e-10,True,0.0,0
128,1000.0,three_by_six,1,odd_x,jacobi,5,7,13406,9.890000001178123e-05,0.06051309999929799,0.060611999999309774,447,0,9.608675664235599e-10,True,0.0,0
128,1000.0,three_by_six,1,odd_x,rs025,5,8,13406,0.015993799999705516,0.019574699999793665,0.03556849999949918,11,0,4.0615861541726775e-10,True,2.1949388914245143,7
128,1000.0,two_by_eight,1,random,amg0,5,9,13406,0.027229599998463527,0.019924800000808318,0.047154399999271845,13,0,4.746458776740606e-10,True,1.3399006034788783,5
128,1000.0,three_by_six,1,random,jacobi,5,10,13406,0.00013050000052317046,0.06689680000090448,0.06702730000142765,639,0,9.570878672347944e-10,True,0.0,0
128,1000.0,three_by_six,0,odd_x,jacobi,5,11,13406,0.00010169999950448982,0.023853099999541882,0.023954799999046372,266,0,9.219999774846857e-10,True,0.0,0
128,1000.0,two_by_eight,1,random,jacobi,5,12,13406,0.0001412999990861863,0.07325920000039332,0.07340049999947951,634,0,9.301557341646773e-10,True,0.0,0
128,1000.0,two_by_eight,0,odd_x,rs025,5,13,13406,0.0233527000000322,0.02146600000014587,0.04481870000017807,11,0,5.494507888556187e-10,True,2.199439626755921,7
128,1000.0,two_by_eight,0,random,rs025,5,14,13406,0.0169871999987663,0.021089699999720324,0.038076899998486624,10,0,4.106551783440763e-10,True,2.199439626755921,7
128,1000.0,two_by_eight,1,odd_x,jacobi,5,15,13406,0.00019590000010794029,0.053215100000670645,0.053411000000778586,450,0,9.092451541869095e-10,True,0.0,0
128,1000.0,three_by_six,1,random,amg0,5,16,13406,0.025161800000205403,0.028867200000604498,0.0540290000008099,14,0,7.577605855297948e-10,True,1.3399006034788783,5
128,1000.0,three_by_six,1,random,rs025,5,17,13406,0.019514300000082585,0.02177040000060515,0.041284700000687735,10,0,1.6117461394964599e-10,True,2.1949388914245143,7
128,1000.0,two_by_eight,1,random,rs025,5,18,13406,0.018948400000226684,0.021181599999181344,0.04012999999940803,10,0,8.609017564692545e-11,True,2.196079922916984,7
128,1000.0,two_by_eight,0,odd_x,amg0,5,19,13406,0.028925300000992138,0.03297579999889422,0.061901099999886355,15,0,7.825932727691673e-10,True,1.3399006034788783,5
128,1000.0,two_by_eight,0,odd_x,jacobi,5,20,13406,0.0001685999995970633,0.0316210000000865,0.03178959999968356,266,0,9.11683285170616e-10,True,0.0,0
128,1000.0,three_by_six,1,odd_x,amg0,5,21,13406,0.028091000000131316,0.02731560000029276,0.05540660000042408,16,0,2.4256048745249056e-10,True,1.3399006034788783,5
128,1000.0,three_by_six,0,odd_x,rs025,5,22,13406,0.020235199999660836,0.025219900000593043,0.04545510000025388,11,0,1.1241667260075744e-10,True,2.1963461635985597,7
128,1000.0,three_by_six,0,random,jacobi,5,23,13406,0.0001654999996389961,0.07131599999956961,0.07148149999920861,636,0,9.392076385125561e-10,True,0.0,0
128,1000.0,two_by_eight,0,random,rs025,6,0,13407,0.014435799999773735,0.01676670000051672,0.031202500000290456,10,0,4.106551783440763e-10,True,2.199439626755921,7
128,1000.0,three_by_six,0,random,jacobi,6,1,13407,0.00013670000043930486,0.05836350000026869,0.05850020000070799,636,0,9.392076385125561e-10,True,0.0,0
128,1000.0,two_by_eight,1,odd_x,amg0,6,2,13407,0.02978869999969902,0.02323870000145689,0.05302740000115591,15,0,2.1646405295549466e-10,True,1.3399006034788783,5
128,1000.0,two_by_eight,0,odd_x,amg0,6,3,13407,0.025045000000318396,0.025819500000579865,0.05086450000089826,15,0,7.667541870003395e-10,True,1.3399006034788783,5
128,1000.0,two_by_eight,1,random,amg0,6,4,13407,0.02212169999984326,0.028635900000153924,0.05075759999999718,13,0,4.6501146890515415e-10,True,1.3399006034788783,5
128,1000.0,three_by_six,0,odd_x,rs025,6,5,13407,0.017431899999792222,0.019666299998789327,0.03709819999858155,11,0,1.1241667260075744e-10,True,2.1963461635985597,7
128,1000.0,three_by_six,1,odd_x,amg0,6,6,13407,0.0240323999987595,0.029122800000550342,0.05315519999930984,16,0,2.5979491212409005e-10,True,1.3399006034788783,5
128,1000.0,two_by_eight,1,random,jacobi,6,7,13407,0.0001382000009471085,0.062344199999643024,0.06248240000059013,634,0,9.301557341646773e-10,True,0.0,0
128,1000.0,two_by_eight,1,odd_x,jacobi,6,8,13407,8.459999844490085e-05,0.042199100000289036,0.04228369999873394,450,0,9.092451541869095e-10,True,0.0,0
128,1000.0,three_by_six,0,random,amg0,6,9,13407,0.02201200000126846,0.02579419999892707,0.04780620000019553,14,0,5.395898566989428e-10,True,1.3399006034788783,5
128,1000.0,two_by_eight,0,odd_x,rs025,6,10,13407,0.01479049999943527,0.017259700000067824,0.03205019999950309,11,0,5.494507888556187e-10,True,2.199439626755921,7
128,1000.0,two_by_eight,1,random,rs025,6,11,13407,0.019552599998860387,0.019443700000920217,0.038996299999780604,10,0,8.609017564692545e-11,True,2.196079922916984,7
128,1000.0,two_by_eight,0,random,amg0,6,12,13407,0.022235699998418568,0.02632189999894763,0.048557599997366196,14,0,3.8442615303657537e-10,True,1.3399006034788783,5
128,1000.0,three_by_six,0,odd_x,amg0,6,13,13407,0.02513560000079451,0.037311800000679796,0.06244740000147431,16,0,2.404053145880417e-10,True,1.3399006034788783,5
128,1000.0,three_by_six,0,random,rs025,6,14,13407,0.017987900000662194,0.015969099998983438,0.03395699999964563,10,0,1.168296504000718e-10,True,2.1963461635985597,7
128,1000.0,three_by_six,1,random,amg0,6,15,13407,0.024890099999538506,0.026953900000080466,0.05184399999961897,14,0,7.869172507520637e-10,True,1.3399006034788783,5
128,1000.0,three_by_six,1,odd_x,jacobi,6,16,13407,0.00012380000043776818,0.043275899999571266,0.043399700000009034,447,0,9.608675664235599e-10,True,0.0,0
128,1000.0,two_by_eight,0,random,jacobi,6,17,13407,0.00012000000060652383,0.07486980000066978,0.07498980000127631,634,0,9.70628911533691e-10,True,0.0,0
128,1000.0,three_by_six,0,odd_x,jacobi,6,18,13407,0.00012200000128359534,0.03510019999885117,0.03522220000013476,266,0,9.219999774846857e-10,True,0.0,0
128,1000.0,three_by_six,1,random,rs025,6,19,13407,0.018408100000669947,0.021851499999684165,0.04025960000035411,10,0,1.6117461394964599e-10,True,2.1949388914245143,7
128,1000.0,two_by_eight,0,odd_x,jacobi,6,20,13407,0.00019579999934649095,0.02803429999949003,0.028230099998836522,266,0,9.11683285170616e-10,True,0.0,0
128,1000.0,three_by_six,1,random,jacobi,6,21,13407,0.00010570000085863285,0.061480399999709334,0.06158610000056797,639,0,9.570878672347944e-10,True,0.0,0
128,1000.0,two_by_eight,1,odd_x,rs025,6,22,13407,0.015319199999794364,0.02102079999895068,0.03633999999874504,11,0,1.4261708449890175e-10,True,2.196079922916984,7
128,1000.0,three_by_six,1,odd_x,rs025,6,23,13407,0.017931000000317,0.021416100000351435,0.039347100000668433,11,0,4.0615861541726775e-10,True,2.1949388914245143,7
