n,contrast,geometry,variant,average,rhs,jacobi_setup,jacobi_solve,jacobi_total,jacobi_iterations,amg0_setup,amg0_solve,amg0_total,amg0_iterations,accepted,max_residual,winner,jacobi_wins,repeats,min_paired_ratio,max_paired_ratio,stable
128,1000.0,connected,centered,arithmetic,dipole_x,7.74000000092201e-05,0.05348229999981413,0.05356080000001384,589.0,0.024946199999249075,0.022696499999256048,0.04763790000015433,14.0,True,9.193781446403434e-10,amg0,0,5,1.0357003445807715,1.2063296161014228,True
128,1000.0,connected,centered,arithmetic,dipole_y,7.580000055895653e-05,0.0536670999999842,0.05374019999999291,605.0,0.024066599999969185,0.021755200000370678,0.04601670000010927,14.0,True,9.981650865034545e-10,amg0,0,5,1.0978963807842772,1.3142062882228034,True
128,1000.0,connected,centered,arithmetic,ones,7.919999916339293e-05,0.0525857000002361,0.05267329999969661,608.0,0.023564700000861194,0.02298960000007355,0.046140300000843126,14.0,True,1.5338059864787499e-09,amg0,0,5,1.067862067836217,1.1800458991108718,True
128,1000.0,connected,centered,arithmetic,random,8.600000001024455e-05,0.05075589999978547,0.05082849999962491,578.0,0.02460849999988568,0.019114400000034948,0.04398800000035408,12.0,True,9.357024475435316e-10,amg0,0,5,1.13831670441691,1.248431390349569,True
128,1000.0,connected,centered,harmonic,dipole_x,7.639999967068434e-05,0.051215899999988324,0.05129229999965901,585.0,0.02340690000073664,0.02204040000015084,0.045314699999835284,14.0,True,9.431822207453842e-10,amg0,1,5,0.8644861242839346,1.1518043272293976,False
128,1000.0,connected,centered,harmonic,dipole_y,8.25000006443588e-05,0.05438199999935023,0.05446399999982532,600.0,0.02305239999986952,0.02173919999950158,0.0447915999993711,14.0,True,9.533683839628798e-10,amg0,0,5,1.1515708289937268,1.348037234690953,True
128,1000.0,connected,centered,harmonic,ones,7.610000011482043e-05,0.05221129999972618,0.05228720000013709,599.0,0.02378509999925882,0.021710600000005797,0.045451599999069,14.0,True,1.5229944446563914e-09,amg0,0,5,1.085715249622362,1.2154863635655184,True
128,1000.0,connected,centered,harmonic,random,7.519999962823931e-05,0.05110370000056719,0.05117750000135857,577.0,0.022803900000326394,0.019621100000222214,0.04242500000054861,12.0,True,8.785575928690151e-10,amg0,0,5,1.1810536240127962,1.3108319531031936,True
128,1000.0,connected,shift_x,arithmetic,dipole_x,9.870000030787196e-05,0.05793900000026042,0.058069800000339455,590.0,0.025933099999747355,0.023588000000017928,0.04946920000020327,13.0,True,9.147381255022884e-10,amg0,0,5,1.1034816775898177,1.1786506884241745,True
128,1000.0,connected,shift_x,arithmetic,dipole_y,7.949999962875154e-05,0.05895260000033886,0.05903209999996761,606.0,0.026192600000285893,0.024831699999595003,0.051001199999518576,14.0,True,9.157119695430457e-10,amg0,0,5,1.1387928127305844,1.226663617641419,True
128,1000.0,connected,shift_x,arithmetic,ones,9.270000009564683e-05,0.05748070000026928,0.057575200000428595,609.0,0.026117299999896204,0.022769899999730114,0.04976339999939228,13.0,True,1.488814685406063e-09,amg0,0,5,1.1100864374989448,1.2530494509384533,True
128,1000.0,connected,shift_x,arithmetic,random,8.549999984097667e-05,0.056346299999859184,0.05644250000023021,585.0,0.027101699999548146,0.021278199999869685,0.04926679999971384,12.0,True,9.327654222058994e-10,amg0,0,5,1.096416370681752,1.197276761482684,True
128,1000.0,connected,shift_x,harmonic,dipole_x,7.840000034775585e-05,0.052724099999977625,0.05280250000032538,585.0,0.0242459000000963,0.021048200000223005,0.04499329999998736,13.0,True,9.571213408655863e-10,amg0,0,5,1.0872354990198656,1.227704320990217,True
128,1000.0,connected,shift_x,harmonic,dipole_y,7.950000053824624e-05,0.055622300000322866,0.055709500000375556,604.0,0.023897300000498944,0.020768699999280216,0.045036000000436616,13.0,True,9.28011702158318e-10,amg0,0,5,1.143836686742451,1.3396823853909439,True
128,1000.0,connected,shift_x,harmonic,ones,8.340000022144523e-05,0.05303309999999328,0.05310879999979079,595.0,0.02424440000049799,0.020238300000528398,0.04512420000082784,13.0,True,1.4727564180288683e-09,amg0,0,5,1.1529401075071162,1.309596246156173,True
128,1000.0,connected,shift_x,harmonic,random,7.530000038968865e-05,0.05138269999952172,0.05145670000001701,577.0,0.02387150000049587,0.019307300000036776,0.04328270000041812,12.0,True,9.305199660030066e-10,amg0,0,5,1.0928815001320449,1.264359663320023,True
128,1000.0,connected,transpose,arithmetic,dipole_x,0.00011780000022554304,0.05278120000002673,0.05285530000037397,589.0,0.024873599999409635,0.022716399999808345,0.04758999999921798,14.0,True,9.178264483422089e-10,amg0,0,5,1.063745206633075,1.1593422988318691,True
128,1000.0,connected,transpose,arithmetic,dipole_y,0.00012869999955000822,0.05330690000027971,0.053384900000310154,605.0,0.02495290000024397,0.02216690000022936,0.04673269999966578,14.0,True,1.0008735461071778e-09,amg0,0,5,1.0900728350220998,1.2189870786493773,True
128,1000.0,connected,transpose,arithmetic,ones,8.010000055946875e-05,0.05536209999991115,0.05543969999962428,608.0,0.02476329999990412,0.022783700000218232,0.0473082999997132,14.0,True,1.4568808840087441e-09,amg0,0,5,1.054744414024674,1.2303175938240265,True
128,1000.0,connected,transpose,arithmetic,random,0.00011919999997189734,0.05041639999944891,0.050570999999763444,578.0,0.024083900000732683,0.01928829999997106,0.043186200000491226,12.0,True,9.360284500119799e-10,amg0,0,5,1.0575481944391167,1.2516498796132476,True
128,1000.0,connected,transpose,harmonic,dipole_x,8.319999960804125e-05,0.052804200000537094,0.052972900000895606,585.0,0.025604600000406208,0.02312869999968825,0.04873330000009446,14.0,True,9.44020224636713e-10,amg0,1,5,0.9349356875893515,1.1442750645040072,False
128,1000.0,connected,transpose,harmonic,dipole_y,8.84000000951346e-05,0.05886300000020128,0.059065600000394625,600.0,0.024816699999973935,0.02125510000041686,0.046940200000790355,13.0,True,9.544792159912905e-10,amg0,0,5,1.1803936191557356,1.2812712658631715,True
128,1000.0,connected,transpose,harmonic,ones,0.00010130000009667128,0.052723100000548584,0.05284790000041539,599.0,0.025166800000079093,0.022914500000297267,0.04956399999991845,14.0,True,1.5851765805078707e-09,amg0,0,5,1.0469242777273366,1.1900546581383655,True
128,1000.0,connected,transpose,harmonic,random,0.0001222000000780099,0.052839099999800965,0.05298880000009376,577.0,0.024264399999992747,0.01944629999979952,0.04366509999999835,12.0,True,8.787341775953878e-10,amg0,0,5,1.0933445348780473,1.320097743952626,True
128,1000.0,disconnected,centered,arithmetic,dipole_x,8.750000051804818e-05,0.02423079999971378,0.02431830000023183,267.0,0.0222819000000527,0.025016499999765074,0.0478240000002188,16.0,True,9.90014285829128e-10,jacobi,5,5,0.4723415551333136,0.6023410548073046,True
128,1000.0,disconnected,centered,arithmetic,dipole_y,9.069999941857532e-05,0.030668600000353763,0.030739900000298803,327.0,0.022291799999948125,0.025274800000261166,0.04827110000042012,16.0,True,9.968340188268084e-10,jacobi,5,5,0.5656394613005857,0.7511637397816017,True
128,1000.0,disconnected,centered,arithmetic,ones,8.990000060293823e-05,0.03327679999983957,0.03335209999931976,368.0,0.022578499999326596,0.025228700000297977,0.04678380000041216,16.0,True,1.3868394842897765e-09,jacobi,5,5,0.6232175960073485,0.7151118162882835,True
128,1000.0,disconnected,centered,arithmetic,random,7.689999983995222e-05,0.0574823999995715,0.05755929999941145,635.0,0.023085599999831175,0.022332100000312494,0.04541770000014367,14.0,True,9.28053873396141e-10,amg0,0,5,1.1576792473215318,1.5724700835056198,True
128,1000.0,disconnected,centered,harmonic,dipole_x,8.549999984097667e-05,0.026235900000756374,0.026333500000873755,266.0,0.026548299999376468,0.025801800000408548,0.05241290000049048,15.0,True,9.11683285170616e-10,jacobi,5,5,0.4682446383489362,0.5297262423838608,True
128,1000.0,disconnected,centered,harmonic,dipole_y,8.140000045386842e-05,0.031501899999966554,0.03158330000042042,328.0,0.023676800000430376,0.027693800000633928,0.052251100000830775,16.0,True,9.96971993990198e-10,jacobi,5,5,0.559369469113769,0.6319331076207229,True
128,1000.0,disconnected,centered,harmonic,ones,7.989999994606478e-05,0.03459799999927782,0.03467539999928704,366.0,0.023526800000581716,0.02636770000026445,0.05030120000083116,16.0,True,1.2787223496323214e-09,jacobi,5,5,0.6451198463615438,0.7531332549864213,True
128,1000.0,disconnected,centered,harmonic,random,7.869999990361976e-05,0.05923919999986538,0.05932109999957902,634.0,0.02481140000054438,0.023325600000134727,0.04813700000067911,14.0,True,9.70628911533691e-10,amg0,0,5,1.1284946806885587,1.4171702763352576,True
128,1000.0,disconnected,shift_x,arithmetic,dipole_x,7.480000022042077e-05,0.03888089999963995,0.038954699999521836,449.0,0.02522339999995893,0.02343639999980951,0.04853079999975307,15.0,True,9.758964763523737e-10,jacobi,5,5,0.7792619617754345,0.8657811875126203,True
128,1000.0,disconnected,shift_x,arithmetic,dipole_y,7.759999971312936e-05,0.036062099999981,0.03613569999924948,411.0,0.02332600000045204,0.024647700000059558,0.04906800000117073,16.0,True,9.300640770715896e-10,jacobi,5,5,0.707746585443285,0.8561120088239138,True
128,1000.0,disconnected,shift_x,arithmetic,ones,7.49000000723754e-05,0.04119280000031722,0.04126720000022033,471.0,0.022783200000048964,0.023742000000311236,0.04833450000023731,15.0,True,1.4292059178032373e-09,jacobi,5,5,0.8295179781022136,0.8671488876317669,True
128,1000.0,disconnected,shift_x,arithmetic,random,7.779999941703863e-05,0.055171599999994214,0.05524439999953756,636.0,0.02409200000056444,0.02165060000061203,0.046487500000694126,14.0,True,9.602483169836392e-10,amg0,0,5,1.0250877463411274,1.2708367102204625,True
128,1000.0,disconnected,shift_x,harmonic,dipole_x,0.000113999999484804,0.0443345000003319,0.044499399999949674,450.0,0.025129300000116928,0.02490120000038587,0.0501419000001988,15.0,True,9.092451541869095e-10,jacobi,5,5,0.8211251906175889,0.9157678925311094,True
128,1000.0,disconnected,shift_x,harmonic,dipole_y,8.770000022195745e-05,0.03718430000026274,0.037262699999701,412.0,0.024003999999877124,0.025535900000249967,0.04920369999945251,15.0,True,8.823308278763512e-10,jacobi,5,5,0.683923815732783,0.9039665716290288,True
128,1000.0,disconnected,shift_x,harmonic,ones,8.510000043315813e-05,0.044809999999415595,0.04489509999984875,465.0,0.02655700000013894,0.025101800000811636,0.05165880000095058,15.0,True,1.4490840733554655e-09,jacobi,5,5,0.8454636531284744,0.9013998849561192,True
128,1000.0,disconnected,shift_x,harmonic,random,8.129999969241908e-05,0.06262760000026901,0.06271889999970881,634.0,0.02527769999960583,0.021647200000188604,0.046924899999794434,13.0,True,9.301557341646773e-10,amg0,1,5,0.8894356425514588,1.3365803656477386,False
128,1000.0,disconnected,transpose,arithmetic,dipole_x,7.410000034724362e-05,0.0240444999999454,0.024118000000271422,267.0,0.024043800000072224,0.028176599999824248,0.05173839999952179,17.0,True,9.900099669016737e-10,jacobi,5,5,0.4235279927110118,0.5340925774913012,True
128,1000.0,disconnected,transpose,arithmetic,dipole_y,8.290000005217735e-05,0.029079299999466457,0.02917079999951966,327.0,0.023363500000414206,0.027869100000316394,0.0512326000007306,17.0,True,9.905692070265295e-10,jacobi,5,5,0.5473389989810544,0.610463196454022,True
128,1000.0,disconnected,transpose,arithmetic,ones,7.679999998799758e-05,0.03158309999980702,0.0316594999994777,368.0,0.0234349000002112,0.026687499999752617,0.05080790000010893,17.0,True,1.327991294630894e-09,jacobi,5,5,0.61718006006294,0.6962074759807797,True
128,1000.0,disconnected,transpose,arithmetic,random,7.619999996677507e-05,0.060784399999647576,0.06086059999961435,635.0,0.02320809999946505,0.024862400000529306,0.047911699999531265,15.0,True,9.284074799764309e-10,amg0,0,5,1.1910168544687691,1.2761454926589288,True
128,1000.0,disconnected,transpose,harmonic,dipole_x,7.499999992433004e-05,0.023652200000469747,0.023726200000055542,266.0,0.021832500000527943,0.024640200000249024,0.04669209999974555,16.0,True,9.116921635735068e-10,jacobi,5,5,0.4919825837844841,0.5253891983507412,True
128,1000.0,disconnected,transpose,harmonic,dipole_y,7.350000032602111e-05,0.028691400000752765,0.028761000000486092,328.0,0.02213370000026771,0.02482719999989058,0.047210300001097494,16.0,True,9.81318847343458e-10,jacobi,5,5,0.5828559969435283,0.6485340140020075,True
128,1000.0,disconnected,transpose,harmonic,ones,7.589999950141646e-05,0.03130700000019715,0.03138089999993099,366.0,0.022009500000422122,0.025315100000625534,0.04706880000048841,16.0,True,1.3814990133655381e-09,jacobi,5,5,0.6462812693455666,0.706500196422906,True
128,1000.0,disconnected,transpose,harmonic,random,7.60000002628658e-05,0.05496619999939867,0.05506209999930434,634.0,0.02214559999993071,0.02212450000024546,0.04484669999965263,14.0,True,9.708283193027376e-10,amg0,0,5,1.165400491071151,1.284657725103526,True
192,1000.0,connected,centered,arithmetic,dipole_x,0.0001449999999749707,0.16302109999924141,0.1632045999986076,888.0,0.04775580000023183,0.051256300000204646,0.09750640000038402,15.0,True,9.611456551844358e-10,amg0,0,5,1.525855377403748,1.880880016244533,True
192,1000.0,connected,centered,arithmetic,dipole_y,0.0001615999999557971,0.1728651000003083,0.17303739999988466,915.0,0.045888900000136346,0.050334500000644766,0.09558660000129748,15.0,True,9.581394324361504e-10,amg0,0,5,1.6840049244154993,1.885804447193821,True
192,1000.0,connected,centered,arithmetic,ones,0.00014959999953134684,0.1631201999998666,0.16326979999939795,918.0,0.04951100000016595,0.05273529999976745,0.1022462999999334,15.0,True,2.896155605550217e-09,amg0,0,5,1.5416123103793307,1.7534209061856691,True
192,1000.0,connected,centered,arithmetic,random,0.00016090000008261995,0.16800080000029993,0.16816170000038255,888.0,0.046012400000108755,0.04494579999936832,0.09095819999947707,13.0,True,9.413058679098936e-10,amg0,0,5,1.6745748571517893,1.9734803060204447,True
192,1000.0,connected,centered,harmonic,dipole_x,0.0001489000005676644,0.16115480000007665,0.16128570000000764,886.0,0.0470021999999517,0.05323599999974249,0.10023819999969419,15.0,True,1.0046020137480822e-09,amg0,0,5,1.496084961364697,1.7354920765967374,True
192,1000.0,connected,centered,harmonic,dipole_y,0.00014869999995426042,0.17256480000014562,0.17269970000052126,906.0,0.04346700000041892,0.05140099999971426,0.09495410000090487,15.0,True,9.948467581205373e-10,amg0,0,5,1.730668117046185,1.9067806854024512,True
192,1000.0,connected,centered,harmonic,ones,0.00015760000042064348,0.16889810000066063,0.1690337999998519,909.0,0.04362169999967591,0.05221460000029765,0.09465399999953661,15.0,True,2.7570742276220587e-09,amg0,0,5,1.657027575701775,2.0173061888711388,True
192,1000.0,connected,centered,harmonic,random,0.00013159999980416615,0.1654183999999077,0.16554919999998674,870.0,0.044931000000360655,0.046567399999730696,0.09196669999982987,13.0,True,9.600083569394741e-10,amg0,0,5,1.6827269525900037,2.0029607750128964,True
192,1000.0,connected,shift_x,arithmetic,dipole_x,0.000167199999850709,0.16478640000059386,0.1649594000000434,889.0,0.04576629999974102,0.04954710000038176,0.09413930000027904,15.0,True,9.504270886077595e-10,amg0,0,5,1.4129526844211868,1.8285070791843308,True
192,1000.0,connected,shift_x,arithmetic,dipole_y,0.00016330000016751,0.16271560000041063,0.16287150000061956,916.0,0.046734799999285315,0.04967839999972057,0.09643019999930402,15.0,True,9.527058435595497e-10,amg0,0,5,1.6389770788150826,1.7841201387904848,True
192,1000.0,connected,shift_x,arithmetic,ones,0.00017289999959757552,0.1647584000002098,0.1648884000005637,918.0,0.045072300000356336,0.05068490000030579,0.09398520000104327,15.0,True,2.809085708045797e-09,amg0,0,5,1.5279781453208274,1.983059262289394,True
192,1000.0,connected,shift_x,arithmetic,random,0.0001551000004837988,0.15524829999958456,0.15540340000006836,890.0,0.044541100000060396,0.04382629999963683,0.08836739999969723,13.0,True,9.918776463932297e-10,amg0,0,5,1.709183763794643,1.9048523913207953,True
192,1000.0,connected,shift_x,harmonic,dipole_x,0.00013969999963592272,0.17447450000054232,0.17461290000028384,885.0,0.05148600000029546,0.05230980000033014,0.10315979999995761,14.0,True,9.793492952124553e-10,amg0,0,5,1.4880786060361428,1.8263021752429611,True
192,1000.0,connected,shift_x,harmonic,dipole_y,0.00014450000071519753,0.19154270000035467,0.19168720000106987,898.0,0.05739519999951881,0.05645860000004177,0.11385379999956058,14.0,True,9.601369177774057e-10,amg0,0,5,1.4774641868700331,2.2913678980369765,True
192,1000.0,connected,shift_x,harmonic,ones,0.00018589999945106683,0.19381669999984297,0.1939671999998609,904.0,0.0524967999999717,0.051677899999958754,0.10539829999925132,14.0,True,2.7971373794493682e-09,amg0,0,5,1.7767754499730721,2.8523311997878986,True
192,1000.0,connected,shift_x,harmonic,random,0.0001526000005469541,0.17707470000004832,0.17721230000006472,869.0,0.05779970000003232,0.046907500000088476,0.10220529999969585,12.0,True,9.57401449347267e-10,amg0,1,5,0.7383050757014722,1.9293823314575513,False
192,1000.0,connected,transpose,arithmetic,dipole_x,0.00013929999931860948,0.1639325000005556,0.1640717999998742,888.0,0.04274329999952897,0.04584739999972953,0.09276820000013686,14.0,True,9.599487301932233e-10,amg0,0,5,1.7264008571913867,1.9091302597168034,True
192,1000.0,connected,transpose,arithmetic,dipole_y,0.00013250000029074727,0.16790319999927306,0.1680326999994577,915.0,0.04396530000030907,0.0466735999998491,0.08963049999965733,14.0,True,9.59821806408032e-10,amg0,0,5,1.5132260829489732,1.9333970769898958,True
192,1000.0,connected,transpose,arithmetic,ones,0.00013720000060857274,0.17324619999999413,0.1733860000003915,918.0,0.04303369999979623,0.04547510000065813,0.08850880000045436,14.0,True,2.9390363753989255e-09,amg0,0,5,1.6598391330989701,2.1573149436492085,True
192,1000.0,connected,transpose,arithmetic,random,0.00012960000003658934,0.15889339999921503,0.15902299999925162,888.0,0.042076300000189804,0.03999400000066089,0.08106059999954596,12.0,True,9.401028522473934e-10,amg0,0,5,1.6297148300676751,2.1354406456502697,True
192,1000.0,connected,transpose,harmonic,dipole_x,0.00015210000037768623,0.1711113999999725,0.17126629999984289,886.0,0.043957099999715865,0.043342500000107975,0.08767640000041865,13.0,True,1.0019569121554888e-09,amg0,0,5,1.831704837946303,2.0367065709639585,True
192,1000.0,connected,transpose,harmonic,dipole_y,0.00013380000018514693,0.16550069999993866,0.16566489999968326,906.0,0.043802299999697425,0.04354419999981474,0.08748439999999391,13.0,True,9.97566573709954e-10,amg0,0,5,1.7904521376759694,1.9481047049861269,True
192,1000.0,connected,transpose,harmonic,ones,0.00013409999974101083,0.1632179999996879,0.16335139999955572,909.0,0.042730500000288885,0.043635400000312075,0.08636590000060096,13.0,True,2.821513728549962e-09,amg0,0,5,1.8014950481835346,1.9977651394294038,True
192,1000.0,connected,transpose,harmonic,random,0.0001677999998719315,0.15477809999993042,0.15494589999980235,870.0,0.04258110000046145,0.0399518000003809,0.0823129999998855,12.0,True,9.59855889891599e-10,amg0,0,5,1.754091753981235,1.9629112283461323,True
192,1000.0,disconnected,centered,arithmetic,dipole_x,0.00015869999970163917,0.07879540000067209,0.07896100000016304,404.0,0.04598009999972419,0.05693680000058521,0.1029169000003094,17.0,True,9.682583905481316e-10,jacobi,5,5,0.7078931692218293,0.8345888664056781,True
192,1000.0,disconnected,centered,arithmetic,dipole_y,0.00015170000006037299,0.09940310000001773,0.0995548000000781,494.0,0.0462188999999853,0.05844710000019404,0.10466600000017934,17.0,True,1.2812009353677047e-09,jacobi,5,5,0.8267933844025159,0.9969882145696258,True
192,1000.0,disconnected,centered,arithmetic,ones,0.0001824000000851811,0.1061879000008048,0.1063772000006793,555.0,0.04464110000026267,0.05755460000000312,0.10140330000012909,17.0,True,2.1763089565496595e-09,amg0,2,5,0.9693911119539884,1.1903102164401254,False
192,1000.0,disconnected,centered,arithmetic,random,0.0001441000003978843,0.18185400000038499,0.18199559999993653,947.0,0.04422969999995985,0.05005110000001878,0.09441589999914868,15.0,True,9.770568529277526e-10,amg0,0,5,1.628999264875608,2.197725090374444,True
192,1000.0,disconnected,centered,harmonic,dipole_x,0.00014400000054592965,0.07207319999997708,0.0722022999998444,403.0,0.04392120000011346,0.056679000000258384,0.10099620000073628,17.0,True,9.076303314903551e-10,jacobi,5,5,0.6462099953578968,0.7602150592445883,True
192,1000.0,disconnected,centered,harmonic,dipole_y,0.00015269999948941404,0.08894919999966078,0.08909899999980553,495.0,0.04460999999992055,0.05774289999953908,0.10065830000075948,17.0,True,1.290355839476956e-09,jacobi,5,5,0.8267579530842606,0.9200782289394963,True
192,1000.0,disconnected,centered,harmonic,ones,0.00016529999993508682,0.09958890000052634,0.09975330000088434,556.0,0.044057399999474,0.05696150000039779,0.10101889999987179,17.0,True,2.0956296358481532e-09,jacobi,3,5,0.8470466858059957,1.0489825038945908,False
192,1000.0,disconnected,centered,harmonic,random,0.00012939999942318536,0.16603529999974853,0.16616469999917172,949.0,0.04384140000001935,0.050004999999146094,0.09429199999976845,15.0,True,9.941891616592456e-10,amg0,0,5,1.7269833908766867,2.0672059141940275,True
192,1000.0,disconnected,shift_x,arithmetic,dipole_x,0.0002310999998371699,0.12492899999961082,0.1251496999993833,677.0,0.051893200000449724,0.05626070000016625,0.10783569999966858,17.0,True,9.212533792241898e-10,amg0,1,5,0.9632982302474993,1.2593206420375327,False
192,1000.0,disconnected,shift_x,arithmetic,dipole_y,0.00024339999981748406,0.10705200000029436,0.10727409999981319,619.0,0.045945899999424,0.059433399999761605,0.1053792999991856,17.0,True,1.4228279724849618e-09,amg0,3,5,0.8784805818746632,1.0994657811832735,False
192,1000.0,disconnected,shift_x,arithmetic,ones,0.0002184999993914971,0.1276506000003792,0.127929000000222,709.0,0.04389309999987745,0.05932629999915662,0.10253689999899507,18.0,True,2.4179578511589817e-09,amg0,0,5,1.181077218594543,1.296870374802893,True
192,1000.0,disconnected,shift_x,arithmetic,random,0.000224099999286409,0.16785350000009203,0.16806940000060422,951.0,0.04359019999992597,0.049627399999735644,0.09341180000046734,15.0,True,9.79943997904436e-10,amg0,0,5,1.7679009851445981,1.8593838033882084,True
192,1000.0,disconnected,shift_x,harmonic,dipole_x,0.00016899999991437653,0.12492010000005394,0.12509910000062519,677.0,0.043924100000367616,0.05357709999952931,0.09750119999989693,16.0,True,9.746160329003246e-10,amg0,0,5,1.193723317566003,1.8244135278055484,True
192,1000.0,disconnected,shift_x,harmonic,dipole_y,0.0001367999993817648,0.12144940000052884,0.12157720000050176,619.0,0.04436770000029355,0.05474239999966812,0.1001842999994551,16.0,True,1.4010351234522045e-09,amg0,0,5,1.1482497756622843,1.2878099214056435,True
192,1000.0,disconnected,shift_x,harmonic,ones,0.00015179999991232762,0.1277393000000302,0.12790730000051553,696.0,0.04371530000025814,0.0530071000002863,0.09679910000068048,16.0,True,2.4185633772269925e-09,amg0,0,5,1.220917497169409,1.3368245262122944,True
192,1000.0,disconnected,shift_x,harmonic,random,0.0001733999997668434,0.18529559999933554,0.18543269999918266,953.0,0.045420999999805645,0.045832099999643106,0.09125309999944875,14.0,True,9.762198060529e-10,amg0,0,5,1.921620895119102,2.162386489929305,True
192,1000.0,disconnected,transpose,arithmetic,dipole_x,0.0001370999998471234,0.07363129999976081,0.0737637000001996,404.0,0.04547649999949499,0.05774399999972957,0.10322049999922456,17.0,True,9.682781469450217e-10,jacobi,5,5,0.6825283322849522,0.7312946556212057,True
192,1000.0,disconnected,transpose,arithmetic,dipole_y,0.00018539999928179896,0.09378579999975045,0.09395589999985532,494.0,0.0459500000006301,0.05966069999976753,0.1063572999992175,17.0,True,1.2958982200994546e-09,jacobi,5,5,0.8117157919638788,0.9740804732940639,True
192,1000.0,disconnected,transpose,arithmetic,ones,0.0001426999997420353,0.11158350000005157,0.11171470000044792,555.0,0.045962600000166276,0.059118999999554944,0.10508159999972122,17.0,True,2.1865666575878597e-09,amg0,1,5,0.9822269508798201,1.120920313353892,False
192,1000.0,disconnected,transpose,arithmetic,random,0.00015419999999721767,0.17030100000010862,0.17045520000010583,947.0,0.04370250000010856,0.053781599999638274,0.09733050000068033,15.0,True,9.76147875336899e-10,amg0,0,5,1.6792747580059901,1.9683992900486456,True
192,1000.0,disconnected,transpose,harmonic,dipole_x,0.00015099999927770114,0.07239100000060716,0.07254160000138654,403.0,0.04292600000007951,0.0557637000001705,0.09868970000025001,17.0,True,9.076276306242268e-10,jacobi,5,5,0.7100103808231125,0.7786506595987689,True
192,1000.0,disconnected,transpose,harmonic,dipole_y,0.00016169999980775174,0.08905239999967307,0.08921409999948082,495.0,0.04471079999984795,0.05591569999978674,0.10102699999970355,17.0,True,1.3421375490019974e-09,jacobi,4,5,0.8483337321607076,1.0204113751802617,False
192,1000.0,disconnected,transpose,harmonic,ones,0.00014740000005986076,0.10824240000056307,0.10838420000072801,556.0,0.04378900000028807,0.05927759999940463,0.10418869999921299,17.0,True,2.1773403786542635e-09,amg0,2,5,0.9029115385960961,1.20775086703601,False
192,1000.0,disconnected,transpose,harmonic,random,0.00016989999949146295,0.16628159999982017,0.16643909999947937,949.0,0.04255810000086058,0.04903420000027836,0.09120179999990796,15.0,True,9.951557917096495e-10,amg0,0,5,1.8168917718880329,2.1974545819167894,True
96,1000.0,connected,centered,arithmetic,dipole_x,5.919999966863543e-05,0.028103999999984808,0.02815869999994902,440.0,0.01655789999949775,0.014387600000191014,0.030945499999688764,14.0,True,9.165597081023966e-10,jacobi,5,5,0.7453295641565577,0.9894453308535294,True
96,1000.0,connected,centered,arithmetic,dipole_y,5.959999998594867e-05,0.027603399999861722,0.02769540000008419,450.0,0.01547870000013063,0.013879600000109349,0.028769000000465894,14.0,True,9.83243563885885e-10,jacobi,5,5,0.6809434477075721,0.970901415184869,True
96,1000.0,connected,centered,arithmetic,ones,6.099999973230297e-05,0.026435599999786064,0.026498099999116675,454.0,0.015348699999776727,0.014467800000602438,0.029816500000379165,14.0,True,9.972226770751474e-10,jacobi,5,5,0.8117996189885689,0.9815274525326365,True
96,1000.0,connected,centered,arithmetic,random,6.510000002890592e-05,0.027758000000176253,0.027824900000268826,442.0,0.016202600000724487,0.013479799999913666,0.029924600000413193,12.0,True,9.424474270842846e-10,jacobi,5,5,0.8908957015888889,0.9668734084887665,True
96,1000.0,connected,centered,harmonic,dipole_x,6.289999964792514e-05,0.025123100000200793,0.02519670000037877,437.0,0.01523300000008021,0.012836200000492681,0.02806920000057289,13.0,True,9.111122240860413e-10,jacobi,5,5,0.8643956157143677,0.9520061030457876,True
96,1000.0,connected,centered,harmonic,dipole_y,5.7899999774235766e-05,0.02515159999984462,0.025208099999872502,450.0,0.014505499999359017,0.01406940000015311,0.02917000000070402,14.0,True,9.231380927028886e-10,jacobi,5,5,0.8376776426517402,0.9405837189008714,True
96,1000.0,connected,centered,harmonic,ones,5.63000003239722e-05,0.025928799999746843,0.025985100000070815,445.0,0.01478549999956158,0.013784400000076857,0.028569899999638437,14.0,True,1.0672326654727145e-09,jacobi,5,5,0.8755367394313076,0.9373965116022486,True
96,1000.0,connected,centered,harmonic,random,5.560000045079505e-05,0.02364069999930507,0.023696299999755865,433.0,0.014588000000003376,0.011818599999969592,0.026172300000325777,12.0,True,9.63991313770639e-10,jacobi,5,5,0.8985759753621441,0.9070273042896361,True
96,1000.0,connected,shift_x,arithmetic,dipole_x,6.800000028306386e-05,0.023686699999416305,0.02375469999969937,440.0,0.015409100000397302,0.013083199999528006,0.028430800000023737,13.0,True,8.942789972554029e-10,jacobi,5,5,0.8251627037639649,0.8642739564219627,True
96,1000.0,connected,shift_x,arithmetic,dipole_y,5.760000021837186e-05,0.02428680000048189,0.02434739999989688,451.0,0.015467300000636897,0.014155699999719218,0.02920910000011645,14.0,True,9.983137773360147e-10,jacobi,5,5,0.7292893268296201,0.89836793054014,True
96,1000.0,connected,shift_x,arithmetic,ones,6.330000087473309e-05,0.02470050000010815,0.024757600000157254,455.0,0.014905400000316149,0.013630700000248908,0.02860679999957938,14.0,True,9.979426983036418e-10,jacobi,5,5,0.8496702606521411,0.9233741773761743,True
96,1000.0,connected,shift_x,arithmetic,random,5.500000042957254e-05,0.023862000000008265,0.02392299999974057,442.0,0.014864400000078604,0.01162449999992532,0.02659990000029211,12.0,True,9.189572051723579e-10,jacobi,4,5,0.874381401620652,1.0980043653570504,False
96,1000.0,connected,shift_x,harmonic,dipole_x,6.239999947865726e-05,0.02501589999974385,0.025072099999306374,437.0,0.014488200000414508,0.011886399999639252,0.02637460000005376,12.0,True,9.220434464355267e-10,jacobi,4,5,0.8857120107848867,1.0275186584932088,False
96,1000.0,connected,shift_x,harmonic,dipole_y,5.599999985861359e-05,0.025061000000278,0.02511549999962881,451.0,0.014689300000100047,0.013128699999469973,0.02781799999957002,13.0,True,9.152036792933944e-10,jacobi,5,5,0.8660135026434533,0.9452625830629603,True
96,1000.0,connected,shift_x,harmonic,ones,5.48999996681232e-05,0.024343099999896367,0.024397099999987404,444.0,0.01445640000019921,0.011750600000596023,0.026229300000522926,12.0,True,1.1008488055105337e-09,jacobi,4,5,0.8741308057499598,1.0008730693857237,False
96,1000.0,connected,shift_x,harmonic,random,5.4400000408350024e-05,0.02338750000035361,0.023439900000994385,434.0,0.01459930000055465,0.010822600000210514,0.025172800000291318,11.0,True,9.068133163267647e-10,jacobi,5,5,0.876386379758063,0.9846262632666362,True
96,1000.0,connected,transpose,arithmetic,dipole_x,5.3499999921768904e-05,0.023979900000085763,0.02403480000066338,440.0,0.014702899999974761,0.012548400000014226,0.027232200000071316,13.0,True,9.161955011521065e-10,jacobi,5,5,0.8032269707508198,0.9477051247562915,True
96,1000.0,connected,transpose,arithmetic,dipole_y,5.680000049324008e-05,0.024331000000529457,0.024387800001022697,450.0,0.014274299999669893,0.012870799999291194,0.027478599999994913,13.0,True,9.829793971890795e-10,jacobi,5,5,0.8221250062878325,0.9096531145684736,True
96,1000.0,connected,transpose,arithmetic,ones,5.999999939376721e-05,0.025102599999627273,0.02515549999952782,454.0,0.014605700000174693,0.013709799999560346,0.02831549999973504,14.0,True,1.000904409969774e-09,jacobi,4,5,0.7858834335161458,1.108452944721238,False
96,1000.0,connected,transpose,arithmetic,random,6.089999988034833e-05,0.023893999999927473,0.02395489999980782,442.0,0.014894900000399502,0.012146500000199012,0.026860900000428956,12.0,True,9.422874085442483e-10,jacobi,5,5,0.8142773619318092,0.9530004943367246,True
96,1000.0,connected,transpose,harmonic,dipole_x,5.480000072566327e-05,0.023620600000867853,0.023685000000114087,437.0,0.01314879999972618,0.012798299999303708,0.02563929999996617,13.0,True,9.116272189847934e-10,jacobi,5,5,0.8667215269740041,0.9588231616154163,True
96,1000.0,connected,transpose,harmonic,dipole_y,5.540000074688578e-05,0.024035700000240467,0.024089200000162236,450.0,0.013253099999928963,0.012453199999981734,0.02602019999994809,13.0,True,9.243637454043341e-10,jacobi,4,5,0.9160805835958046,1.0232871714030702,False
96,1000.0,connected,transpose,harmonic,ones,5.710000004910398e-05,0.023826000000553904,0.023889100000815233,445.0,0.013499900000169873,0.012401900000440946,0.025890100000651728,13.0,True,1.0770126691037334e-09,jacobi,5,5,0.9044107337054731,0.958083159644286,True
96,1000.0,connected,transpose,harmonic,random,5.62999994144775e-05,0.02331010000034439,0.023364300001048832,433.0,0.012947100000019418,0.010530100000323728,0.023477200000343146,11.0,True,9.634835116513852e-10,jacobi,3,5,0.9113756665812295,1.0241468317889977,False
96,1000.0,disconnected,centered,arithmetic,dipole_x,5.94000002820394e-05,0.010664800000085961,0.010717799999838462,199.0,0.014659000000392552,0.015328899999985879,0.029838200000085635,16.0,True,9.403046779773977e-10,jacobi,5,5,0.34898782524143673,0.38830090284585783,True
96,1000.0,disconnected,centered,arithmetic,dipole_y,5.529999998543644e-05,0.012946499999998196,0.013001899999835587,243.0,0.014536499999849184,0.01526929999999993,0.030166199999257515,15.0,True,9.622303294165334e-10,jacobi,5,5,0.4088840668514011,0.4705469845686776,True
96,1000.0,disconnected,centered,arithmetic,ones,5.599999985861359e-05,0.014728899999681744,0.014784899999540357,275.0,0.014750000000276486,0.015408800000841438,0.029956200000015087,16.0,True,9.287716920238519e-10,jacobi,5,5,0.4633477091537387,0.5247237708590714,True
96,1000.0,disconnected,centered,arithmetic,random,5.439999949885532e-05,0.026071500000398373,0.02612420000059501,470.0,0.015069799999764655,0.01346300000022893,0.02840589999959775,14.0,True,9.863196901310128e-10,jacobi,5,5,0.8498943601786165,0.974017321798718,True
96,1000.0,disconnected,centered,harmonic,dipole_x,5.529999998543644e-05,0.011757899999793153,0.011811999999736145,197.0,0.014699999999720603,0.015064100000017788,0.030037299999094103,15.0,True,9.461492820288712e-10,jacobi,5,5,0.3713854238739234,0.42010433699674227,True
96,1000.0,disconnected,centered,harmonic,dipole_y,5.779999992228113e-05,0.014612699999815959,0.01466789999994944,246.0,0.014917599999535014,0.015737300000182586,0.0306548999997176,15.0,True,8.471699118331582e-10,jacobi,5,5,0.4456661364024175,0.48546235674954596,True
96,1000.0,disconnected,centered,harmonic,ones,5.890000011277152e-05,0.01656379999985802,0.016619600000012724,276.0,0.014179499999954714,0.014822699999967881,0.028880599999865808,15.0,True,9.926990720174024e-10,jacobi,5,5,0.4612234196721185,0.5841933578976349,True
96,1000.0,disconnected,centered,harmonic,random,5.8399999943503644e-05,0.02598390000002837,0.026042299999971874,470.0,0.01605440000003,0.014972200000556768,0.031026600000586768,14.0,True,9.422788245846294e-10,jacobi,5,5,0.7249002580467532,0.9901793944254647,True
96,1000.0,disconnected,shift_x,arithmetic,dipole_x,5.7700000070326496e-05,0.01848619999964285,0.018544999999903666,336.0,0.01445999999941705,0.015969099999892933,0.030429099999309983,16.0,True,8.543504510463124e-10,jacobi,5,5,0.5901652908355324,0.6277387249924649,True
96,1000.0,disconnected,shift_x,arithmetic,dipole_y,5.419999979494605e-05,0.016672099999595957,0.016756099999838625,306.0,0.014096199999585224,0.015399599999909697,0.029554699999607692,16.0,True,9.39143095115245e-10,jacobi,5,5,0.5312841679928338,0.6235514432090513,True
96,1000.0,disconnected,shift_x,arithmetic,ones,5.719999990105862e-05,0.01900779999959923,0.019062899999880756,352.0,0.014465199999904144,0.015137099999265047,0.029857199999241857,16.0,True,9.536179824784279e-10,jacobi,5,5,0.6097785174417147,0.7153589488516782,True
96,1000.0,disconnected,shift_x,arithmetic,random,5.559999954130035e-05,0.02583909999975731,0.025901799999701325,469.0,0.014635100000305101,0.013699900000574416,0.02808770000046934,14.0,True,9.751255544367017e-10,jacobi,5,5,0.8548477057440365,0.935121710606824,True
96,1000.0,disconnected,shift_x,harmonic,dipole_x,5.539999983739108e-05,0.019548700000086683,0.019616900000073656,336.0,0.01440329999968526,0.015066099999785365,0.028954000000339875,15.0,True,9.784214399938253e-10,jacobi,5,5,0.6169783295808636,0.7122512661295746,True
96,1000.0,disconnected,shift_x,harmonic,dipole_y,5.650000002788147e-05,0.01760999999987689,0.01767759999984264,307.0,0.014138900000034482,0.014899499999955879,0.029118199999174976,15.0,True,8.784522641030796e-10,jacobi,5,5,0.6000495566167195,0.6300416087813302,True
96,1000.0,disconnected,shift_x,harmonic,ones,5.560000045079505e-05,0.019410599999901024,0.019474499999887485,351.0,0.014818499999819323,0.015776899999764282,0.0306217999996079,15.0,True,1.0405627993303632e-09,jacobi,5,5,0.6071556864813764,0.7035904093191594,True
96,1000.0,disconnected,shift_x,harmonic,random,5.8399999943503644e-05,0.0261385000003429,0.026200900000731053,473.0,0.014536599999701139,0.013638100000207487,0.028187599999910162,13.0,True,9.402780609630928e-10,jacobi,4,5,0.9134325756810898,1.0431005122632562,False
96,1000.0,disconnected,transpose,arithmetic,dipole_x,5.810000038763974e-05,0.010917499999777647,0.01097239999944577,199.0,0.01448789999994915,0.015968700000485114,0.030309200000374403,16.0,True,9.403063198193003e-10,jacobi,5,5,0.34942919157297464,0.3870987798277721,True
96,1000.0,disconnected,transpose,arithmetic,dipole_y,6.159999975352548e-05,0.013766600000053586,0.013838699999723758,243.0,0.014767000000574626,0.015687899999647925,0.030907899999874644,16.0,True,9.556965473856579e-10,jacobi,5,5,0.4226770431659421,0.4736030841448229,True
96,1000.0,disconnected,transpose,arithmetic,ones,5.7899999774235766e-05,0.015551899999991292,0.015611099999659928,275.0,0.01409719999992376,0.01630029999978433,0.03049040000041714,16.0,True,9.459378857151915e-10,jacobi,5,5,0.4949793304660581,0.5557290163180137,True
96,1000.0,disconnected,transpose,arithmetic,random,5.9499999224499334e-05,0.026332299999921815,0.02640279999923223,470.0,0.014431699999477132,0.014507200000480225,0.028803600001083396,14.0,True,9.862819459200303e-10,jacobi,3,5,0.8554461113160757,1.1592773339769697,False
96,1000.0,disconnected,transpose,harmonic,dipole_x,5.7700000070326496e-05,0.01083939999989525,0.010894399999415327,197.0,0.01341480000064621,0.014948300000469317,0.02873989999989135,15.0,True,9.46161201548045e-10,jacobi,5,5,0.37462647045530223,0.4755914187360486,True
96,1000.0,disconnected,transpose,harmonic,dipole_y,5.669999973179074e-05,0.013569099999585887,0.01363130000027013,246.0,0.013536200000089593,0.014459299999543873,0.027995499999633466,15.0,True,8.411029317240611e-10,jacobi,5,5,0.47901563418608617,0.523505563421779,True
96,1000.0,disconnected,transpose,harmonic,ones,5.6999999287654646e-05,0.015256399999998393,0.015309399999750894,276.0,0.013898100000005797,0.015012800000477,0.028409800000190444,15.0,True,9.67740334220744e-10,jacobi,5,5,0.48418969170502263,0.6806602701842505,True
96,1000.0,disconnected,transpose,harmonic,random,5.7300000662507955e-05,0.026031000000330096,0.026094300000295334,470.0,0.013741799999479554,0.012728099999549158,0.026770299999043345,13.0,True,9.421657398966224e-10,jacobi,4,5,0.8995774433422041,1.0417012244280834,False
