coefficient_case,n,method,mode,repeat,order,seed,setup_seconds,solve_seconds,total_seconds,iterations,info,residual_norm,accepted,solution_sha256
constant,256,cg,monitored,0,0,200920,3.00002284348011e-07,0.2649268999812193,0.26492719998350367,466,0,9.709840683962918e-09,True,ec32a37a5ef3edb3e782a68e65d652eb4aea84614468e37faee4431f0ccef35d
inclusion_c100,64,amg-pcg,count-only,0,1,200920,0.007215099991299212,0.004983800055924803,0.012198900047224015,10,0,2.1847066183239094e-09,True,e69339ca47e4e74a6e6c1e8131d2b48577adef535aff8f124f4a844b754f49a3
constant,128,jacobi-pcg,count-only,0,2,200920,0.00010459998156875372,0.021345799963455647,0.0214503999450244,235,0,9.504054098938157e-09,True,f4ec07c5bd1f4382a4a01680ded95a64c68eb941cdfcc20d9061420ea474b93b
constant,128,jacobi-pcg,monitored,0,3,200920,0.00020539999241009355,0.05839889997150749,0.05860429996391758,235,0,9.504054098938157e-09,True,f4ec07c5bd1f4382a4a01680ded95a64c68eb941cdfcc20d9061420ea474b93b
checkerboard_c100,128,amg-pcg,count-only,0,4,200920,0.03652750002220273,0.02938469999935478,0.06591220002155751,17,0,2.270764376125674e-09,True,7171943f59625b98725d60d254ebd2d628e8cb292f0f165f54c3bafea9fd51dd
checkerboard_c100,256,cg,count-only,0,5,200920,3.00002284348011e-07,0.717982700036373,0.7179830000386573,2268,0,9.539337493402757e-09,True,3b659ef6136dc9e2825d50c9a169b3c6cc8a7974190c33e87aa52033c8d1b75b
inclusion_c100,128,cg,monitored,0,6,200920,3.00002284348011e-07,0.25483859999803826,0.2548389000003226,1957,0,9.159413513446195e-09,True,bca1848e521fc289b28a433008e24b94805651a12f1c4017f779d6e9558d0363
checkerboard_c100,64,jacobi-pcg,count-only,0,7,200920,0.00012600002810359,0.005416499974671751,0.005542500002775341,171,0,8.56726025116485e-09,True,281028f86ce07d0af18d72207fbb32d28fb188bb2ee72474df1e863e6d5cfba8
inclusion_c100,256,amg-pcg,count-only,0,8,200920,0.09925999998813495,0.09537910000653937,0.19463909999467432,12,0,4.444148283539973e-09,True,d56e2105bb348a08bd6f499b2c7f906cc33f16c8edcdd04a757001c2f233fe83
constant,64,jacobi-pcg,monitored,0,9,200920,0.0001409000251442194,0.005831699992995709,0.005972600018139929,116,0,7.1195407181813896e-09,True,4cefd67782ebd94901a29834d2df1799372919f6498b2b63ff2d006d5ec0908d
checkerboard_c100,128,cg,monitored,0,10,200920,2.00001522898674e-07,0.1594255999661982,0.1594257999677211,1050,0,9.782864464391687e-09,True,84c561769da9f6b3fdaab130911b114e0dd94d482c92774463dd3cb7d50f8696
checkerboard_c100,256,amg-pcg,count-only,0,11,200920,0.07861029997002333,0.09992510004667565,0.178535400016699,17,0,3.6716659382242307e-09,True,52c2247412dc30ec1203522005b512d543100bf9e334e45ee384ab7d47e265b2
checkerboard_c100,256,amg-pcg,monitored,0,12,200920,0.08284809999167919,0.10406220000004396,0.18691029999172315,17,0,3.6716659382242307e-09,True,52c2247412dc30ec1203522005b512d543100bf9e334e45ee384ab7d47e265b2
constant,256,jacobi-pcg,monitored,0,13,200920,0.0005235000280663371,0.2655891999602318,0.2661126999882981,466,0,9.709647334825638e-09,True,0655f7f76977876468685585c09390380dc41c1c1b734baf37c9d59b3be2140c
constant,256,jacobi-pcg,count-only,0,14,200920,0.0006331999902613461,0.15071940002962947,0.15135260001989082,466,0,9.709647334825638e-09,True,0655f7f76977876468685585c09390380dc41c1c1b734baf37c9d59b3be2140c
checkerboard_c100,256,jacobi-pcg,monitored,0,15,200920,0.0007631999906152487,0.3801936999661848,0.38095689995680004,718,0,9.718794633448405e-09,True,a99ea91fc49f801a8ee88a81f30b4addfaa884ce806b45191e88c9bc5836a2c2
constant,64,amg-pcg,count-only,0,16,200920,0.010057000035885721,0.003913699998520315,0.013970700034406036,8,0,3.343163661219634e-09,True,39342d794c40253cac5afa161f835150dce8037795522bc41b83a2e1f4e36d52
checkerboard_c100,128,cg,count-only,0,17,200920,3.00002284348011e-07,0.07920599996577948,0.07920629996806383,1050,0,9.782864464391687e-09,True,84c561769da9f6b3fdaab130911b114e0dd94d482c92774463dd3cb7d50f8696
inclusion_c100,256,jacobi-pcg,monitored,0,18,200920,0.0005033999914303422,0.30911319999722764,0.309616599988658,535,0,9.135833515243266e-09,True,90548a65052b15242b792b539d832a744f12f45b094f5506dfc824e3a27fb915
constant,64,cg,count-only,0,19,200920,3.00002284348011e-07,0.003375500033143908,0.003375800035428256,116,0,7.1195348044133394e-09,True,c0c186dd12b9986020bfdbabadf49bb40009aa5e74f132a8c9c9f99241bced47
checkerboard_c100,256,jacobi-pcg,count-only,0,20,200920,0.0006761000258848071,0.2155522999819368,0.21622840000782162,718,0,9.718794633448405e-09,True,a99ea91fc49f801a8ee88a81f30b4addfaa884ce806b45191e88c9bc5836a2c2
constant,256,amg-pcg,monitored,0,21,200920,0.07658789999550208,0.05771979998098686,0.13430769997648895,9,0,4.772606924289745e-09,True,1645b942fe9f4544e75616bc0c446d1b3a2fab2641fd30361a5ceb0afedb9cd2
inclusion_c100,128,jacobi-pcg,monitored,0,22,200920,0.00022419996093958616,0.03561030002310872,0.03583449998404831,264,0,8.907044783456688e-09,True,b929877f4855c7ceea3cc6eea70690097c5752b4dc99e52d78d1bae84d1837af
constant,256,cg,count-only,0,23,200920,4.00003045797348e-07,0.13479700003517792,0.1347974000382237,466,0,9.709840683962918e-09,True,ec32a37a5ef3edb3e782a68e65d652eb4aea84614468e37faee4431f0ccef35d
checkerboard_c100,256,cg,monitored,0,24,200920,4.00003045797348e-07,1.1391962000052445,1.1391966000082903,2268,0,9.539337493402757e-09,True,3b659ef6136dc9e2825d50c9a169b3c6cc8a7974190c33e87aa52033c8d1b75b
checkerboard_c100,128,amg-pcg,monitored,0,25,200920,0.020509199996013194,0.02613410004414618,0.046643300040159374,17,0,2.270764376125674e-09,True,7171943f59625b98725d60d254ebd2d628e8cb292f0f165f54c3bafea9fd51dd
inclusion_c100,256,jacobi-pcg,count-only,0,26,200920,0.000659500015899539,0.1598373999586329,0.16049689997453243,535,0,9.135833515243266e-09,True,90548a65052b15242b792b539d832a744f12f45b094f5506dfc824e3a27fb915
constant,64,cg,monitored,0,27,200920,5.00003807246685e-07,0.0056582000106573105,0.005658700014464557,116,0,7.1195348044133394e-09,True,c0c186dd12b9986020bfdbabadf49bb40009aa5e74f132a8c9c9f99241bced47
checkerboard_c100,64,cg,count-only,0,28,200920,3.00002284348011e-07,0.01826689997687936,0.018267199979163706,443,0,8.53720063550755e-09,True,fba70ae44f6c8c24b4b9ae68254028c5fbe06e1ed5e1ed59d41b13a368962fe4
constant,256,amg-pcg,count-only,0,29,200920,0.086843199969735,0.060856099997181445,0.14769929996691644,9,0,4.772606924289745e-09,True,1645b942fe9f4544e75616bc0c446d1b3a2fab2641fd30361a5ceb0afedb9cd2
inclusion_c100,64,jacobi-pcg,monitored,0,30,200920,0.0001433999859727919,0.006640399980824441,0.006783799966797233,129,0,8.751716809779867e-09,True,e2ee5f3552415541a37097a0624fc987623e4bba081258008cd7f2ef7baad8e7
checkerboard_c100,64,amg-pcg,count-only,0,31,200920,0.010191800014581531,0.007411200029309839,0.01760300004389137,13,0,6.7173088631903965e-09,True,2bf4d23887fcabf620ada8e8fbb43f062837f21ef5202984e395decc74c45c98
checkerboard_c100,64,amg-pcg,monitored,0,32,200920,0.008639800013042986,0.006637699960265309,0.015277499973308295,13,0,6.7173088631903965e-09,True,2bf4d23887fcabf620ada8e8fbb43f062837f21ef5202984e395decc74c45c98
inclusion_c100,128,amg-pcg,monitored,0,33,200920,0.021080799982883036,0.02126990002579987,0.04235070000868291,12,0,1.6499946137624416e-09,True,4b6b6c067d6cd4d5cf25c35f2b449086f771872c920b32e61121250060b88612
constant,128,cg,count-only,0,34,200920,2.00001522898674e-07,0.01731260004453361,0.01731280004605651,235,0,9.50409016582839e-09,True,088e7f40b2644cbdf8cb83f24a9d3bdc0757add1ef99d0b71ecd1443f5a4a39e
checkerboard_c100,64,cg,monitored,0,35,200920,2.00001522898674e-07,0.020487300003878772,0.02048750000540167,443,0,8.53720063550755e-09,True,fba70ae44f6c8c24b4b9ae68254028c5fbe06e1ed5e1ed59d41b13a368962fe4
checkerboard_c100,128,jacobi-pcg,count-only,0,36,200920,0.0001427999814040959,0.02835490001598373,0.028497699997387826,350,0,9.663798804048138e-09,True,99fecc5386a0d58835fedc8683c03fdc1ad724c021ad1f233adb7a75f329cc3c
inclusion_c100,64,amg-pcg,monitored,0,37,200920,0.006988200009800494,0.005110299971420318,0.012098499981220812,10,0,2.1847066183239094e-09,True,e69339ca47e4e74a6e6c1e8131d2b48577adef535aff8f124f4a844b754f49a3
inclusion_c100,64,jacobi-pcg,count-only,0,38,200920,4.3199979700148106e-05,0.003921299998182803,0.0039644999778829515,129,0,8.751716809779867e-09,True,e2ee5f3552415541a37097a0624fc987623e4bba081258008cd7f2ef7baad8e7
inclusion_c100,128,cg,count-only,0,39,200920,2.00001522898674e-07,0.14786989998538047,0.14787009998690337,1957,0,9.159413513446195e-09,True,bca1848e521fc289b28a433008e24b94805651a12f1c4017f779d6e9558d0363
inclusion_c100,128,jacobi-pcg,count-only,0,40,200920,0.00011989998165518045,0.02207720000296831,0.022197099984623492,264,0,8.907044783456688e-09,True,b929877f4855c7ceea3cc6eea70690097c5752b4dc99e52d78d1bae84d1837af
constant,128,amg-pcg,monitored,0,41,200920,0.021037700003944337,0.015402599994558841,0.03644029999850318,9,0,9.999037736756677e-09,True,98c399e9ece50a50181d752656f80e026952d1fe786bfa09290bee99f85b7bc1
inclusion_c100,128,amg-pcg,count-only,0,42,200920,0.02056470001116395,0.01815410004928708,0.03871880006045103,12,0,1.6499946137624416e-09,True,4b6b6c067d6cd4d5cf25c35f2b449086f771872c920b32e61121250060b88612
inclusion_c100,64,cg,count-only,0,43,200920,1.9994331523776054e-07,0.022986399999354035,0.022986599942669272,796,0,6.111489849440583e-09,True,e1f6cc44710120e03a5a7206da00b7ff88e245dc109dab1c2998ea663f7ef3af
inclusion_c100,256,amg-pcg,monitored,0,44,200920,0.0743390999850817,0.07471929996972904,0.14905839995481074,12,0,4.444148283539973e-09,True,d56e2105bb348a08bd6f499b2c7f906cc33f16c8edcdd04a757001c2f233fe83
checkerboard_c100,128,jacobi-pcg,monitored,0,45,200920,0.00031350000062957406,0.04821829998400062,0.0485317999846302,350,0,9.663798804048138e-09,True,99fecc5386a0d58835fedc8683c03fdc1ad724c021ad1f233adb7a75f329cc3c
checkerboard_c100,64,jacobi-pcg,monitored,0,46,200920,0.00012969999806955457,0.008392699994146824,0.008522399992216378,171,0,8.56726025116485e-09,True,281028f86ce07d0af18d72207fbb32d28fb188bb2ee72474df1e863e6d5cfba8
inclusion_c100,256,cg,monitored,0,47,200920,3.00002284348011e-07,2.333737700013444,2.333738000015728,4368,0,9.47474092771194e-09,True,3e314424b8fefbedee22622d84da40659140318f3b7bd1392fad611a493531f6
constant,128,cg,monitored,0,48,200920,4.00003045797348e-07,0.029586899967398494,0.029587299970444292,235,0,9.50409016582839e-09,True,088e7f40b2644cbdf8cb83f24a9d3bdc0757add1ef99d0b71ecd1443f5a4a39e
constant,64,jacobi-pcg,count-only,0,49,200920,0.00010959996143355966,0.004079699981957674,0.004189299943391234,116,0,7.1195407181813896e-09,True,4cefd67782ebd94901a29834d2df1799372919f6498b2b63ff2d006d5ec0908d
inclusion_c100,256,cg,count-only,0,50,200920,6.00004568696022e-07,1.292077500023879,1.2920781000284478,4368,0,9.47474092771194e-09,True,3e314424b8fefbedee22622d84da40659140318f3b7bd1392fad611a493531f6
constant,128,amg-pcg,count-only,0,51,200920,0.020270899985916913,0.013345399987883866,0.03361629997380078,9,0,9.999037736756677e-09,True,98c399e9ece50a50181d752656f80e026952d1fe786bfa09290bee99f85b7bc1
inclusion_c100,64,cg,monitored,0,52,200920,2.00001522898674e-07,0.03745329997036606,0.03745349997188896,796,0,6.111489849440583e-09,True,e1f6cc44710120e03a5a7206da00b7ff88e245dc109dab1c2998ea663f7ef3af
constant,64,amg-pcg,monitored,0,53,200920,0.008280900015961379,0.0045597999705933034,0.012840699986554682,8,0,3.343163661219634e-09,True,39342d794c40253cac5afa161f835150dce8037795522bc41b83a2e1f4e36d52
checkerboard_c100,128,amg-pcg,count-only,1,0,200921,0.02488059998722747,0.025772100023459643,0.05065270001068711,17,0,2.276285186126513e-09,True,b9ace8d42da3f6b938deeb8a3a1af2a1ab8b1f1b7b254ab0b0f53f64e0817c9a
inclusion_c100,64,cg,count-only,1,1,200921,5.00003807246685e-07,0.022322800010442734,0.02232330001424998,796,0,6.111489849440583e-09,True,e1f6cc44710120e03a5a7206da00b7ff88e245dc109dab1c2998ea663f7ef3af
checkerboard_c100,64,amg-pcg,monitored,1,2,200921,0.008034600003156811,0.006453200010582805,0.014487800013739616,13,0,6.712892612161523e-09,True,6be5a892c9cafaf690b78fce37a4788ec019dbfa87f9e92ea9c829868899bb77
inclusion_c100,256,jacobi-pcg,count-only,1,3,200921,0.00032029999420046806,0.16951249999692664,0.1698327999911271,535,0,9.135833515243266e-09,True,90548a65052b15242b792b539d832a744f12f45b094f5506dfc824e3a27fb915
checkerboard_c100,256,amg-pcg,count-only,1,4,200921,0.07675780000863597,0.10030709998682141,0.17706489999545738,17,0,3.669492241526567e-09,True,5073836f9d59ede0c97032e459a36f6a62433aea913f6c3cb5c8402210610b1f
inclusion_c100,128,jacobi-pcg,monitored,1,5,200921,0.00026539998361840844,0.03586559998802841,0.036130999971646816,264,0,8.907044783456688e-09,True,b929877f4855c7ceea3cc6eea70690097c5752b4dc99e52d78d1bae84d1837af
inclusion_c100,64,jacobi-pcg,count-only,1,6,200921,0.00012069998774677515,0.004020899999886751,0.004141599987633526,129,0,8.751716809779867e-09,True,e2ee5f3552415541a37097a0624fc987623e4bba081258008cd7f2ef7baad8e7
checkerboard_c100,128,cg,monitored,1,7,200921,5.00003807246685e-07,0.1412987999501638,0.14129929995397106,1050,0,9.782864464391687e-09,True,84c561769da9f6b3fdaab130911b114e0dd94d482c92774463dd3cb7d50f8696
constant,64,cg,monitored,1,8,200921,3.00002284348011e-07,0.005598600022494793,0.005598900024779141,116,0,7.1195348044133394e-09,True,c0c186dd12b9986020bfdbabadf49bb40009aa5e74f132a8c9c9f99241bced47
constant,128,amg-pcg,count-only,1,9,200921,0.02110260003246367,0.014754000003449619,0.03585660003591329,10,0,9.305872570923029e-10,True,f20dcb0db95016bc5b17d770063f68d8bc1deacbae803a6caca9d237e447b61e
checkerboard_c100,256,amg-pcg,monitored,1,10,200921,0.09776299999793991,0.1393215000280179,0.23708450002595782,17,0,3.669492241526567e-09,True,5073836f9d59ede0c97032e459a36f6a62433aea913f6c3cb5c8402210610b1f
checkerboard_c100,64,jacobi-pcg,count-only,1,11,200921,0.00011630001245066524,0.005512300005648285,0.00562860001809895,171,0,8.56726025116485e-09,True,281028f86ce07d0af18d72207fbb32d28fb188bb2ee72474df1e863e6d5cfba8
constant,64,amg-pcg,monitored,1,12,200921,0.0077328000334091485,0.005007200001273304,0.012740000034682453,8,0,3.3131073273657237e-09,True,e27a0e0728b2e720d7a66bf1d15dadb03e69c1e95addbd5d0577608f6e847741
inclusion_c100,256,jacobi-pcg,monitored,1,13,200921,0.0003320000250823796,0.2993267999845557,0.29965880000963807,535,0,9.135833515243266e-09,True,90548a65052b15242b792b539d832a744f12f45b094f5506dfc824e3a27fb915
inclusion_c100,64,amg-pcg,count-only,1,14,200921,0.008798700000625104,0.00527299998793751,0.014071699988562614,10,0,2.181450296711766e-09,True,b8a3aa706531730c82ca047e2099755d5d8bb526b73ce1c1bcebfbb61464e5c9
checkerboard_c100,256,jacobi-pcg,monitored,1,15,200921,0.00045870000030845404,0.40817920002155006,0.4086379000218585,718,0,9.718794633448405e-09,True,a99ea91fc49f801a8ee88a81f30b4addfaa884ce806b45191e88c9bc5836a2c2
constant,64,jacobi-pcg,count-only,1,16,200921,0.00012939999578520656,0.0035571999615058303,0.003686599957291037,116,0,7.1195407181813896e-09,True,4cefd67782ebd94901a29834d2df1799372919f6498b2b63ff2d006d5ec0908d
checkerboard_c100,256,cg,monitored,1,17,200921,4.00003045797348e-07,1.1681932000210509,1.1681936000240967,2268,0,9.539337493402757e-09,True,3b659ef6136dc9e2825d50c9a169b3c6cc8a7974190c33e87aa52033c8d1b75b
inclusion_c100,128,amg-pcg,count-only,1,18,200921,0.01946400001179427,0.01837930001784116,0.03784330002963543,12,0,1.6535043681102705e-09,True,31370f8803c72d402a4e53386be77de29232da4726787a7b6345329ae1712a04
constant,64,cg,count-only,1,19,200921,2.00001522898674e-07,0.0035531999892555177,0.0035533999907784164,116,0,7.1195348044133394e-09,True,c0c186dd12b9986020bfdbabadf49bb40009aa5e74f132a8c9c9f99241bced47
checkerboard_c100,256,cg,count-only,1,20,200921,2.00001522898674e-07,0.6464442000142299,0.6464444000157528,2268,0,9.539337493402757e-09,True,3b659ef6136dc9e2825d50c9a169b3c6cc8a7974190c33e87aa52033c8d1b75b
constant,256,cg,count-only,1,21,200921,4.00003045797348e-07,0.13694050000049174,0.13694090000353754,466,0,9.709840683962918e-09,True,ec32a37a5ef3edb3e782a68e65d652eb4aea84614468e37faee4431f0ccef35d
constant,128,jacobi-pcg,monitored,1,22,200921,0.0002817999920807779,0.03203640005085617,0.03231820004293695,235,0,9.504054098938157e-09,True,f4ec07c5bd1f4382a4a01680ded95a64c68eb941cdfcc20d9061420ea474b93b
checkerboard_c100,128,jacobi-pcg,count-only,1,23,200921,0.00012640003114938736,0.02843479998409748,0.028561200015246868,350,0,9.663798804048138e-09,True,99fecc5386a0d58835fedc8683c03fdc1ad724c021ad1f233adb7a75f329cc3c
inclusion_c100,64,amg-pcg,monitored,1,24,200921,0.008698799996636808,0.005039100011344999,0.013737900007981807,10,0,2.181450296711766e-09,True,b8a3aa706531730c82ca047e2099755d5d8bb526b73ce1c1bcebfbb61464e5c9
constant,64,jacobi-pcg,monitored,1,25,200921,4.6799948904663324e-05,0.00561530003324151,0.005662099982146174,116,0,7.1195407181813896e-09,True,4cefd67782ebd94901a29834d2df1799372919f6498b2b63ff2d006d5ec0908d
constant,256,jacobi-pcg,count-only,1,26,200921,0.00029550003819167614,0.1520178999635391,0.15231340000173077,466,0,9.709647334825638e-09,True,0655f7f76977876468685585c09390380dc41c1c1b734baf37c9d59b3be2140c
checkerboard_c100,64,jacobi-pcg,monitored,1,27,200921,8.890003664419055e-05,0.008293299993965775,0.008382200030609965,171,0,8.56726025116485e-09,True,281028f86ce07d0af18d72207fbb32d28fb188bb2ee72474df1e863e6d5cfba8
inclusion_c100,64,cg,monitored,1,28,200921,5.00003807246685e-07,0.03647819999605417,0.03647869999986142,796,0,6.111489849440583e-09,True,e1f6cc44710120e03a5a7206da00b7ff88e245dc109dab1c2998ea663f7ef3af
constant,256,jacobi-pcg,monitored,1,29,200921,0.0002967000473290682,0.2605061000213027,0.26080280006863177,466,0,9.709647334825638e-09,True,0655f7f76977876468685585c09390380dc41c1c1b734baf37c9d59b3be2140c
checkerboard_c100,64,cg,count-only,1,30,200921,4.00003045797348e-07,0.025859399989712983,0.02585979999275878,443,0,8.53720063550755e-09,True,fba70ae44f6c8c24b4b9ae68254028c5fbe06e1ed5e1ed59d41b13a368962fe4
checkerboard_c100,64,cg,monitored,1,31,200921,5.00003807246685e-07,0.024020800017751753,0.024021300021559,443,0,8.53720063550755e-09,True,fba70ae44f6c8c24b4b9ae68254028c5fbe06e1ed5e1ed59d41b13a368962fe4
inclusion_c100,256,cg,count-only,1,32,200921,3.00002284348011e-07,1.2041820000158623,1.2041823000181466,4368,0,9.47474092771194e-09,True,3e314424b8fefbedee22622d84da40659140318f3b7bd1392fad611a493531f6
constant,256,cg,monitored,1,33,200921,3.00002284348011e-07,0.25149550003698096,0.2514958000392653,466,0,9.709840683962918e-09,True,ec32a37a5ef3edb3e782a68e65d652eb4aea84614468e37faee4431f0ccef35d
constant,256,amg-pcg,monitored,1,34,200921,0.0776723999879323,0.056298899988178164,0.13397129997611046,9,0,4.7768843813704664e-09,True,49ae54744f61eeb32a2ddce56de4553cdc95e24a4697e2dfdafd20731e2bc25c
checkerboard_c100,128,amg-pcg,monitored,1,35,200921,0.022227999987080693,0.027437500015366822,0.049665500002447516,17,0,2.276285186126513e-09,True,b9ace8d42da3f6b938deeb8a3a1af2a1ab8b1f1b7b254ab0b0f53f64e0817c9a
checkerboard_c100,256,jacobi-pcg,count-only,1,36,200921,0.0004779000300914049,0.22281379997730255,0.22329170000739396,718,0,9.718794633448405e-09,True,a99ea91fc49f801a8ee88a81f30b4addfaa884ce806b45191e88c9bc5836a2c2
inclusion_c100,256,amg-pcg,count-only,1,37,200921,0.08021290000760928,0.07191769999917597,0.15213060000678524,12,0,4.4407963946867694e-09,True,e6bf600b224ed612bc72c9afef0f1b1dfb7804801e0a79f7edd56de3e323f3fc
constant,128,cg,count-only,1,38,200921,3.00002284348011e-07,0.017357299977447838,0.017357599979732186,235,0,9.50409016582839e-09,True,088e7f40b2644cbdf8cb83f24a9d3bdc0757add1ef99d0b71ecd1443f5a4a39e
checkerboard_c100,128,cg,count-only,1,39,200921,3.00002284348011e-07,0.08161970000946894,0.08162000001175329,1050,0,9.782864464391687e-09,True,84c561769da9f6b3fdaab130911b114e0dd94d482c92774463dd3cb7d50f8696
constant,128,cg,monitored,1,40,200921,3.00002284348011e-07,0.030721599992830306,0.030721899995114654,235,0,9.50409016582839e-09,True,088e7f40b2644cbdf8cb83f24a9d3bdc0757add1ef99d0b71ecd1443f5a4a39e
checkerboard_c100,128,jacobi-pcg,monitored,1,41,200921,0.00015050004003569484,0.04795340000418946,0.048103900044225156,350,0,9.663798804048138e-09,True,99fecc5386a0d58835fedc8683c03fdc1ad724c021ad1f233adb7a75f329cc3c
checkerboard_c100,64,amg-pcg,count-only,1,42,200921,0.007459200045559555,0.006232399959117174,0.01369160000467673,13,0,6.712892612161523e-09,True,6be5a892c9cafaf690b78fce37a4788ec019dbfa87f9e92ea9c829868899bb77
constant,256,amg-pcg,count-only,1,43,200921,0.0843680000398308,0.054066000040620565,0.13843400008045137,9,0,4.7768843813704664e-09,True,49ae54744f61eeb32a2ddce56de4553cdc95e24a4697e2dfdafd20731e2bc25c
inclusion_c100,128,cg,monitored,1,44,200921,3.00002284348011e-07,0.25977840000996366,0.259778700012248,1957,0,9.159413513446195e-09,True,bca1848e521fc289b28a433008e24b94805651a12f1c4017f779d6e9558d0363
constant,128,amg-pcg,monitored,1,45,200921,0.021597999962978065,0.015727600024547428,0.03732559998752549,10,0,9.305872570923029e-10,True,f20dcb0db95016bc5b17d770063f68d8bc1deacbae803a6caca9d237e447b61e
inclusion_c100,128,jacobi-pcg,count-only,1,46,200921,0.00019160000374540687,0.02121380000608042,0.021405400009825826,264,0,8.907044783456688e-09,True,b929877f4855c7ceea3cc6eea70690097c5752b4dc99e52d78d1bae84d1837af
inclusion_c100,256,amg-pcg,monitored,1,47,200921,0.08068150002509356,0.07262160000391304,0.1533031000290066,12,0,4.4407963946867694e-09,True,e6bf600b224ed612bc72c9afef0f1b1dfb7804801e0a79f7edd56de3e323f3fc
inclusion_c100,64,jacobi-pcg,monitored,1,48,200921,0.00011859997175633907,0.006357400037813932,0.006476000009570271,129,0,8.751716809779867e-09,True,e2ee5f3552415541a37097a0624fc987623e4bba081258008cd7f2ef7baad8e7
inclusion_c100,256,cg,monitored,1,49,200921,2.00001522898674e-07,2.229894599993713,2.229894799995236,4368,0,9.47474092771194e-09,True,3e314424b8fefbedee22622d84da40659140318f3b7bd1392fad611a493531f6
inclusion_c100,128,amg-pcg,monitored,1,50,200921,0.02010980003979057,0.01829490001546219,0.03840470005525276,12,0,1.6535043681102705e-09,True,31370f8803c72d402a4e53386be77de29232da4726787a7b6345329ae1712a04
constant,64,amg-pcg,count-only,1,51,200921,0.008076499972958118,0.003913099993951619,0.011989599966909736,8,0,3.3131073273657237e-09,True,e27a0e0728b2e720d7a66bf1d15dadb03e69c1e95addbd5d0577608f6e847741
inclusion_c100,128,cg,count-only,1,52,200921,2.00001522898674e-07,0.14792279998073354,0.14792299998225644,1957,0,9.159413513446195e-09,True,bca1848e521fc289b28a433008e24b94805651a12f1c4017f779d6e9558d0363
constant,128,jacobi-pcg,count-only,1,53,200921,0.00013080000644549727,0.018863400036934763,0.01899420004338026,235,0,9.504054098938157e-09,True,f4ec07c5bd1f4382a4a01680ded95a64c68eb941cdfcc20d9061420ea474b93b
inclusion_c100,64,amg-pcg,monitored,2,0,200922,0.007285400002729148,0.005524699983652681,0.012810099986381829,10,0,2.1869989495386992e-09,True,ca1a15911f81c7c5c6f5130ad2ea3e40af98960e8acc8f1e672a87a5d56c0d05
inclusion_c100,128,amg-pcg,monitored,2,1,200922,0.020651500031817704,0.018473699979949743,0.03912520001176745,12,0,1.6522458736938867e-09,True,7c04665529ae47c7cb1e8ac0bd996ea0041719d437ee69685f43ef250e1bc900
constant,256,jacobi-pcg,monitored,2,2,200922,0.0005908999592065811,0.2614719000412151,0.2620628000004217,466,0,9.709647334825638e-09,True,0655f7f76977876468685585c09390380dc41c1c1b734baf37c9d59b3be2140c
checkerboard_c100,256,amg-pcg,monitored,2,3,200922,0.08590280002681538,0.10640510002849624,0.19230790005531162,17,0,3.6692706561934e-09,True,6bc5b20bde5040e0b7f88b14eb03cc26f8771ed5d643fbb39a8a0a69d8408105
inclusion_c100,64,cg,count-only,2,4,200922,2.00001522898674e-07,0.02281390002463013,0.022814100026153028,796,0,6.111489849440583e-09,True,e1f6cc44710120e03a5a7206da00b7ff88e245dc109dab1c2998ea663f7ef3af
inclusion_c100,128,jacobi-pcg,monitored,2,5,200922,0.0002280999906361103,0.03768180002225563,0.03790990001289174,264,0,8.907044783456688e-09,True,b929877f4855c7ceea3cc6eea70690097c5752b4dc99e52d78d1bae84d1837af
constant,256,amg-pcg,monitored,2,6,200922,0.07664850004948676,0.05457300000125542,0.13122150005074218,9,0,4.731149666559529e-09,True,b811e71b34239237de6e6eb1c703c40d2a105b5edbec2fedb5d424159f731c1b
inclusion_c100,128,amg-pcg,count-only,2,7,200922,0.021816099993884563,0.017827400006353855,0.03964350000023842,12,0,1.6522458736938867e-09,True,7c04665529ae47c7cb1e8ac0bd996ea0041719d437ee69685f43ef250e1bc900
inclusion_c100,64,jacobi-pcg,monitored,2,8,200922,0.00011900003300979733,0.006323100009467453,0.00644210004247725,129,0,8.751716809779867e-09,True,e2ee5f3552415541a37097a0624fc987623e4bba081258008cd7f2ef7baad8e7
checkerboard_c100,256,jacobi-pcg,count-only,2,9,200922,0.0006812000065110624,0.2236348000005819,0.22431600000709295,718,0,9.718794633448405e-09,True,a99ea91fc49f801a8ee88a81f30b4addfaa884ce806b45191e88c9bc5836a2c2
checkerboard_c100,128,jacobi-pcg,monitored,2,10,200922,0.00022069999249652028,0.04735349997645244,0.04757419996894896,350,0,9.663798804048138e-09,True,99fecc5386a0d58835fedc8683c03fdc1ad724c021ad1f233adb7a75f329cc3c
checkerboard_c100,64,amg-pcg,monitored,2,11,200922,0.007409899961203337,0.006470700027421117,0.013880599988624454,13,0,6.724059581078889e-09,True,9cd5c19e0c716c09ec7e3b2373f2e4ce054f4b1325ca0d23c64aba58144ad052
constant,64,cg,count-only,2,12,200922,2.9994407668709755e-07,0.0035142000415362418,0.003514499985612929,116,0,7.1195348044133394e-09,True,c0c186dd12b9986020bfdbabadf49bb40009aa5e74f132a8c9c9f99241bced47
inclusion_c100,256,amg-pcg,monitored,2,13,200922,0.08224059996427968,0.07398470002226532,0.156225299986545,12,0,4.35930910530001e-09,True,7f6af9c639f58c626d64aeb78d76d223a2693fcd8f0ad71d94e8d0a99201b6bb
constant,64,jacobi-pcg,count-only,2,14,200922,0.00012149999383836985,0.0035865000099875033,0.003708000003825873,116,0,7.1195407181813896e-09,True,4cefd67782ebd94901a29834d2df1799372919f6498b2b63ff2d006d5ec0908d
constant,128,cg,monitored,2,15,200922,2.9994407668709755e-07,0.03995640005450696,0.039956699998583645,235,0,9.50409016582839e-09,True,088e7f40b2644cbdf8cb83f24a9d3bdc0757add1ef99d0b71ecd1443f5a4a39e
constant,128,jacobi-pcg,monitored,2,16,200922,0.00021319999359548092,0.03599840000970289,0.03621160000329837,235,0,9.504054098938157e-09,True,f4ec07c5bd1f4382a4a01680ded95a64c68eb941cdfcc20d9061420ea474b93b
checkerboard_c100,128,cg,count-only,2,17,200922,3.00002284348011e-07,0.0811466000159271,0.08114690001821145,1050,0,9.782864464391687e-09,True,84c561769da9f6b3fdaab130911b114e0dd94d482c92774463dd3cb7d50f8696
inclusion_c100,256,jacobi-pcg,monitored,2,18,200922,0.0006692000315524638,0.2888694999855943,0.28953870001714677,535,0,9.135833515243266e-09,True,90548a65052b15242b792b539d832a744f12f45b094f5506dfc824e3a27fb915
constant,256,jacobi-pcg,count-only,2,19,200922,0.0005041999975219369,0.14851619995897636,0.1490203999564983,466,0,9.709647334825638e-09,True,0655f7f76977876468685585c09390380dc41c1c1b734baf37c9d59b3be2140c
checkerboard_c100,128,amg-pcg,monitored,2,20,200922,0.021381599945016205,0.026088999991770834,0.04747059993678704,17,0,2.2736870528557498e-09,True,2217edfe5ffe96d826ae851fc4f99b67ed1a465424b770d30180f6b7c8439d03
constant,64,amg-pcg,monitored,2,21,200922,0.008989099995233119,0.0043070000247098505,0.013296100019942969,8,0,3.329374688772828e-09,True,445a025ca2312f35c75a0a59d3ebfe576154e6b39b4fbbbc8120056755cffe25
inclusion_c100,128,jacobi-pcg,count-only,2,22,200922,0.00010850001126527786,0.023646699963137507,0.023755199974402785,264,0,8.907044783456688e-09,True,b929877f4855c7ceea3cc6eea70690097c5752b4dc99e52d78d1bae84d1837af
checkerboard_c100,256,jacobi-pcg,monitored,2,23,200922,0.00043710001045838,0.37354339996818453,0.3739804999786429,718,0,9.718794633448405e-09,True,a99ea91fc49f801a8ee88a81f30b4addfaa884ce806b45191e88c9bc5836a2c2
inclusion_c100,128,cg,monitored,2,24,200922,4.00003045797348e-07,0.2506442000158131,0.2506446000188589,1957,0,9.159413513446195e-09,True,bca1848e521fc289b28a433008e24b94805651a12f1c4017f779d6e9558d0363
inclusion_c100,64,jacobi-pcg,count-only,2,25,200922,0.00011329998960718513,0.003937500005122274,0.004050799994729459,129,0,8.751716809779867e-09,True,e2ee5f3552415541a37097a0624fc987623e4bba081258008cd7f2ef7baad8e7
checkerboard_c100,256,cg,count-only,2,26,200922,3.00002284348011e-07,0.6389253999805078,0.6389256999827921,2268,0,9.539337493402757e-09,True,3b659ef6136dc9e2825d50c9a169b3c6cc8a7974190c33e87aa52033c8d1b75b
inclusion_c100,256,amg-pcg,count-only,2,27,200922,0.08389720000559464,0.06843980000121519,0.15233700000680983,12,0,4.35930910530001e-09,True,7f6af9c639f58c626d64aeb78d76d223a2693fcd8f0ad71d94e8d0a99201b6bb
inclusion_c100,256,cg,monitored,2,28,200922,3.00002284348011e-07,2.2819675999926403,2.2819678999949247,4368,0,9.47474092771194e-09,True,3e314424b8fefbedee22622d84da40659140318f3b7bd1392fad611a493531f6
constant,128,amg-pcg,monitored,2,29,200922,0.02347719995304942,0.016040400019846857,0.03951759997289628,10,0,9.192325533631857e-10,True,89e6fb34daa5563372b7062afa84a73a6461461ee3053c5f617e9e780c20f9ab
inclusion_c100,256,cg,count-only,2,30,200922,3.00002284348011e-07,1.2380847999593243,1.2380850999616086,4368,0,9.47474092771194e-09,True,3e314424b8fefbedee22622d84da40659140318f3b7bd1392fad611a493531f6
checkerboard_c100,256,cg,monitored,2,31,200922,3.00002284348011e-07,1.2543716999934986,1.254371999995783,2268,0,9.539337493402757e-09,True,3b659ef6136dc9e2825d50c9a169b3c6cc8a7974190c33e87aa52033c8d1b75b
checkerboard_c100,64,cg,monitored,2,32,200922,3.00002284348011e-07,0.021555199986323714,0.021555499988608062,443,0,8.53720063550755e-09,True,fba70ae44f6c8c24b4b9ae68254028c5fbe06e1ed5e1ed59d41b13a368962fe4
checkerboard_c100,128,jacobi-pcg,count-only,2,33,200922,0.00026210001669824123,0.02866289997473359,0.028924999991431832,350,0,9.663798804048138e-09,True,99fecc5386a0d58835fedc8683c03fdc1ad724c021ad1f233adb7a75f329cc3c
constant,256,cg,count-only,2,34,200922,2.9994407668709755e-07,0.13532980001764372,0.1353300999617204,466,0,9.709840683962918e-09,True,ec32a37a5ef3edb3e782a68e65d652eb4aea84614468e37faee4431f0ccef35d
inclusion_c100,64,cg,monitored,2,35,200922,3.00002284348011e-07,0.03708489995915443,0.037085199961438775,796,0,6.111489849440583e-09,True,e1f6cc44710120e03a5a7206da00b7ff88e245dc109dab1c2998ea663f7ef3af
constant,128,amg-pcg,count-only,2,36,200922,0.023227799974847585,0.01547079998999834,0.038698599964845926,10,0,9.192325533631857e-10,True,89e6fb34daa5563372b7062afa84a73a6461461ee3053c5f617e9e780c20f9ab
inclusion_c100,128,cg,count-only,2,37,200922,2.00001522898674e-07,0.15200160001404583,0.15200180001556873,1957,0,9.159413513446195e-09,True,bca1848e521fc289b28a433008e24b94805651a12f1c4017f779d6e9558d0363
checkerboard_c100,128,amg-pcg,count-only,2,38,200922,0.022313399997074157,0.02514270000392571,0.04745610000099987,17,0,2.2736870528557498e-09,True,2217edfe5ffe96d826ae851fc4f99b67ed1a465424b770d30180f6b7c8439d03
constant,256,amg-pcg,count-only,2,39,200922,0.082493300025817,0.06168370001250878,0.1441770000383258,9,0,4.731149666559529e-09,True,b811e71b34239237de6e6eb1c703c40d2a105b5edbec2fedb5d424159f731c1b
inclusion_c100,64,amg-pcg,count-only,2,40,200922,0.008142200007569045,0.004983299993909895,0.01312550000147894,10,0,2.1869989495386992e-09,True,ca1a15911f81c7c5c6f5130ad2ea3e40af98960e8acc8f1e672a87a5d56c0d05
constant,64,cg,monitored,2,41,200922,3.00002284348011e-07,0.005533100047614425,0.005533400049898773,116,0,7.1195348044133394e-09,True,c0c186dd12b9986020bfdbabadf49bb40009aa5e74f132a8c9c9f99241bced47
constant,128,cg,count-only,2,42,200922,4.00003045797348e-07,0.01910649996716529,0.01910689997021109,235,0,9.50409016582839e-09,True,088e7f40b2644cbdf8cb83f24a9d3bdc0757add1ef99d0b71ecd1443f5a4a39e
checkerboard_c100,64,amg-pcg,count-only,2,43,200922,0.007858299999497831,0.006704100000206381,0.014562399999704212,13,0,6.724059581078889e-09,True,9cd5c19e0c716c09ec7e3b2373f2e4ce054f4b1325ca0d23c64aba58144ad052
constant,64,amg-pcg,count-only,2,44,200922,0.008474400034174323,0.004093199968338013,0.012567600002512336,8,0,3.329374688772828e-09,True,445a025ca2312f35c75a0a59d3ebfe576154e6b39b4fbbbc8120056755cffe25
inclusion_c100,256,jacobi-pcg,count-only,2,45,200922,0.000534999999217689,0.17470900004263967,0.17524400004185736,535,0,9.135833515243266e-09,True,90548a65052b15242b792b539d832a744f12f45b094f5506dfc824e3a27fb915
checkerboard_c100,64,jacobi-pcg,count-only,2,46,200922,0.00012640003114938736,0.005599699972663075,0.005726100003812462,171,0,8.56726025116485e-09,True,281028f86ce07d0af18d72207fbb32d28fb188bb2ee72474df1e863e6d5cfba8
checkerboard_c100,64,jacobi-pcg,monitored,2,47,200922,6.900000153109431e-05,0.00867930002277717,0.008748300024308264,171,0,8.56726025116485e-09,True,281028f86ce07d0af18d72207fbb32d28fb188bb2ee72474df1e863e6d5cfba8
constant,128,jacobi-pcg,count-only,2,48,200922,0.0002313999575562775,0.019058600009884685,0.019289999967440963,235,0,9.504054098938157e-09,True,f4ec07c5bd1f4382a4a01680ded95a64c68eb941cdfcc20d9061420ea474b93b
checkerboard_c100,256,amg-pcg,count-only,2,49,200922,0.08275120001053438,0.09748659998876974,0.18023779999930412,17,0,3.6692706561934e-09,True,6bc5b20bde5040e0b7f88b14eb03cc26f8771ed5d643fbb39a8a0a69d8408105
checkerboard_c100,128,cg,monitored,2,50,200922,3.00002284348011e-07,0.1387002000119537,0.13870050001423806,1050,0,9.782864464391687e-09,True,84c561769da9f6b3fdaab130911b114e0dd94d482c92774463dd3cb7d50f8696
checkerboard_c100,64,cg,count-only,2,51,200922,3.00002284348011e-07,0.012730400019790977,0.012730700022075325,443,0,8.53720063550755e-09,True,fba70ae44f6c8c24b4b9ae68254028c5fbe06e1ed5e1ed59d41b13a368962fe4
constant,256,cg,monitored,2,52,200922,3.00002284348011e-07,0.2467598000075668,0.24676010000985116,466,0,9.709840683962918e-09,True,ec32a37a5ef3edb3e782a68e65d652eb4aea84614468e37faee4431f0ccef35d
constant,64,jacobi-pcg,monitored,2,53,200922,0.0001107999705709517,0.0058169999974779785,0.00592779996804893,116,0,7.1195407181813896e-09,True,4cefd67782ebd94901a29834d2df1799372919f6498b2b63ff2d006d5ec0908d
checkerboard_c100,256,amg-pcg,count-only,3,0,200923,0.07455229997867718,0.0975040000048466,0.17205629998352379,17,0,3.6647078139340026e-09,True,846050ffac7dcdf2b73c62f631c0cbb5b5f48bc61ff02b951eff983db6e19359
checkerboard_c100,64,jacobi-pcg,count-only,3,1,200923,0.00012779998360201716,0.00525819999165833,0.005385999975260347,171,0,8.56726025116485e-09,True,281028f86ce07d0af18d72207fbb32d28fb188bb2ee72474df1e863e6d5cfba8
checkerboard_c100,128,amg-pcg,count-only,3,2,200923,0.021402299986220896,0.027239800023380667,0.04864210000960156,17,0,2.270845505999134e-09,True,9e274efb70e78716ab00b29b8a82f869bc4a8e078183f45d8e23aa50cb72b791
checkerboard_c100,256,jacobi-pcg,monitored,3,3,200923,0.0005915999645367265,0.377742099983152,0.37833369994768873,718,0,9.718794633448405e-09,True,a99ea91fc49f801a8ee88a81f30b4addfaa884ce806b45191e88c9bc5836a2c2
inclusion_c100,64,cg,monitored,3,4,200923,2.00001522898674e-07,0.037326999998185784,0.03732719999970868,796,0,6.111489849440583e-09,True,e1f6cc44710120e03a5a7206da00b7ff88e245dc109dab1c2998ea663f7ef3af
constant,64,cg,count-only,3,5,200923,7.00005330145359e-07,0.003346499986946583,0.003347199992276728,116,0,7.1195348044133394e-09,True,c0c186dd12b9986020bfdbabadf49bb40009aa5e74f132a8c9c9f99241bced47
checkerboard_c100,64,amg-pcg,count-only,3,6,200923,0.008247500052675605,0.006162600009702146,0.014410100062377751,13,0,6.718946958719357e-09,True,6d93012ebe4528188c6889baa0e987dad929825192c41cee4e7851717a8bb209
checkerboard_c100,256,amg-pcg,monitored,3,7,200923,0.0855285000288859,0.10356519999913871,0.1890937000280246,17,0,3.6647078139340026e-09,True,846050ffac7dcdf2b73c62f631c0cbb5b5f48bc61ff02b951eff983db6e19359
inclusion_c100,256,amg-pcg,count-only,3,8,200923,0.08606489998055622,0.06874939997214824,0.15481429995270446,12,0,4.445828744754539e-09,True,128a62fc63ba9cf5c869f1b46b6a30c25d35b2e0310b610487c0e2505ebd61e6
checkerboard_c100,64,jacobi-pcg,monitored,3,9,200923,0.00011639995500445366,0.008370499999728054,0.008486899954732507,171,0,8.56726025116485e-09,True,281028f86ce07d0af18d72207fbb32d28fb188bb2ee72474df1e863e6d5cfba8
inclusion_c100,128,jacobi-pcg,monitored,3,10,200923,0.00022149999858811498,0.03805749997263774,0.03827899997122586,264,0,8.907044783456688e-09,True,b929877f4855c7ceea3cc6eea70690097c5752b4dc99e52d78d1bae84d1837af
constant,64,amg-pcg,monitored,3,11,200923,0.008217299997340888,0.004166400001849979,0.012383699999190867,8,0,3.3321637138465776e-09,True,16882a33df33a1c947324ff246f0102f2cd8ba71f02832b252c9697f04d28ea3
inclusion_c100,256,amg-pcg,monitored,3,12,200923,0.07999130000825971,0.07114810001803562,0.15113940002629533,12,0,4.445828744754539e-09,True,128a62fc63ba9cf5c869f1b46b6a30c25d35b2e0310b610487c0e2505ebd61e6
inclusion_c100,64,jacobi-pcg,monitored,3,13,200923,0.00012589996913447976,0.0063952000346034765,0.006521100003737956,129,0,8.751716809779867e-09,True,e2ee5f3552415541a37097a0624fc987623e4bba081258008cd7f2ef7baad8e7
inclusion_c100,256,jacobi-pcg,monitored,3,14,200923,0.0004841000190936029,0.3009546999819577,0.3014388000010513,535,0,9.135833515243266e-09,True,90548a65052b15242b792b539d832a744f12f45b094f5506dfc824e3a27fb915
constant,256,cg,monitored,3,15,200923,3.00002284348011e-07,0.2549870000220835,0.25498730002436787,466,0,9.709840683962918e-09,True,ec32a37a5ef3edb3e782a68e65d652eb4aea84614468e37faee4431f0ccef35d
inclusion_c100,64,jacobi-pcg,count-only,3,16,200923,0.0001278999843634665,0.003992700017988682,0.004120600002352148,129,0,8.751716809779867e-09,True,e2ee5f3552415541a37097a0624fc987623e4bba081258008cd7f2ef7baad8e7
inclusion_c100,256,cg,monitored,3,17,200923,5.00003807246685e-07,2.2612966999877244,2.2612971999915317,4368,0,9.47474092771194e-09,True,3e314424b8fefbedee22622d84da40659140318f3b7bd1392fad611a493531f6
checkerboard_c100,256,cg,count-only,3,18,200923,3.00002284348011e-07,0.6230767000233755,0.6230770000256598,2268,0,9.539337493402757e-09,True,3b659ef6136dc9e2825d50c9a169b3c6cc8a7974190c33e87aa52033c8d1b75b
inclusion_c100,256,cg,count-only,3,19,200923,3.00002284348011e-07,1.3310854000155814,1.3310857000178657,4368,0,9.47474092771194e-09,True,3e314424b8fefbedee22622d84da40659140318f3b7bd1392fad611a493531f6
constant,128,jacobi-pcg,monitored,3,20,200923,0.00026510003954172134,0.034743600001093,0.03500870004063472,235,0,9.504054098938157e-09,True,f4ec07c5bd1f4382a4a01680ded95a64c68eb941cdfcc20d9061420ea474b93b
inclusion_c100,64,amg-pcg,count-only,3,21,200923,0.007571499969344586,0.004832900012843311,0.012404399982187897,10,0,2.1901887492638025e-09,True,6ce3841d952f7044fe1ed4e6fb1fca673e08da56da9f6fbc71b0f6f17130528c
constant,64,cg,monitored,3,22,200923,2.00001522898674e-07,0.0055751000181771815,0.00557530001970008,116,0,7.1195348044133394e-09,True,c0c186dd12b9986020bfdbabadf49bb40009aa5e74f132a8c9c9f99241bced47
inclusion_c100,128,cg,count-only,3,23,200923,3.00002284348011e-07,0.15555790002690628,0.15555820002919063,1957,0,9.159413513446195e-09,True,bca1848e521fc289b28a433008e24b94805651a12f1c4017f779d6e9558d0363
constant,64,amg-pcg,count-only,3,24,200923,0.007640699972398579,0.00397070002509281,0.01161139999749139,8,0,3.3321637138465776e-09,True,16882a33df33a1c947324ff246f0102f2cd8ba71f02832b252c9697f04d28ea3
checkerboard_c100,128,jacobi-pcg,monitored,3,25,200923,0.0001037000329233706,0.05256529996404424,0.052668999996967614,350,0,9.663798804048138e-09,True,99fecc5386a0d58835fedc8683c03fdc1ad724c021ad1f233adb7a75f329cc3c
constant,64,jacobi-pcg,monitored,3,26,200923,9.169999975711107e-05,0.005704600014723837,0.0057963000144809484,116,0,7.1195407181813896e-09,True,4cefd67782ebd94901a29834d2df1799372919f6498b2b63ff2d006d5ec0908d
checkerboard_c100,256,cg,monitored,3,27,200923,3.00002284348011e-07,1.3552775999996811,1.3552779000019655,2268,0,9.539337493402757e-09,True,3b659ef6136dc9e2825d50c9a169b3c6cc8a7974190c33e87aa52033c8d1b75b
constant,128,amg-pcg,count-only,3,28,200923,0.029727999994065613,0.017734199995175004,0.04746219998924062,10,0,9.240381127678951e-10,True,e7a7a5ebb2740a9d601ff716be13ede56d858657d6f1fe5d7fc8fe8ad38119fc
checkerboard_c100,128,cg,count-only,3,29,200923,5.00003807246685e-07,0.08982519997516647,0.08982569997897372,1050,0,9.782864464391687e-09,True,84c561769da9f6b3fdaab130911b114e0dd94d482c92774463dd3cb7d50f8696
inclusion_c100,64,cg,count-only,3,30,200923,3.00002284348011e-07,0.02291290002176538,0.02291320002404973,796,0,6.111489849440583e-09,True,e1f6cc44710120e03a5a7206da00b7ff88e245dc109dab1c2998ea663f7ef3af
checkerboard_c100,64,cg,monitored,3,31,200923,5.00003807246685e-07,0.021220299997366965,0.02122080000117421,443,0,8.53720063550755e-09,True,fba70ae44f6c8c24b4b9ae68254028c5fbe06e1ed5e1ed59d41b13a368962fe4
inclusion_c100,128,jacobi-pcg,count-only,3,32,200923,0.00015279999934136868,0.022119600034784526,0.022272400034125894,264,0,8.907044783456688e-09,True,b929877f4855c7ceea3cc6eea70690097c5752b4dc99e52d78d1bae84d1837af
checkerboard_c100,128,cg,monitored,3,33,200923,3.00002284348011e-07,0.1460351999849081,0.14603549998719245,1050,0,9.782864464391687e-09,True,84c561769da9f6b3fdaab130911b114e0dd94d482c92774463dd3cb7d50f8696
constant,128,amg-pcg,monitored,3,34,200923,0.022064399963710457,0.0163394000264816,0.038403799990192056,10,0,9.240381127678951e-10,True,e7a7a5ebb2740a9d601ff716be13ede56d858657d6f1fe5d7fc8fe8ad38119fc
constant,256,jacobi-pcg,count-only,3,35,200923,0.0005658000009134412,0.16772050003055483,0.16828630003146827,466,0,9.709647334825638e-09,True,0655f7f76977876468685585c09390380dc41c1c1b734baf37c9d59b3be2140c
constant,64,jacobi-pcg,count-only,3,36,200923,0.00012420001439750195,0.003614199988078326,0.003738400002475828,116,0,7.1195407181813896e-09,True,4cefd67782ebd94901a29834d2df1799372919f6498b2b63ff2d006d5ec0908d
inclusion_c100,128,cg,monitored,3,37,200923,4.00003045797348e-07,0.26792770001338795,0.26792810001643375,1957,0,9.159413513446195e-09,True,bca1848e521fc289b28a433008e24b94805651a12f1c4017f779d6e9558d0363
inclusion_c100,256,jacobi-pcg,count-only,3,38,200923,0.0007513000164180994,0.1882746999617666,0.1890259999781847,535,0,9.135833515243266e-09,True,90548a65052b15242b792b539d832a744f12f45b094f5506dfc824e3a27fb915
constant,256,amg-pcg,count-only,3,39,200923,0.08358550001867115,0.055766599951311946,0.1393520999699831,9,0,4.763698576471109e-09,True,cc50f7b150d0c93235c61c9f60e35b76de0e2488fe0348d288654e59a4e71be2
checkerboard_c100,128,amg-pcg,monitored,3,40,200923,0.028076099988538772,0.03478530002757907,0.06286140001611784,17,0,2.270845505999134e-09,True,9e274efb70e78716ab00b29b8a82f869bc4a8e078183f45d8e23aa50cb72b791
constant,128,jacobi-pcg,count-only,3,41,200923,0.0002416999777778983,0.02161049999995157,0.02185219997772947,235,0,9.504054098938157e-09,True,f4ec07c5bd1f4382a4a01680ded95a64c68eb941cdfcc20d9061420ea474b93b
inclusion_c100,128,amg-pcg,count-only,3,42,200923,0.021445300022605807,0.018465999979525805,0.03991130000213161,12,0,1.6531826799321117e-09,True,1d04ba75e7e1fa3ce4f35aa16d5ded17c2bd74e74592457d06fe70874988fb2a
checkerboard_c100,64,cg,count-only,3,43,200923,4.00003045797348e-07,0.012901999987661839,0.012902399990707636,443,0,8.53720063550755e-09,True,fba70ae44f6c8c24b4b9ae68254028c5fbe06e1ed5e1ed59d41b13a368962fe4
checkerboard_c100,128,jacobi-pcg,count-only,3,44,200923,0.00024719996144995093,0.02940410003066063,0.02965129999211058,350,0,9.663798804048138e-09,True,99fecc5386a0d58835fedc8683c03fdc1ad724c021ad1f233adb7a75f329cc3c
checkerboard_c100,64,amg-pcg,monitored,3,45,200923,0.008730500005185604,0.006594200036488473,0.015324700041674078,13,0,6.718946958719357e-09,True,6d93012ebe4528188c6889baa0e987dad929825192c41cee4e7851717a8bb209
constant,128,cg,count-only,3,46,200923,2.00001522898674e-07,0.020867299987003207,0.020867499988526106,235,0,9.50409016582839e-09,True,088e7f40b2644cbdf8cb83f24a9d3bdc0757add1ef99d0b71ecd1443f5a4a39e
inclusion_c100,128,amg-pcg,monitored,3,47,200923,0.020632300002034754,0.01902250002603978,0.03965480002807453,12,0,1.6531826799321117e-09,True,1d04ba75e7e1fa3ce4f35aa16d5ded17c2bd74e74592457d06fe70874988fb2a
constant,256,cg,count-only,3,48,200923,1.9994331523776054e-07,0.15169920003972948,0.1516993999830447,466,0,9.709840683962918e-09,True,ec32a37a5ef3edb3e782a68e65d652eb4aea84614468e37faee4431f0ccef35d
constant,256,amg-pcg,monitored,3,49,200923,0.08594679995439947,0.05638279998674989,0.14232959994114935,9,0,4.763698576471109e-09,True,cc50f7b150d0c93235c61c9f60e35b76de0e2488fe0348d288654e59a4e71be2
constant,256,jacobi-pcg,monitored,3,50,200923,0.00046500004827976227,0.32375510002020746,0.3242201000684872,466,0,9.709647334825638e-09,True,0655f7f76977876468685585c09390380dc41c1c1b734baf37c9d59b3be2140c
checkerboard_c100,256,jacobi-pcg,count-only,3,51,200923,0.001177600002847612,0.26076109998393804,0.26193869998678565,718,0,9.718794633448405e-09,True,a99ea91fc49f801a8ee88a81f30b4addfaa884ce806b45191e88c9bc5836a2c2
constant,128,cg,monitored,3,52,200923,3.9994483813643456e-07,0.033012600033544004,0.03301299997838214,235,0,9.50409016582839e-09,True,088e7f40b2644cbdf8cb83f24a9d3bdc0757add1ef99d0b71ecd1443f5a4a39e
inclusion_c100,64,amg-pcg,monitored,3,53,200923,0.010153900017030537,0.0054021000396460295,0.015556000056676567,10,0,2.1901887492638025e-09,True,6ce3841d952f7044fe1ed4e6fb1fca673e08da56da9f6fbc71b0f6f17130528c
inclusion_c100,64,cg,count-only,4,0,200924,2.00001522898674e-07,0.02383749996079132,0.02383769996231422,796,0,6.111489849440583e-09,True,e1f6cc44710120e03a5a7206da00b7ff88e245dc109dab1c2998ea663f7ef3af
checkerboard_c100,64,amg-pcg,count-only,4,1,200924,0.007441400026436895,0.006248599966056645,0.01368999999249354,13,0,6.720252493554247e-09,True,2ea8c6a9bc61310ada83e433198f9c90f0a42c1c66556e84b48a7e7f46011e82
checkerboard_c100,128,cg,monitored,4,2,200924,3.00002284348011e-07,0.1441124000120908,0.14411270001437515,1050,0,9.782864464391687e-09,True,84c561769da9f6b3fdaab130911b114e0dd94d482c92774463dd3cb7d50f8696
constant,128,jacobi-pcg,count-only,4,3,200924,0.0001501000369898975,0.019907899957615882,0.02005799999460578,235,0,9.504054098938157e-09,True,f4ec07c5bd1f4382a4a01680ded95a64c68eb941cdfcc20d9061420ea474b93b
checkerboard_c100,128,cg,count-only,4,4,200924,3.00002284348011e-07,0.0834801000310108,0.08348040003329515,1050,0,9.782864464391687e-09,True,84c561769da9f6b3fdaab130911b114e0dd94d482c92774463dd3cb7d50f8696
constant,64,jacobi-pcg,monitored,4,5,200924,0.00010229996405541897,0.00580800004536286,0.005910300009418279,116,0,7.1195407181813896e-09,True,4cefd67782ebd94901a29834d2df1799372919f6498b2b63ff2d006d5ec0908d
constant,128,cg,monitored,4,6,200924,4.00003045797348e-07,0.030712900042999536,0.030713300046045333,235,0,9.50409016582839e-09,True,088e7f40b2644cbdf8cb83f24a9d3bdc0757add1ef99d0b71ecd1443f5a4a39e
checkerboard_c100,256,amg-pcg,monitored,4,7,200924,0.08437359996605664,0.10461209999630228,0.18898569996235892,17,0,3.6685918857889993e-09,True,140b3a25479b097e76613d08af439fa2dd1392a9ea6b0a88485fbada38f13b9d
constant,64,cg,monitored,4,8,200924,2.00001522898674e-07,0.005897499970160425,0.005897699971683323,116,0,7.1195348044133394e-09,True,c0c186dd12b9986020bfdbabadf49bb40009aa5e74f132a8c9c9f99241bced47
inclusion_c100,128,cg,count-only,4,9,200924,3.00002284348011e-07,0.15153040003497154,0.15153070003725588,1957,0,9.159413513446195e-09,True,bca1848e521fc289b28a433008e24b94805651a12f1c4017f779d6e9558d0363
inclusion_c100,256,cg,count-only,4,10,200924,4.00003045797348e-07,1.350905100000091,1.3509055000031367,4368,0,9.47474092771194e-09,True,3e314424b8fefbedee22622d84da40659140318f3b7bd1392fad611a493531f6
constant,128,amg-pcg,count-only,4,11,200924,0.021550700010266155,0.014071699988562614,0.03562239999882877,9,0,9.995887587038513e-09,True,05c8fec009300eaf74012f0795c278d07cb99208cb42b47801be11dc7522bd5c
inclusion_c100,64,jacobi-pcg,monitored,4,12,200924,0.00011059996904805303,0.006766100006643683,0.006876699975691736,129,0,8.751716809779867e-09,True,e2ee5f3552415541a37097a0624fc987623e4bba081258008cd7f2ef7baad8e7
inclusion_c100,256,amg-pcg,monitored,4,13,200924,0.09248049999587238,0.07674579997546971,0.1692262999713421,12,0,4.446509909327973e-09,True,2d6c56e6f17bf42c079133f242c9bcd62bfe63b6e124a167e1cd1b4b460a0901
constant,256,amg-pcg,count-only,4,14,200924,0.09951359999831766,0.05741459998534992,0.15692819998366758,9,0,4.7381413707009405e-09,True,ac05e8afed2e3a5e703b454ea349e825ee12859a3167ae2dd642fd291f0a1e34
constant,256,jacobi-pcg,monitored,4,15,200924,0.0005183999892324209,0.2881167999585159,0.28863519994774833,466,0,9.709647334825638e-09,True,0655f7f76977876468685585c09390380dc41c1c1b734baf37c9d59b3be2140c
checkerboard_c100,128,jacobi-pcg,count-only,4,16,200924,0.0002623000182211399,0.033154800010379404,0.033417100028600544,350,0,9.663798804048138e-09,True,99fecc5386a0d58835fedc8683c03fdc1ad724c021ad1f233adb7a75f329cc3c
checkerboard_c100,256,jacobi-pcg,count-only,4,17,200924,0.000756499997805804,0.2533151999814436,0.2540716999792494,718,0,9.718794633448405e-09,True,a99ea91fc49f801a8ee88a81f30b4addfaa884ce806b45191e88c9bc5836a2c2
checkerboard_c100,128,jacobi-pcg,monitored,4,18,200924,0.00023609999334439635,0.049945899983868,0.0501819999772124,350,0,9.663798804048138e-09,True,99fecc5386a0d58835fedc8683c03fdc1ad724c021ad1f233adb7a75f329cc3c
checkerboard_c100,128,amg-pcg,monitored,4,19,200924,0.02338979998603463,0.027317299973219633,0.050707099959254265,17,0,2.2503562071567874e-09,True,06e78794931d3cf93c3e1af335bb37146bf05ba828fba7e4c04fd60a0a3eb854
constant,64,jacobi-pcg,count-only,4,20,200924,0.00011880003148689866,0.0036840999964624643,0.003802900027949363,116,0,7.1195407181813896e-09,True,4cefd67782ebd94901a29834d2df1799372919f6498b2b63ff2d006d5ec0908d
constant,256,amg-pcg,monitored,4,21,200924,0.08145519997924566,0.05972670001210645,0.1411818999913521,9,0,4.7381413707009405e-09,True,ac05e8afed2e3a5e703b454ea349e825ee12859a3167ae2dd642fd291f0a1e34
checkerboard_c100,64,jacobi-pcg,monitored,4,22,200924,0.00014209997607395053,0.009459600027184933,0.009601700003258884,171,0,8.56726025116485e-09,True,281028f86ce07d0af18d72207fbb32d28fb188bb2ee72474df1e863e6d5cfba8
inclusion_c100,128,cg,monitored,4,23,200924,3.00002284348011e-07,0.27743910002755,0.27743940002983436,1957,0,9.159413513446195e-09,True,bca1848e521fc289b28a433008e24b94805651a12f1c4017f779d6e9558d0363
constant,256,cg,count-only,4,24,200924,3.00002284348011e-07,0.15601209999294952,0.15601239999523386,466,0,9.709840683962918e-09,True,ec32a37a5ef3edb3e782a68e65d652eb4aea84614468e37faee4431f0ccef35d
checkerboard_c100,128,amg-pcg,count-only,4,25,200924,0.02339759998722002,0.026648900005966425,0.050046499993186444,17,0,2.2503562071567874e-09,True,06e78794931d3cf93c3e1af335bb37146bf05ba828fba7e4c04fd60a0a3eb854
constant,128,cg,count-only,4,26,200924,2.00001522898674e-07,0.018430299998726696,0.018430500000249594,235,0,9.50409016582839e-09,True,088e7f40b2644cbdf8cb83f24a9d3bdc0757add1ef99d0b71ecd1443f5a4a39e
constant,64,amg-pcg,count-only,4,27,200924,0.008737600001040846,0.004060300008859485,0.012797900009900331,8,0,3.348166899885619e-09,True,c0aab42d77cbe08f42fc1c42da565e4ca5b6df31462ce7b7688acb6de412fd15
checkerboard_c100,256,cg,monitored,4,28,200924,3.00002284348011e-07,1.278470799967181,1.2784710999694653,2268,0,9.539337493402757e-09,True,3b659ef6136dc9e2825d50c9a169b3c6cc8a7974190c33e87aa52033c8d1b75b
checkerboard_c100,256,jacobi-pcg,monitored,4,29,200924,0.0002655999851413071,0.4439502999885008,0.4442158999736421,718,0,9.718794633448405e-09,True,a99ea91fc49f801a8ee88a81f30b4addfaa884ce806b45191e88c9bc5836a2c2
constant,64,cg,count-only,4,30,200924,3.00002284348011e-07,0.005138999957125634,0.005139299959409982,116,0,7.1195348044133394e-09,True,c0c186dd12b9986020bfdbabadf49bb40009aa5e74f132a8c9c9f99241bced47
constant,64,amg-pcg,monitored,4,31,200924,0.010415299970190972,0.005071999970823526,0.015487299941014498,8,0,3.348166899885619e-09,True,c0aab42d77cbe08f42fc1c42da565e4ca5b6df31462ce7b7688acb6de412fd15
checkerboard_c100,64,cg,monitored,4,32,200924,3.00002284348011e-07,0.023982899961993098,0.023983199964277446,443,0,8.53720063550755e-09,True,fba70ae44f6c8c24b4b9ae68254028c5fbe06e1ed5e1ed59d41b13a368962fe4
inclusion_c100,64,amg-pcg,monitored,4,33,200924,0.010561299975961447,0.0068651000037789345,0.01742639997974038,10,0,2.1557785755435496e-09,True,c3dbaf4559ed17a79a16fe66ff6ebe76bf02111c0702b026c45345513f0a784a
checkerboard_c100,64,cg,count-only,4,34,200924,4.00003045797348e-07,0.01406780001707375,0.014068200020119548,443,0,8.53720063550755e-09,True,fba70ae44f6c8c24b4b9ae68254028c5fbe06e1ed5e1ed59d41b13a368962fe4
checkerboard_c100,256,amg-pcg,count-only,4,35,200924,0.10144419997232035,0.10453020001295954,0.2059743999852799,17,0,3.6685918857889993e-09,True,140b3a25479b097e76613d08af439fa2dd1392a9ea6b0a88485fbada38f13b9d
checkerboard_c100,64,jacobi-pcg,count-only,4,36,200924,0.00012799998512491584,0.005725399998482317,0.005853399983607233,171,0,8.56726025116485e-09,True,281028f86ce07d0af18d72207fbb32d28fb188bb2ee72474df1e863e6d5cfba8
inclusion_c100,128,jacobi-pcg,monitored,4,37,200924,0.00023369997506961226,0.03885620000073686,0.039089899975806475,264,0,8.907044783456688e-09,True,b929877f4855c7ceea3cc6eea70690097c5752b4dc99e52d78d1bae84d1837af
constant,128,jacobi-pcg,monitored,4,38,200924,0.00012989999959245324,0.03224269999191165,0.0323725999915041,235,0,9.504054098938157e-09,True,f4ec07c5bd1f4382a4a01680ded95a64c68eb941cdfcc20d9061420ea474b93b
inclusion_c100,256,cg,monitored,4,39,200924,3.00002284348011e-07,2.4130053999833763,2.4130056999856606,4368,0,9.47474092771194e-09,True,3e314424b8fefbedee22622d84da40659140318f3b7bd1392fad611a493531f6
inclusion_c100,64,amg-pcg,count-only,4,40,200924,0.008416099997702986,0.0056927999830804765,0.014108899980783463,10,0,2.1557785755435496e-09,True,c3dbaf4559ed17a79a16fe66ff6ebe76bf02111c0702b026c45345513f0a784a
constant,256,cg,monitored,4,41,200924,2.00001522898674e-07,0.28969710000092164,0.28969730000244454,466,0,9.709840683962918e-09,True,ec32a37a5ef3edb3e782a68e65d652eb4aea84614468e37faee4431f0ccef35d
inclusion_c100,64,cg,monitored,4,42,200924,3.00002284348011e-07,0.03799689997686073,0.03799719997914508,796,0,6.111489849440583e-09,True,e1f6cc44710120e03a5a7206da00b7ff88e245dc109dab1c2998ea663f7ef3af
constant,128,amg-pcg,monitored,4,43,200924,0.026466400013305247,0.016743099957238883,0.04320949997054413,9,0,9.995887587038513e-09,True,05c8fec009300eaf74012f0795c278d07cb99208cb42b47801be11dc7522bd5c
inclusion_c100,256,jacobi-pcg,count-only,4,44,200924,0.0006098000449128449,0.21534130000509322,0.21595110005000606,535,0,9.135833515243266e-09,True,90548a65052b15242b792b539d832a744f12f45b094f5506dfc824e3a27fb915
inclusion_c100,256,jacobi-pcg,monitored,4,45,200924,0.0006160999764688313,0.3115865999716334,0.31220269994810224,535,0,9.135833515243266e-09,True,90548a65052b15242b792b539d832a744f12f45b094f5506dfc824e3a27fb915
inclusion_c100,256,amg-pcg,count-only,4,46,200924,0.07303119997959584,0.07100910000735894,0.14404029998695478,12,0,4.446509909327973e-09,True,2d6c56e6f17bf42c079133f242c9bcd62bfe63b6e124a167e1cd1b4b460a0901
inclusion_c100,128,amg-pcg,count-only,4,47,200924,0.025275600026361644,0.018029099970590323,0.04330469999695197,12,0,1.6463157154167286e-09,True,2f80d755b8d713e82f3d54769cc27ff46b59f99c8d088306824eece61a8d3fe1
inclusion_c100,64,jacobi-pcg,count-only,4,48,200924,0.0001134999911300838,0.003984200011473149,0.004097700002603233,129,0,8.751716809779867e-09,True,e2ee5f3552415541a37097a0624fc987623e4bba081258008cd7f2ef7baad8e7
checkerboard_c100,64,amg-pcg,monitored,4,49,200924,0.008108299982268363,0.006521500006783754,0.014629799989052117,13,0,6.720252493554247e-09,True,2ea8c6a9bc61310ada83e433198f9c90f0a42c1c66556e84b48a7e7f46011e82
inclusion_c100,128,amg-pcg,monitored,4,50,200924,0.02292200003284961,0.021400699974037707,0.04432270000688732,12,0,1.6463157154167286e-09,True,2f80d755b8d713e82f3d54769cc27ff46b59f99c8d088306824eece61a8d3fe1
constant,256,jacobi-pcg,count-only,4,51,200924,0.0005435000057332218,0.15855609998106956,0.1590995999868028,466,0,9.709647334825638e-09,True,0655f7f76977876468685585c09390380dc41c1c1b734baf37c9d59b3be2140c
checkerboard_c100,256,cg,count-only,4,52,200924,2.00001522898674e-07,0.7189891000161879,0.7189893000177108,2268,0,9.539337493402757e-09,True,3b659ef6136dc9e2825d50c9a169b3c6cc8a7974190c33e87aa52033c8d1b75b
inclusion_c100,128,jacobi-pcg,count-only,4,53,200924,0.0002533000078983605,0.022085100004915148,0.02233840001281351,264,0,8.907044783456688e-09,True,b929877f4855c7ceea3cc6eea70690097c5752b4dc99e52d78d1bae84d1837af
constant,128,jacobi-pcg,monitored,5,0,200925,0.0001537000061944127,0.035648199962452054,0.03580189996864647,235,0,9.504054098938157e-09,True,f4ec07c5bd1f4382a4a01680ded95a64c68eb941cdfcc20d9061420ea474b93b
checkerboard_c100,64,amg-pcg,monitored,5,1,200925,0.007671099971048534,0.006445300008635968,0.014116399979684502,13,0,6.714293042578294e-09,True,bab97e692af3daa3495ba1246e76157fbd9c1ae70eb84c8631df293cb77314ce
checkerboard_c100,64,cg,monitored,5,2,200925,2.00001522898674e-07,0.021018400031607598,0.021018600033130497,443,0,8.53720063550755e-09,True,fba70ae44f6c8c24b4b9ae68254028c5fbe06e1ed5e1ed59d41b13a368962fe4
checkerboard_c100,256,cg,monitored,5,3,200925,5.00003807246685e-07,1.3049531999859028,1.30495369998971,2268,0,9.539337493402757e-09,True,3b659ef6136dc9e2825d50c9a169b3c6cc8a7974190c33e87aa52033c8d1b75b
constant,128,cg,monitored,5,4,200925,3.00002284348011e-07,0.031224399979691952,0.0312246999819763,235,0,9.50409016582839e-09,True,088e7f40b2644cbdf8cb83f24a9d3bdc0757add1ef99d0b71ecd1443f5a4a39e
constant,64,amg-pcg,count-only,5,5,200925,0.0072663999744690955,0.004108199966140091,0.011374599940609187,8,0,3.299475037531212e-09,True,f565a396535b429c36c446cf0ece94bdc01141e21a3c5f0048c50c883a2b0246
constant,256,cg,monitored,5,6,200925,2.00001522898674e-07,0.2810435999999754,0.2810438000014983,466,0,9.709840683962918e-09,True,ec32a37a5ef3edb3e782a68e65d652eb4aea84614468e37faee4431f0ccef35d
checkerboard_c100,64,jacobi-pcg,count-only,5,7,200925,9.899999713525176e-05,0.005359600007068366,0.005458600004203618,171,0,8.56726025116485e-09,True,281028f86ce07d0af18d72207fbb32d28fb188bb2ee72474df1e863e6d5cfba8
inclusion_c100,64,cg,count-only,5,8,200925,4.00003045797348e-07,0.02262110001174733,0.022621500014793128,796,0,6.111489849440583e-09,True,e1f6cc44710120e03a5a7206da00b7ff88e245dc109dab1c2998ea663f7ef3af
checkerboard_c100,128,cg,count-only,5,9,200925,4.00003045797348e-07,0.08530100004281849,0.08530140004586428,1050,0,9.782864464391687e-09,True,84c561769da9f6b3fdaab130911b114e0dd94d482c92774463dd3cb7d50f8696
inclusion_c100,64,amg-pcg,count-only,5,10,200925,0.00747469998896122,0.00519890000578016,0.01267359999474138,10,0,2.145218067159977e-09,True,10f2b280b274f2929f93a4111b2ad89264182924e8137d7f03008f24a830074a
inclusion_c100,256,amg-pcg,count-only,5,11,200925,0.0765489999903366,0.07379629998467863,0.15034529997501522,12,0,4.361194564496849e-09,True,764e1b5a6ab907262a1352a87839630c054868e927056e9534ecb36ddbe99ce9
constant,64,amg-pcg,monitored,5,12,200925,0.008522299991454929,0.004308000032324344,0.012830300023779273,8,0,3.299475037531212e-09,True,f565a396535b429c36c446cf0ece94bdc01141e21a3c5f0048c50c883a2b0246
checkerboard_c100,128,amg-pcg,count-only,5,13,200925,0.02157809998607263,0.026133199979085475,0.047711299965158105,17,0,2.2680266681022793e-09,True,4525a97ce7cdf01f150cc6a7fd17ebf0798fe56b8bedbdefaf3f5bd0c56fbc24
checkerboard_c100,256,cg,count-only,5,14,200925,2.00001522898674e-07,0.727813099976629,0.7278132999781519,2268,0,9.539337493402757e-09,True,3b659ef6136dc9e2825d50c9a169b3c6cc8a7974190c33e87aa52033c8d1b75b
inclusion_c100,128,amg-pcg,count-only,5,15,200925,0.021497600013390183,0.018270200002007186,0.03976780001539737,12,0,1.6507247435964457e-09,True,0290d2f22420190560814b84789034b42f98c7ab0b3a99374e7caa6407883669
checkerboard_c100,128,jacobi-pcg,monitored,5,16,200925,0.00019649998284876347,0.05327249999390915,0.053468999976757914,350,0,9.663798804048138e-09,True,99fecc5386a0d58835fedc8683c03fdc1ad724c021ad1f233adb7a75f329cc3c
checkerboard_c100,64,amg-pcg,count-only,5,17,200925,0.007732699974440038,0.006360700004734099,0.014093399979174137,13,0,6.714293042578294e-09,True,bab97e692af3daa3495ba1246e76157fbd9c1ae70eb84c8631df293cb77314ce
inclusion_c100,256,jacobi-pcg,monitored,5,18,200925,0.0005019999807700515,0.4188025000039488,0.41930449998471886,535,0,9.135833515243266e-09,True,90548a65052b15242b792b539d832a744f12f45b094f5506dfc824e3a27fb915
inclusion_c100,128,jacobi-pcg,count-only,5,19,200925,0.0003937000292353332,0.02675630000885576,0.027150000038091093,264,0,8.907044783456688e-09,True,b929877f4855c7ceea3cc6eea70690097c5752b4dc99e52d78d1bae84d1837af
checkerboard_c100,128,amg-pcg,monitored,5,20,200925,0.0236867000348866,0.03144389996305108,0.05513059999793768,17,0,2.2680266681022793e-09,True,4525a97ce7cdf01f150cc6a7fd17ebf0798fe56b8bedbdefaf3f5bd0c56fbc24
inclusion_c100,128,cg,monitored,5,21,200925,3.00002284348011e-07,0.27777489996515214,0.2777751999674365,1957,0,9.159413513446195e-09,True,bca1848e521fc289b28a433008e24b94805651a12f1c4017f779d6e9558d0363
constant,256,amg-pcg,count-only,5,22,200925,0.09491530002560467,0.05724130000453442,0.1521566000301391,9,0,4.762274716566909e-09,True,5caacc877070568392abd899909a36202b8efc109b591ebd48b652e88341a929
inclusion_c100,256,cg,monitored,5,23,200925,3.00002284348011e-07,2.505315599963069,2.5053158999653533,4368,0,9.47474092771194e-09,True,3e314424b8fefbedee22622d84da40659140318f3b7bd1392fad611a493531f6
checkerboard_c100,128,cg,monitored,5,24,200925,3.00002284348011e-07,0.15152020001551136,0.1515205000177957,1050,0,9.782864464391687e-09,True,84c561769da9f6b3fdaab130911b114e0dd94d482c92774463dd3cb7d50f8696
checkerboard_c100,64,jacobi-pcg,monitored,5,25,200925,0.00011530000483617187,0.008571699960157275,0.008686999964993447,171,0,8.56726025116485e-09,True,281028f86ce07d0af18d72207fbb32d28fb188bb2ee72474df1e863e6d5cfba8
checkerboard_c100,256,amg-pcg,monitored,5,26,200925,0.08951779996277764,0.1063655000180006,0.19588329998077825,17,0,3.6674871657672462e-09,True,a042cd3daa7cd6ad94e3fe0633a247dc7ac0c16930258e3746346b0b324a67a4
inclusion_c100,64,jacobi-pcg,count-only,5,27,200925,0.00011690001701936126,0.004073899996001273,0.004190800013020635,129,0,8.751716809779867e-09,True,e2ee5f3552415541a37097a0624fc987623e4bba081258008cd7f2ef7baad8e7
constant,256,jacobi-pcg,monitored,5,28,200925,0.0004822000046260655,0.2920492999837734,0.29253149998839945,466,0,9.709647334825638e-09,True,0655f7f76977876468685585c09390380dc41c1c1b734baf37c9d59b3be2140c
inclusion_c100,256,amg-pcg,monitored,5,29,200925,0.09139180002966896,0.07596699998248369,0.16735880001215264,12,0,4.361194564496849e-09,True,764e1b5a6ab907262a1352a87839630c054868e927056e9534ecb36ddbe99ce9
checkerboard_c100,256,amg-pcg,count-only,5,30,200925,0.08771669998532161,0.10401740000816062,0.19173409999348223,17,0,3.6674871657672462e-09,True,a042cd3daa7cd6ad94e3fe0633a247dc7ac0c16930258e3746346b0b324a67a4
inclusion_c100,256,jacobi-pcg,count-only,5,31,200925,0.000756499997805804,0.1896855999948457,0.1904420999926515,535,0,9.135833515243266e-09,True,90548a65052b15242b792b539d832a744f12f45b094f5506dfc824e3a27fb915
constant,128,amg-pcg,monitored,5,32,200925,0.021648199995979667,0.015950599976349622,0.03759879997232929,10,0,9.211287564459724e-10,True,e81ede1547528b77be5e525518c4b85283650dbed4e9a5eaed298d5da0e6cd7f
constant,128,amg-pcg,count-only,5,33,200925,0.021824800001922995,0.015280599996913224,0.03710539999883622,10,0,9.211287564459724e-10,True,e81ede1547528b77be5e525518c4b85283650dbed4e9a5eaed298d5da0e6cd7f
constant,64,cg,monitored,5,34,200925,3.00002284348011e-07,0.005635100009385496,0.005635400011669844,116,0,7.1195348044133394e-09,True,c0c186dd12b9986020bfdbabadf49bb40009aa5e74f132a8c9c9f99241bced47
constant,64,jacobi-pcg,count-only,5,35,200925,6.629998097196221e-05,0.0036155999987386167,0.003681899979710579,116,0,7.1195407181813896e-09,True,4cefd67782ebd94901a29834d2df1799372919f6498b2b63ff2d006d5ec0908d
inclusion_c100,128,amg-pcg,monitored,5,36,200925,0.023744599951896816,0.01932630001101643,0.043070899962913245,12,0,1.6507247435964457e-09,True,0290d2f22420190560814b84789034b42f98c7ab0b3a99374e7caa6407883669
inclusion_c100,64,cg,monitored,5,37,200925,3.00002284348011e-07,0.039935900014825165,0.03993620001710951,796,0,6.111489849440583e-09,True,e1f6cc44710120e03a5a7206da00b7ff88e245dc109dab1c2998ea663f7ef3af
inclusion_c100,64,jacobi-pcg,monitored,5,38,200925,8.03999719209969e-05,0.006586400035303086,0.006666800007224083,129,0,8.751716809779867e-09,True,e2ee5f3552415541a37097a0624fc987623e4bba081258008cd7f2ef7baad8e7
inclusion_c100,64,amg-pcg,monitored,5,39,200925,0.00831040000775829,0.005162100016605109,0.013472500024363399,10,0,2.145218067159977e-09,True,10f2b280b274f2929f93a4111b2ad89264182924e8137d7f03008f24a830074a
inclusion_c100,128,jacobi-pcg,monitored,5,40,200925,0.0001126999850384891,0.042309599986765534,0.04242229997180402,264,0,8.907044783456688e-09,True,b929877f4855c7ceea3cc6eea70690097c5752b4dc99e52d78d1bae84d1837af
constant,256,jacobi-pcg,count-only,5,41,200925,0.0006051000091247261,0.20273099996848032,0.20333609997760504,466,0,9.709647334825638e-09,True,0655f7f76977876468685585c09390380dc41c1c1b734baf37c9d59b3be2140c
checkerboard_c100,128,jacobi-pcg,count-only,5,42,200925,0.0001710999640636146,0.034692600020207465,0.03486369998427108,350,0,9.663798804048138e-09,True,99fecc5386a0d58835fedc8683c03fdc1ad724c021ad1f233adb7a75f329cc3c
inclusion_c100,128,cg,count-only,5,43,200925,2.9994407668709755e-07,0.16897870000684634,0.16897899995092303,1957,0,9.159413513446195e-09,True,bca1848e521fc289b28a433008e24b94805651a12f1c4017f779d6e9558d0363
constant,128,cg,count-only,5,44,200925,4.00003045797348e-07,0.01941330003319308,0.01941370003623888,235,0,9.50409016582839e-09,True,088e7f40b2644cbdf8cb83f24a9d3bdc0757add1ef99d0b71ecd1443f5a4a39e
constant,64,jacobi-pcg,monitored,5,45,200925,9.059999138116837e-05,0.0057975000236183405,0.005888100014999509,116,0,7.1195407181813896e-09,True,4cefd67782ebd94901a29834d2df1799372919f6498b2b63ff2d006d5ec0908d
constant,128,jacobi-pcg,count-only,5,46,200925,0.00013260002015158534,0.020908000005874783,0.021040600026026368,235,0,9.504054098938157e-09,True,f4ec07c5bd1f4382a4a01680ded95a64c68eb941cdfcc20d9061420ea474b93b
inclusion_c100,256,cg,count-only,5,47,200925,4.00003045797348e-07,1.7963405000045896,1.7963409000076354,4368,0,9.47474092771194e-09,True,3e314424b8fefbedee22622d84da40659140318f3b7bd1392fad611a493531f6
checkerboard_c100,64,cg,count-only,5,48,200925,4.00003045797348e-07,0.013628099986817688,0.013628499989863485,443,0,8.53720063550755e-09,True,fba70ae44f6c8c24b4b9ae68254028c5fbe06e1ed5e1ed59d41b13a368962fe4
checkerboard_c100,256,jacobi-pcg,monitored,5,49,200925,0.0003774000215344131,0.5277532999753021,0.5281306999968365,718,0,9.718794633448405e-09,True,a99ea91fc49f801a8ee88a81f30b4addfaa884ce806b45191e88c9bc5836a2c2
constant,256,cg,count-only,5,50,200925,6.00004568696022e-07,0.1590474999975413,0.15904810000211,466,0,9.709840683962918e-09,True,ec32a37a5ef3edb3e782a68e65d652eb4aea84614468e37faee4431f0ccef35d
checkerboard_c100,256,jacobi-pcg,count-only,5,51,200925,0.0003659999929368496,0.3412141000153497,0.34158010000828654,718,0,9.718794633448405e-09,True,a99ea91fc49f801a8ee88a81f30b4addfaa884ce806b45191e88c9bc5836a2c2
constant,256,amg-pcg,monitored,5,52,200925,0.11327349999919534,0.0769521000329405,0.19022560003213584,9,0,4.762274716566909e-09,True,5caacc877070568392abd899909a36202b8efc109b591ebd48b652e88341a929
constant,64,cg,count-only,5,53,200925,3.00002284348011e-07,0.005336899950634688,0.005337199952919036,116,0,7.1195348044133394e-09,True,c0c186dd12b9986020bfdbabadf49bb40009aa5e74f132a8c9c9f99241bced47
inclusion_c100,128,cg,monitored,6,0,200926,6.00004568696022e-07,0.44497579999733716,0.44497640000190586,1957,0,9.159413513446195e-09,True,bca1848e521fc289b28a433008e24b94805651a12f1c4017f779d6e9558d0363
inclusion_c100,128,jacobi-pcg,monitored,6,1,200926,0.00024590000975877047,0.06590750004397705,0.06615340005373582,264,0,8.907044783456688e-09,True,b929877f4855c7ceea3cc6eea70690097c5752b4dc99e52d78d1bae84d1837af
checkerboard_c100,128,jacobi-pcg,monitored,6,2,200926,0.00015540001913905144,0.08291950001148507,0.08307490003062412,350,0,9.663798804048138e-09,True,99fecc5386a0d58835fedc8683c03fdc1ad724c021ad1f233adb7a75f329cc3c
constant,64,cg,count-only,6,3,200926,4.00003045797348e-07,0.00603460002457723,0.0060350000276230276,116,0,7.1195348044133394e-09,True,c0c186dd12b9986020bfdbabadf49bb40009aa5e74f132a8c9c9f99241bced47
checkerboard_c100,256,cg,count-only,6,4,200926,4.00003045797348e-07,2.69554500002414,2.6955454000271857,2268,0,9.539337493402757e-09,True,3b659ef6136dc9e2825d50c9a169b3c6cc8a7974190c33e87aa52033c8d1b75b
constant,128,cg,count-only,6,5,200926,6.999471224844456e-07,0.07895160000771284,0.07895229995483533,235,0,9.50409016582839e-09,True,088e7f40b2644cbdf8cb83f24a9d3bdc0757add1ef99d0b71ecd1443f5a4a39e
constant,256,cg,monitored,6,6,200926,8.00006091594696e-07,0.8565917999949306,0.8565926000010222,466,0,9.709840683962918e-09,True,ec32a37a5ef3edb3e782a68e65d652eb4aea84614468e37faee4431f0ccef35d
constant,256,amg-pcg,count-only,6,7,200926,0.2549190999707207,0.17714189999969676,0.43206099997041747,9,0,4.766740687134079e-09,True,112d28d61997940e8fde5b0d6967dce86810cebcfdcd90077ff5303e7c7437a9
inclusion_c100,64,amg-pcg,count-only,6,8,200926,0.027967700036242604,0.027060599997639656,0.05502830003388226,10,0,2.160467134479591e-09,True,e9650599a375a9f30c4d6f103d7fda047b5f8d90ef8cae63d0b7585a28b4bd4f
checkerboard_c100,256,amg-pcg,count-only,6,9,200926,0.24416519998339936,0.2787413999903947,0.5229065999737941,17,0,3.6699086492399478e-09,True,e9354b5b17fea69ae63de7308c1b6f6d53b375c1e115f3ea5d0c9216b9f6e887
constant,256,cg,count-only,6,10,200926,6.00004568696022e-07,0.4512974999961443,0.451298100000713,466,0,9.709840683962918e-09,True,ec32a37a5ef3edb3e782a68e65d652eb4aea84614468e37faee4431f0ccef35d
inclusion_c100,64,cg,count-only,6,11,200926,8.00006091594696e-07,0.09544129995629191,0.09544209996238351,796,0,6.111489849440583e-09,True,e1f6cc44710120e03a5a7206da00b7ff88e245dc109dab1c2998ea663f7ef3af
checkerboard_c100,64,jacobi-pcg,count-only,6,12,200926,0.0004026999813504517,0.02039119997061789,0.020793899951968342,171,0,8.56726025116485e-09,True,281028f86ce07d0af18d72207fbb32d28fb188bb2ee72474df1e863e6d5cfba8
constant,128,amg-pcg,count-only,6,13,200926,0.07039680000161752,0.054160800005774945,0.12455760000739247,10,0,9.206110560161594e-10,True,3e737eaa18c4c69c1d5d206255bce55583147f3a6a3359f13be79f9a2b189ea4
inclusion_c100,64,jacobi-pcg,monitored,6,14,200926,0.0003591999993659556,0.023010400007478893,0.02336960000684485,129,0,8.751716809779867e-09,True,e2ee5f3552415541a37097a0624fc987623e4bba081258008cd7f2ef7baad8e7
checkerboard_c100,128,cg,count-only,6,15,200926,7.00005330145359e-07,0.3130251999828033,0.31302589998813346,1050,0,9.782864464391687e-09,True,84c561769da9f6b3fdaab130911b114e0dd94d482c92774463dd3cb7d50f8696
constant,128,cg,monitored,6,16,200926,7.00005330145359e-07,0.11069629999110475,0.1106969999964349,235,0,9.50409016582839e-09,True,088e7f40b2644cbdf8cb83f24a9d3bdc0757add1ef99d0b71ecd1443f5a4a39e
constant,64,amg-pcg,monitored,6,17,200926,0.028382700053043664,0.015299500024411827,0.04368220007745549,8,0,3.313997454078353e-09,True,ae2684379b8913f514f3c36bdbfc13a5375280ead730379021d9ee8e02bcae96
checkerboard_c100,256,jacobi-pcg,count-only,6,18,200926,0.0010788000072352588,1.1575993000296876,1.1586781000369228,718,0,9.718794633448405e-09,True,a99ea91fc49f801a8ee88a81f30b4addfaa884ce806b45191e88c9bc5836a2c2
checkerboard_c100,64,cg,count-only,6,19,200926,1.3999524526298046e-06,0.09275349997915328,0.0927548999316059,443,0,8.53720063550755e-09,True,fba70ae44f6c8c24b4b9ae68254028c5fbe06e1ed5e1ed59d41b13a368962fe4
inclusion_c100,256,jacobi-pcg,monitored,6,20,200926,0.0008763999794609845,1.8249668999924324,1.8258432999718934,535,0,9.135833515243266e-09,True,90548a65052b15242b792b539d832a744f12f45b094f5506dfc824e3a27fb915
checkerboard_c100,64,jacobi-pcg,monitored,6,21,200926,0.0003695000195875764,0.06041340000228956,0.06078290002187714,171,0,8.56726025116485e-09,True,281028f86ce07d0af18d72207fbb32d28fb188bb2ee72474df1e863e6d5cfba8
checkerboard_c100,256,amg-pcg,monitored,6,22,200926,0.3471441000001505,0.3912885999889113,0.7384326999890618,17,0,3.6699086492399478e-09,True,e9354b5b17fea69ae63de7308c1b6f6d53b375c1e115f3ea5d0c9216b9f6e887
checkerboard_c100,256,cg,monitored,6,23,200926,8.00006091594696e-07,4.414264799968805,4.414265599974897,2268,0,9.539337493402757e-09,True,3b659ef6136dc9e2825d50c9a169b3c6cc8a7974190c33e87aa52033c8d1b75b
checkerboard_c100,128,amg-pcg,monitored,6,24,200926,0.06831689999671653,0.14239789999555796,0.2107147999922745,17,0,2.2734565779232127e-09,True,3ef707d417957275c01d96cc12a8c912a50fa935c12843568ff8aaef9fb31fae
constant,256,jacobi-pcg,count-only,6,25,200926,0.0016753000090830028,0.5155441000242718,0.5172194000333548,466,0,9.709647334825638e-09,True,0655f7f76977876468685585c09390380dc41c1c1b734baf37c9d59b3be2140c
checkerboard_c100,64,cg,monitored,6,26,200926,1.1999509297311306e-06,0.07203059998573735,0.07203179993666708,443,0,8.53720063550755e-09,True,fba70ae44f6c8c24b4b9ae68254028c5fbe06e1ed5e1ed59d41b13a368962fe4
constant,128,jacobi-pcg,monitored,6,27,200926,0.00048210000386461616,0.14137239998672158,0.1418544999905862,235,0,9.504054098938157e-09,True,f4ec07c5bd1f4382a4a01680ded95a64c68eb941cdfcc20d9061420ea474b93b
inclusion_c100,256,amg-pcg,monitored,6,28,200926,0.25631510000675917,0.28575460001593456,0.5420697000226937,12,0,4.4467469073935045e-09,True,a1ff7fa9b300c2d7a2f8d98f86a18f2068face5e2ff96f0c5b03c47dc6d1b314
constant,64,jacobi-pcg,monitored,6,29,200926,0.0002720999764278531,0.029216399998404086,0.02948849997483194,116,0,7.1195407181813896e-09,True,4cefd67782ebd94901a29834d2df1799372919f6498b2b63ff2d006d5ec0908d
inclusion_c100,256,jacobi-pcg,count-only,6,30,200926,0.001367799995932728,0.6070080999634229,0.6083758999593556,535,0,9.135833515243266e-09,True,90548a65052b15242b792b539d832a744f12f45b094f5506dfc824e3a27fb915
checkerboard_c100,128,jacobi-pcg,count-only,6,31,200926,0.0005022000405006111,0.10720690002199262,0.10770910006249323,350,0,9.663798804048138e-09,True,99fecc5386a0d58835fedc8683c03fdc1ad724c021ad1f233adb7a75f329cc3c
checkerboard_c100,64,amg-pcg,count-only,6,32,200926,0.027505300007760525,0.02092779998201877,0.048433099989779294,13,0,6.71803140078831e-09,True,d308c303f0bb23be6d75724d95f9158b695a5f0fc05f26075b1f02c073b2731c
inclusion_c100,128,cg,count-only,6,33,200926,6.00004568696022e-07,0.534525599970948,0.5345261999755166,1957,0,9.159413513446195e-09,True,bca1848e521fc289b28a433008e24b94805651a12f1c4017f779d6e9558d0363
inclusion_c100,64,jacobi-pcg,count-only,6,34,200926,0.00017010001465678215,0.014006500015966594,0.014176600030623376,129,0,8.751716809779867e-09,True,e2ee5f3552415541a37097a0624fc987623e4bba081258008cd7f2ef7baad8e7
inclusion_c100,256,cg,monitored,6,35,200926,8.00006091594696e-07,12.261478699976578,12.26147949998267,4368,0,9.47474092771194e-09,True,3e314424b8fefbedee22622d84da40659140318f3b7bd1392fad611a493531f6
inclusion_c100,128,jacobi-pcg,count-only,6,36,200926,0.0003233000170439482,0.1143642999813892,0.11468759999843314,264,0,8.907044783456688e-09,True,b929877f4855c7ceea3cc6eea70690097c5752b4dc99e52d78d1bae84d1837af
constant,64,cg,monitored,6,37,200926,9.00006853044033e-07,0.02019260002998635,0.020193500036839396,116,0,7.1195348044133394e-09,True,c0c186dd12b9986020bfdbabadf49bb40009aa5e74f132a8c9c9f99241bced47
checkerboard_c100,64,amg-pcg,monitored,6,38,200926,0.028435999993234873,0.026143499999307096,0.05457949999254197,13,0,6.71803140078831e-09,True,d308c303f0bb23be6d75724d95f9158b695a5f0fc05f26075b1f02c073b2731c
checkerboard_c100,128,cg,monitored,6,39,200926,7.00005330145359e-07,0.6203182999743149,0.620318999979645,1050,0,9.782864464391687e-09,True,84c561769da9f6b3fdaab130911b114e0dd94d482c92774463dd3cb7d50f8696
constant,64,jacobi-pcg,count-only,6,40,200926,0.0001724000321701169,0.013060999976005405,0.013233400008175522,116,0,7.1195407181813896e-09,True,4cefd67782ebd94901a29834d2df1799372919f6498b2b63ff2d006d5ec0908d
inclusion_c100,128,amg-pcg,monitored,6,41,200926,0.06684879999374971,0.07661339995684102,0.14346219995059073,12,0,1.6516093419194259e-09,True,9d9eeda5bb87d68d377f8e241e3fd69115a408e0aed55be4cfcd2113513df61c
constant,64,amg-pcg,count-only,6,42,200926,0.04165669996291399,0.024007499974686652,0.06566419993760064,8,0,3.313997454078353e-09,True,ae2684379b8913f514f3c36bdbfc13a5375280ead730379021d9ee8e02bcae96
checkerboard_c100,128,amg-pcg,count-only,6,43,200926,0.09251480002421886,0.1240610999520868,0.21657589997630566,17,0,2.2734565779232127e-09,True,3ef707d417957275c01d96cc12a8c912a50fa935c12843568ff8aaef9fb31fae
constant,256,jacobi-pcg,monitored,6,44,200926,0.0015463000163435936,1.0817119000130333,1.083258200029377,466,0,9.709647334825638e-09,True,0655f7f76977876468685585c09390380dc41c1c1b734baf37c9d59b3be2140c
inclusion_c100,64,cg,monitored,6,45,200926,1.00000761449337e-06,0.14059520000591874,0.14059620001353323,796,0,6.111489849440583e-09,True,e1f6cc44710120e03a5a7206da00b7ff88e245dc109dab1c2998ea663f7ef3af
constant,128,amg-pcg,monitored,6,46,200926,0.07553370000096038,0.05496300000231713,0.1304967000032775,10,0,9.206110560161594e-10,True,3e737eaa18c4c69c1d5d206255bce55583147f3a6a3359f13be79f9a2b189ea4
inclusion_c100,256,amg-pcg,count-only,6,47,200926,0.2596076999907382,0.24294720002217218,0.5025549000129104,12,0,4.4467469073935045e-09,True,a1ff7fa9b300c2d7a2f8d98f86a18f2068face5e2ff96f0c5b03c47dc6d1b314
checkerboard_c100,256,jacobi-pcg,monitored,6,48,200926,0.0014693999546580017,1.7834961999906227,1.7849655999452807,718,0,9.718794633448405e-09,True,a99ea91fc49f801a8ee88a81f30b4addfaa884ce806b45191e88c9bc5836a2c2
constant,256,amg-pcg,monitored,6,49,200926,0.42533019999973476,0.22734839998884127,0.652678599988576,9,0,4.766740687134079e-09,True,112d28d61997940e8fde5b0d6967dce86810cebcfdcd90077ff5303e7c7437a9
inclusion_c100,128,amg-pcg,count-only,6,50,200926,0.07954760000575334,0.1416293000220321,0.22117690002778545,12,0,1.6516093419194259e-09,True,9d9eeda5bb87d68d377f8e241e3fd69115a408e0aed55be4cfcd2113513df61c
inclusion_c100,64,amg-pcg,monitored,6,51,200926,0.036137100018095225,0.027222500008065253,0.06335960002616048,10,0,2.160467134479591e-09,True,e9650599a375a9f30c4d6f103d7fda047b5f8d90ef8cae63d0b7585a28b4bd4f
inclusion_c100,256,cg,count-only,6,52,200926,8.999486453831196e-07,6.931431400007568,6.931432299956214,4368,0,9.47474092771194e-09,True,3e314424b8fefbedee22622d84da40659140318f3b7bd1392fad611a493531f6
constant,128,jacobi-pcg,count-only,6,53,200926,0.0006476000417023897,0.1751566000166349,0.1758042000583373,235,0,9.504054098938157e-09,True,f4ec07c5bd1f4382a4a01680ded95a64c68eb941cdfcc20d9061420ea474b93b
